-0.399309	-0.094327	-0.231812	-0.186542	-0.020447	-0.007889	0.610642	-0.065085	-0.128646	-0.652582	0.003410	0.032060	-0.000000	0.000000	0.000000	-0.000000	0.000000	0.000000	-0.000000	0.000000	0.000000	-0.000000	0.000000	0.000000
-0.366644	-0.074256	-0.207703	-0.276293	-0.025484	-0.000704	0.597907	-0.058390	-0.129063	-0.564119	0.009034	0.031845	3.266461	2.007149	2.410960	-8.975039	-0.503706	0.718496	-1.273559	0.669563	-0.041661	8.846239	0.562411	-0.021546
-0.333721	-0.054370	-0.184653	-0.370917	-0.030442	0.006269	0.584805	-0.051468	-0.129559	-0.479623	0.014541	0.031740	3.292320	1.988531	2.304942	-9.462382	-0.495763	0.697334	-1.310121	0.692166	-0.049622	8.449669	0.550704	-0.010492
-0.300945	-0.035171	-0.163545	-0.470084	-0.035201	0.012854	0.571474	-0.044406	-0.130046	-0.401920	0.019809	0.031768	3.277647	1.919887	2.110858	-9.916731	-0.475916	0.658535	-1.333103	0.706208	-0.048716	7.770203	0.526759	0.002791
-0.268384	-0.017322	-0.145055	-0.573307	-0.039684	0.018927	0.558387	-0.037507	-0.130701	-0.333521	0.024738	0.031946	3.256014	1.784931	1.848997	-10.322279	-0.448282	0.607235	-1.308724	0.689916	-0.065452	6.839997	0.492881	0.017847
-0.235780	-0.001615	-0.129707	-0.679949	-0.043849	0.024409	0.546274	-0.031240	-0.131892	-0.276461	0.029256	0.032292	3.260482	1.570716	1.534787	-10.664190	-0.416556	0.548247	-1.211294	0.626617	-0.119098	5.705946	0.451862	0.034553
-0.202596	0.011126	-0.117876	-0.789254	-0.047683	0.029263	0.535984	-0.026167	-0.134026	-0.232217	0.033319	0.032819	3.318315	1.274058	1.183121	-10.930557	-0.383395	0.485404	-1.028980	0.507374	-0.213482	4.424401	0.406266	0.052727
-0.168106	0.020148	-0.109768	-0.900375	-0.051188	0.033479	0.528351	-0.022867	-0.137397	-0.201652	0.036901	0.033538	3.449071	0.902270	0.810786	-11.112073	-0.350476	0.421585	-0.763281	0.329995	-0.337046	3.056507	0.358188	0.071965
-0.131457	0.024872	-0.105399	-1.012390	-0.054375	0.037067	0.524094	-0.021887	-0.142057	-0.185013	0.039994	0.034455	3.664915	0.472344	0.436865	-11.201562	-0.318682	0.358815	-0.425771	0.097944	-0.466020	1.663920	0.309285	0.091673
-0.091741	0.024969	-0.104579	-1.124322	-0.057258	0.040051	0.523746	-0.023688	-0.147749	-0.181962	0.042602	0.035565	3.971561	0.009670	0.081991	-11.193163	-0.288345	0.298429	-0.034761	-0.180060	-0.569157	0.305067	0.260780	0.110969
-0.048057	0.020430	-0.106908	-1.235132	-0.059853	0.042464	0.527603	-0.028577	-0.153898	-0.191629	0.044735	0.036850	4.368377	-0.453825	-0.232844	-11.080959	-0.259459	0.241299	0.385672	-0.488902	-0.614950	-0.966708	0.213340	0.128462
0.000417	0.011607	-0.111785	-1.343710	-0.062171	0.044344	0.535641	-0.036633	-0.159700	-0.212652	0.046405	0.038272	4.847392	-0.882374	-0.487690	-10.857841	-0.231837	0.187996	0.803806	-0.805559	-0.580218	-2.102234	0.167000	0.142242
0.054337	-0.000801	-0.118441	-1.448864	-0.064223	0.045733	0.547418	-0.047627	-0.164284	-0.243192	0.047619	0.039775	5.392033	-1.240789	-0.665676	-10.515424	-0.205207	0.138817	1.177704	-1.099440	-0.458377	-3.054081	0.121416	0.150281
0.114099	-0.015800	-0.125989	-1.549312	-0.066016	0.046670	0.561969	-0.060984	-0.166921	-0.280948	0.048383	0.041285	5.976212	-1.499889	-0.754744	-10.044763	-0.179250	0.093776	1.455076	-1.335718	-0.263669	-3.775584	0.076392	0.151025
0.179741	-0.032211	-0.133470	-1.643685	-0.067552	0.047197	0.577746	-0.075808	-0.167178	-0.323186	0.048707	0.042724	6.564215	-1.641026	-0.748126	-9.437294	-0.153633	0.052671	1.577768	-1.482352	-0.025760	-4.223822	0.032357	0.143934
0.250863	-0.048795	-0.139911	-1.730546	-0.068832	0.047349	0.592667	-0.091003	-0.164932	-0.366861	0.048613	0.044022	7.112221	-1.658420	-0.644114	-8.686120	-0.128025	0.015198	1.492017	-1.519502	0.224682	-4.367420	-0.009404	0.129795
0.326589	-0.064381	-0.144376	-1.808428	-0.069853	0.047159	0.604304	-0.105458	-0.160255	-0.408837	0.048145	0.045128	7.572577	-1.558631	-0.446480	-7.788168	-0.102077	-0.019021	1.163782	-1.445524	0.467631	-4.197681	-0.046780	0.110556
0.405602	-0.077954	-0.146030	-1.875894	-0.070607	0.046654	0.610238	-0.118196	-0.153343	-0.446209	0.047373	0.046014	7.901236	-1.357340	-0.165354	-6.746622	-0.075369	-0.050462	0.593354	-1.273795	0.691239	-3.737130	-0.077225	0.088619
0.486263	-0.088707	-0.144204	-1.931614	-0.071081	0.045858	0.608434	-0.128430	-0.144534	-0.476591	0.046387	0.046675	8.066176	-1.075310	0.182590	-5.572035	-0.047438	-0.079642	-0.180358	-1.023396	0.880926	-3.038222	-0.098530	0.066066
0.566784	-0.096065	-0.138459	-1.974429	-0.071261	0.044789	0.597537	-0.135564	-0.134377	-0.498313	0.045293	0.047118	8.052050	-0.735718	0.574473	-4.281499	-0.017959	-0.106914	-1.089693	-0.713409	1.015637	-2.172259	-0.109430	0.044309
0.645368	-0.099696	-0.128640	-2.003399	-0.071130	0.043465	0.576981	-0.139207	-0.123628	-0.510474	0.044197	0.047361	7.858393	-0.363120	0.981895	-2.896926	0.013098	-0.132335	-2.055688	-0.364262	1.074899	-1.216034	-0.109569	0.024276
0.720313	-0.099523	-0.114909	-2.017834	-0.070675	0.041908	0.546947	-0.139212	-0.113148	-0.512898	0.043206	0.047428	7.494544	0.017258	1.373087	-1.443534	0.045431	-0.155708	-3.003370	-0.000551	1.047980	-0.242393	-0.099159	0.006792
0.790072	-0.095715	-0.097738	-2.017320	-0.069891	0.040141	0.508249	-0.135720	-0.103757	-0.506061	0.042418	0.047356	6.975898	0.380848	1.717074	0.051427	0.078469	-0.176683	-3.869764	0.349239	0.939116	0.683716	-0.078795	-0.007248
0.853293	-0.088659	-0.077857	-2.001720	-0.068776	0.038193	0.462194	-0.129160	-0.096079	-0.491008	0.041923	0.047185	6.322061	0.705589	1.988159	1.559933	0.111469	-0.194827	-4.605540	0.655937	0.767818	1.505233	-0.049433	-0.017064
0.908845	-0.078920	-0.056173	-1.971176	-0.067340	0.036096	0.410449	-0.120218	-0.090435	-0.469284	0.041799	0.046963	5.555188	0.973900	2.168402	3.054392	0.143617	-0.209682	-5.174494	0.894260	0.564425	2.172432	-0.012427	-0.022198
0.955826	-0.067175	-0.033697	-1.926090	-0.065599	0.033888	0.354910	-0.109748	-0.086800	-0.442840	0.042104	0.046738	4.698165	1.174456	2.247615	4.508606	0.174096	-0.220836	-5.553910	1.046924	0.363512	2.644417	0.030471	-0.022544
0.993558	-0.054145	-0.011475	-1.867107	-0.063578	0.031608	0.297552	-0.098680	-0.084823	-0.413918	0.042875	0.046555	3.773212	1.303086	2.222181	5.898336	0.202124	-0.227971	-5.735819	1.106829	0.197679	2.892215	0.077146	-0.018247
1.021572	-0.040525	0.009467	-1.795094	-0.061308	0.029299	0.240280	-0.087910	-0.083907	-0.384905	0.044127	0.046460	2.801395	1.361965	2.094177	7.201290	0.226989	-0.230912	-5.727177	1.077030	0.091562	2.901268	0.125168	-0.009589
1.039606	-0.026949	0.028181	-1.711128	-0.058827	0.027003	0.184810	-0.078221	-0.083331	-0.358193	0.045846	0.046490	1.803339	1.357587	1.871433	8.396587	0.248096	-0.229643	-5.547025	0.968872	0.057646	2.671238	0.171945	0.003070
1.047609	-0.013958	0.043860	-1.616488	-0.056177	0.024760	0.132598	-0.070226	-0.082370	-0.336064	0.047996	0.046682	0.800331	1.299149	1.567869	9.464039	0.265021	-0.224298	-5.221175	0.799531	0.096134	2.212882	0.214961	0.019157
1.045755	-0.001977	0.055890	-1.512651	-0.053402	0.022609	0.084823	-0.064325	-0.080408	-0.320621	0.050515	0.047058	-0.185377	1.198010	1.202960	10.383665	0.277507	-0.215107	-4.777499	0.590106	0.196201	1.544293	0.251910	0.037602
1.034443	0.008696	0.063892	-1.401297	-0.050548	0.020585	0.042380	-0.060687	-0.077046	-0.313729	0.053322	0.047625	-1.131236	1.067314	0.800277	11.135386	0.285386	-0.202324	-4.244246	0.363751	0.336128	0.689198	0.280721	0.056736
1.014290	0.017904	0.067750	-1.284309	-0.047662	0.018724	0.005876	-0.059254	-0.072176	-0.316956	0.056320	0.048371	-2.015306	0.920789	0.385765	11.698791	0.288526	-0.186190	-3.650421	0.143291	0.486987	-0.322692	0.299794	0.074565
0.986125	0.025612	0.067609	-1.163777	-0.044794	0.017054	-0.024378	-0.059765	-0.065951	-0.331507	0.059406	0.049264	-2.816467	0.770864	-0.014110	12.053249	0.286859	-0.166951	-3.025465	-0.051092	0.622521	-1.455120	0.308537	0.089295
0.950989	0.031881	0.063868	-1.041990	-0.041990	0.015605	-0.048351	-0.061801	-0.058675	-0.358161	0.062483	0.050263	-3.513640	0.626853	-0.374081	12.178700	0.280428	-0.144914	-2.397240	-0.203584	0.727585	-2.665422	0.307785	0.099893
0.910141	0.036820	0.057154	-0.921418	-0.039296	0.014400	-0.066239	-0.064841	-0.050680	-0.397221	0.065481	0.051327	-4.084833	0.493955	-0.671418	12.057150	0.269379	-0.120510	-1.788836	-0.303998	0.799499	-3.906008	0.299764	0.106433
0.865070	0.040560	0.048280	-0.804670	-0.036757	0.013456	-0.078388	-0.068322	-0.042228	-0.448500	0.068357	0.052427	-4.507010	0.373921	-0.887352	11.674876	0.253910	-0.094342	-1.214864	-0.348051	0.845188	-5.127866	0.287618	0.110043
0.817494	0.043238	0.038188	-0.694415	-0.034414	0.012784	-0.085173	-0.071680	-0.033464	-0.511354	0.071104	0.053553	-4.757661	0.267872	-1.009262	11.025432	0.234247	-0.067224	-0.678463	-0.335853	0.876459	-6.285368	0.274665	0.112514
0.769306	0.045041	0.027854	-0.593282	-0.032307	0.012382	-0.086879	-0.074369	-0.024421	-0.584759	0.073741	0.054710	-4.818778	0.180305	-1.033370	10.113362	0.210708	-0.040207	-0.170660	-0.268878	0.904259	-7.340515	0.263665	0.115757
0.722482	0.046259	0.018187	-0.503704	-0.030469	0.012237	-0.083608	-0.075842	-0.015074	-0.667410	0.076304	0.055923	-4.682384	0.121751	-0.966736	8.957812	0.183816	-0.014538	0.327061	-0.147291	0.934676	-8.265167	0.256297	0.121278
0.678932	0.047332	0.009919	-0.427755	-0.028925	0.012322	-0.075233	-0.075542	-0.005397	-0.757820	0.078833	0.057220	-4.355044	0.107332	-0.826787	7.594817	0.154415	0.008553	0.837544	0.030013	0.967763	-9.040924	0.252916	0.129732
0.640341	0.048840	0.003544	-0.366983	-0.027688	0.012605	-0.061411	-0.072921	0.004583	-0.854393	0.081358	0.058627	-3.859046	0.150746	-0.637482	6.077245	0.123725	0.028269	1.382171	0.262037	0.998002	-9.657380	0.252539	0.140672
0.608044	0.051407	-0.000688	-0.322266	-0.026755	0.013051	-0.041645	-0.067511	0.014746	-0.955490	0.083890	0.060153	-3.229698	0.256718	-0.423219	4.471710	0.093257	0.044630	1.976645	0.541064	1.016272	-10.109691	0.253153	0.152625
0.582940	0.055573	-0.002726	-0.293740	-0.026109	0.013636	-0.015355	-0.059012	0.024878	-1.059451	0.086413	0.061789	-2.510417	0.416590	-0.203791	2.852628	0.064579	0.058464	2.628998	0.849870	1.013202	-10.396088	0.252324	0.163528
0.565458	0.061671	-0.002665	-0.280791	-0.025719	0.014344	0.018035	-0.047387	0.034699	-1.164610	0.088891	0.063501	-1.748223	0.609809	0.006100	1.294900	0.039054	0.070869	3.338983	1.162492	0.982074	-10.515834	0.247780	0.171255
0.555546	0.069766	-0.000729	-0.282115	-0.025542	0.015169	0.059014	-0.032910	0.043894	-1.269289	0.091268	0.065241	-0.991229	0.809508	0.193565	-0.132450	0.017665	0.082483	4.097904	1.447732	0.919568	-10.467985	0.237740	0.173999
0.552661	0.079645	0.002727	-0.295811	-0.025532	0.016100	0.107898	-0.016171	0.052141	-1.371799	0.093478	0.066946	-0.288494	0.987890	0.345641	-1.369593	0.001000	0.093077	4.888432	1.673826	0.824710	-10.250972	0.221038	0.170449
0.555743	0.090838	0.007244	-0.319468	-0.025639	0.017117	0.164740	0.001962	0.059117	-1.470427	0.095450	0.068544	0.308201	1.119338	0.451698	-2.365662	-0.010722	0.101721	5.684139	1.813355	0.697568	-9.862797	0.197146	0.159846
0.563171	0.102660	0.012324	-0.350238	-0.025816	0.018191	0.229232	0.020437	0.064502	-1.563444	0.097111	0.069964	0.742858	1.182166	0.507978	-3.077075	-0.017690	0.107333	6.449272	1.847512	0.538483	-9.301732	0.166142	0.141982
0.572755	0.114269	0.017507	-0.384924	-0.026022	0.019284	0.300634	0.038122	0.067980	-1.649120	0.098398	0.071136	0.958358	1.160952	0.518359	-3.468581	-0.020577	0.109342	7.140138	1.768507	0.347816	-8.567538	0.128659	0.117205
0.581820	0.124768	0.022399	-0.420121	-0.026228	0.020366	0.377721	0.053920	0.069245	-1.725752	0.099256	0.072000	0.906548	1.049849	0.489198	-3.519648	-0.020596	0.108192	7.708726	1.579796	0.126488	-7.663215	0.085801	0.086404
0.587439	0.133309	0.026662	-0.452459	-0.026422	0.021419	0.458799	0.066869	0.068019	-1.791723	0.099646	0.072509	0.561866	0.854144	0.426244	-3.233833	-0.019398	0.105275	8.107749	1.294879	-0.122623	-6.597053	0.038998	0.050897
0.586757	0.139189	0.030046	-0.478912	-0.026609	0.022440	0.541765	0.076221	0.064080	-1.845566	0.099544	0.072631	-0.068235	0.587976	0.338457	-2.645346	-0.018745	0.102131	8.296619	0.935192	-0.393902	-5.384377	-0.010215	0.012228
0.577353	0.141888	0.032458	-0.497091	-0.026810	0.023435	0.624256	0.081492	0.057280	-1.886048	0.098940	0.072351	-0.940389	0.269930	0.241149	-1.817823	-0.020059	0.099504	8.249174	0.527106	-0.680002	-4.048127	-0.060418	-0.028063
0.557553	0.141084	0.033980	-0.505442	-0.027051	0.024405	0.703874	0.082478	0.047551	-1.912225	0.097836	0.071665	-1.980013	-0.080457	0.152225	-0.835154	-0.024134	0.097029	7.961707	0.098574	-0.972837	-2.617735	-0.110388	-0.068556
0.526630	0.136648	0.034820	-0.503332	-0.027363	0.025343	0.778428	0.079243	0.034921	-1.923489	0.096246	0.070586	-3.092288	-0.443526	0.083969	0.211047	-0.031132	0.093729	7.455452	-0.323445	-1.263026	-1.126395	-0.159011	-0.107896
0.484849	0.128665	0.035171	-0.491005	-0.027770	0.026231	0.846126	0.072102	0.019525	-1.919565	0.094194	0.069139	-4.178047	-0.798389	0.035151	1.232714	-0.040783	0.088842	6.769758	-0.714121	-1.539602	0.392394	-0.205124	-0.144667
0.433351	0.117434	0.035054	-0.469477	-0.028297	0.027054	0.905628	0.061588	0.001610	-1.900488	0.091720	0.067366	-5.149822	-1.123012	-0.011722	2.152790	-0.052619	0.082333	5.950218	-1.051369	-1.791506	1.907700	-0.247436	-0.177350
0.373937	0.103461	0.034199	-0.440396	-0.028958	0.027803	0.956021	0.048414	-0.018484	-1.866562	0.088874	0.065321	-5.941441	-1.397365	-0.085478	2.908098	-0.066127	0.074814	5.039328	-1.317408	-2.009428	3.392554	-0.284556	-0.204445
0.308837	0.087386	0.032036	-0.405902	-0.029766	0.028474	0.996747	0.033407	-0.040348	-1.818324	0.085723	0.063075	-6.509934	-1.607450	-0.216338	3.449370	-0.080817	0.067184	4.072618	-1.500705	-2.186333	4.823884	-0.315132	-0.224661
0.240496	0.069919	0.027786	-0.368486	-0.030729	0.029078	1.027532	0.017444	-0.063515	-1.756509	0.082343	0.060703	-6.834085	-1.746748	-0.424973	3.741563	-0.096252	0.060392	3.078457	-1.596326	-2.316723	6.181493	-0.338029	-0.237132
0.171368	0.051775	0.020653	-0.330831	-0.031849	0.029633	1.048323	0.001400	-0.087471	-1.682044	0.078818	0.058288	-6.912843	-1.814405	-0.713292	3.765535	-0.112074	0.055449	2.079128	-1.604399	-2.395620	7.446514	-0.352486	-0.241579
0.103744	0.033654	0.010058	-0.295646	-0.033129	0.030167	1.059249	-0.013886	-0.111650	-1.596045	0.075236	0.055904	-6.762408	-1.812121	-1.059509	3.518551	-0.127970	0.053436	1.092577	-1.528563	-2.417894	8.599836	-0.358193	-0.238357
0.039639	0.016237	-0.004127	-0.265530	-0.034565	0.030720	1.060598	-0.027642	-0.135432	-1.499836	0.071683	0.053621	-6.410452	-1.741646	-1.418525	3.011512	-0.143587	0.055243	0.134892	-1.375674	-2.378151	9.620910	-0.355293	-0.228340
-0.019253	0.000198	-0.021417	-0.242884	-0.036150	0.031332	1.052827	-0.039204	-0.158149	-1.394965	0.068240	0.051493	-5.889226	-1.603867	-1.728991	2.264627	-0.158464	0.061243	-0.777086	-1.156208	-2.271708	10.487107	-0.344357	-0.212770
-0.071560	-0.013801	-0.040705	-0.229839	-0.037869	0.032043	1.036585	-0.048049	-0.179117	-1.283228	0.064976	0.049562	-5.230738	-1.399941	-1.928804	1.304513	-0.171988	0.071083	-1.624151	-0.884460	-2.096848	11.173726	-0.326314	-0.193096
-0.116217	-0.025143	-0.060446	-0.228201	-0.039703	0.032879	1.012738	-0.053830	-0.197690	-1.166681	0.061953	0.047854	-4.465727	-1.134184	-1.974101	0.163838	-0.183328	0.083602	-2.384751	-0.578063	-1.857249	11.654697	-0.302338	-0.170791
-0.152476	-0.033315	-0.078962	-0.239374	-0.041617	0.033849	0.982372	-0.056400	-0.213321	-1.047640	0.059215	0.046382	-3.625887	-0.817193	-1.851579	-1.117321	-0.191480	0.096970	-3.036588	-0.257030	-1.563148	11.904034	-0.273783	-0.147231
-0.179938	-0.037987	-0.094755	-0.264280	-0.043573	0.034940	0.946782	-0.055827	-0.225631	-0.928659	0.056794	0.045145	-2.746215	-0.467225	-1.579306	-2.490604	-0.195560	0.109111	-3.559022	0.057274	-1.231014	11.898142	-0.242140	-0.123641
-0.198577	-0.039078	-0.106748	-0.303291	-0.045526	0.036122	0.907432	-0.052394	-0.234453	-0.812469	0.054704	0.044135	-1.863860	-0.109145	-1.199292	-3.901150	-0.195255	0.118273	-3.935003	0.343330	-0.882182	11.618991	-0.208990	-0.101034
-0.208706	-0.036797	-0.114420	-0.356213	-0.047437	0.037357	0.865913	-0.046585	-0.239858	-0.701892	0.052945	0.043334	-1.012849	0.228135	-0.767179	-5.292141	-0.191102	0.123453	-4.151926	0.580933	-0.540543	11.057694	-0.175923	-0.080118
-0.210880	-0.031652	-0.117839	-0.422318	-0.049281	0.038603	0.823890	-0.039058	-0.242154	-0.599712	0.051500	0.042722	-0.217419	0.514520	-0.341919	-6.610540	-0.184394	0.124560	-4.202261	0.752639	-0.229544	10.217992	-0.144438	-0.061236
-0.205755	-0.024438	-0.117604	-0.500440	-0.051048	0.039825	0.783039	-0.030610	-0.241845	-0.508521	0.050342	0.042278	0.512513	0.721443	0.023480	-7.812184	-0.176765	0.122204	-4.085109	0.844859	0.030893	9.119117	-0.115832	-0.044372
-0.193939	-0.016189	-0.114709	-0.589086	-0.052745	0.040997	0.744957	-0.022124	-0.239572	-0.430551	0.049431	0.041986	1.181534	0.824896	0.289535	-8.864635	-0.169639	0.117261	-3.808144	0.848608	0.227252	7.797001	-0.091116	-0.029193
-0.175890	-0.008097	-0.110354	-0.686557	-0.054383	0.042102	0.711074	-0.014519	-0.236026	-0.367523	0.048721	0.041834	1.804936	0.809186	0.435503	-9.747111	-0.163821	0.110442	-3.388310	0.760482	0.354630	6.302772	-0.070969	-0.015162
-0.151858	-0.001393	-0.105745	-0.791041	-0.055976	0.043123	0.682565	-0.008677	-0.231853	-0.320533	0.048163	0.041817	2.403227	0.670391	0.460885	-10.448327	-0.159348	0.102090	-2.850889	0.584142	0.417283	4.699029	-0.055789	-0.001726
-0.121886	0.002789	-0.101917	-0.900677	-0.057533	0.044045	0.660284	-0.005366	-0.227572	-0.289980	0.047705	0.041932	2.997133	0.418186	0.382763	-10.963654	-0.155653	0.092221	-2.228094	0.331088	0.428180	3.055300	-0.045824	0.011480
-0.085848	0.003547	-0.099615	-1.013603	-0.059052	0.044852	0.644706	-0.005171	-0.223486	-0.275547	0.047292	0.042176	3.603801	0.075820	0.230258	-11.292540	-0.151876	0.080679	-1.557850	0.019586	0.408518	1.443335	-0.041314	0.024387
-0.043508	0.000329	-0.099233	-1.127967	-0.060523	0.045524	0.635884	-0.008443	-0.219630	-0.276223	0.046866	0.042538	4.234080	-0.321802	0.038151	-11.436438	-0.147160	0.067264	-0.882240	-0.327260	0.385593	-0.067599	-0.042549	0.036278
0.005399	-0.006994	-0.100816	-1.241940	-0.061931	0.046043	0.633424	-0.015269	-0.215762	-0.290365	0.046368	0.042996	4.890655	-0.732295	-0.158249	-11.397245	-0.140819	0.051836	-0.245926	-0.682563	0.386839	-1.414223	-0.049792	0.045760
0.061067	-0.018109	-0.104082	-1.353703	-0.063255	0.046386	0.636465	-0.025421	-0.211454	-0.315767	0.045739	0.043507	5.566813	-1.111566	-0.326599	-11.176388	-0.132392	0.034386	0.304118	-1.015189	0.430812	-2.540170	-0.062995	0.051141
0.123524	-0.032303	-0.108483	-1.461450	-0.064471	0.046536	0.643648	-0.038323	-0.206242	-0.349726	0.044925	0.044019	6.245707	-1.419346	-0.440117	-10.774700	-0.121617	0.015003	0.718292	-1.290186	0.521206	-3.395929	-0.081375	0.051128
0.192528	-0.048537	-0.113273	-1.563380	-0.065555	0.046475	0.653121	-0.053064	-0.199737	-0.389146	0.043893	0.044473	6.900334	-1.623395	-0.478988	-10.192936	-0.108349	-0.006139	0.947216	-1.474164	0.650490	-3.942001	-0.103175	0.045405
0.267473	-0.065564	-0.117585	-1.657709	-0.066480	0.046188	0.662626	-0.068503	-0.191652	-0.430716	0.042635	0.044820	7.494577	-1.702690	-0.431259	-9.432970	-0.092498	-0.028748	0.950556	-1.543893	0.808479	-4.157034	-0.125836	0.034701
0.347333	-0.082060	-0.120537	-1.742706	-0.067220	0.045663	0.669718	-0.083415	-0.181814	-0.471183	0.041170	0.045024	7.986014	-1.649634	-0.295184	-8.499624	-0.073998	-0.052419	0.709188	-1.491143	0.983778	-4.046673	-0.146428	0.020429
0.430649	-0.096766	-0.121357	-1.816731	-0.067748	0.044896	0.672052	-0.096627	-0.170244	-0.507642	0.039549	0.045067	8.331582	-1.470622	-0.081976	-7.402507	-0.052822	-0.076703	0.233393	-1.321226	1.157079	-3.645926	-0.162136	0.004254
0.515608	-0.108614	-0.119508	-1.878301	-0.068039	0.043885	0.667670	-0.107124	-0.157261	-0.537765	0.037843	0.044944	8.495888	-1.184755	0.184901	-6.157034	-0.029038	-0.101112	-0.438178	-1.049670	1.298209	-3.012324	-0.170637	-0.012229
0.600197	-0.116828	-0.114752	-1.926145	-0.068067	0.042635	0.655197	-0.114136	-0.143514	-0.559910	0.036140	0.044668	8.458846	-0.821383	0.475595	-4.784434	-0.002863	-0.125050	-1.247321	-0.701293	1.374702	-2.214458	-0.170228	-0.027667
0.682382	-0.120997	-0.107133	-1.959254	-0.067814	0.041157	0.633920	-0.117240	-0.129859	-0.573131	0.034543	0.044258	8.218541	-0.416942	0.761899	-3.310869	0.025357	-0.147783	-2.127645	-0.310403	1.365506	-1.322127	-0.159723	-0.040924
0.760267	-0.121103	-0.096910	-1.976912	-0.067262	0.039472	0.603777	-0.116420	-0.117177	-0.577138	0.033159	0.043749	7.788521	-0.010584	1.022269	-1.765739	0.055129	-0.168489	-3.014350	0.082082	1.268266	-0.400653	-0.138431	-0.050929
0.832184	-0.117486	-0.084491	-1.978706	-0.066405	0.037609	0.565269	-0.112065	-0.106207	-0.572227	0.032096	0.043183	7.191705	0.361659	1.241911	-0.179443	0.085755	-0.186346	-3.850800	0.435483	1.097009	0.491087	-0.106295	-0.056614
0.896724	-0.110760	-0.070383	-1.964521	-0.065242	0.035602	0.519353	-0.104898	-0.097447	-0.559225	0.031457	0.042613	6.453981	0.672630	1.410850	1.418522	0.116318	-0.200622	-4.591622	0.716712	0.875925	1.300231	-0.063911	-0.057051
0.952728	-0.101689	-0.055154	-1.934518	-0.063784	0.033495	0.467323	-0.095853	-0.091105	-0.539433	0.031333	0.042096	5.600354	0.907047	1.522875	3.000318	0.145788	-0.210777	-5.202990	0.904503	0.634247	1.979197	-0.012391	-0.051641
0.999269	-0.091083	-0.039404	-1.889121	-0.062052	0.031329	0.410700	-0.085953	-0.087091	-0.514563	0.031800	0.041695	4.654168	1.060690	1.574969	4.539659	0.173152	-0.216525	-5.662277	0.989990	0.401405	2.487001	0.046743	-0.040153
1.035647	-0.079711	-0.023743	-1.829006	-0.060077	0.029151	0.351116	-0.076202	-0.085081	-0.486637	0.032916	0.041469	3.637745	1.137166	1.566076	6.011500	0.197495	-0.217854	-5.958383	0.975087	0.200941	2.792592	0.111526	-0.022588
1.061383	-0.068267	-0.008783	-1.755089	-0.057897	0.027001	0.290206	-0.067502	-0.084622	-0.457863	0.034711	0.041478	2.573571	1.144432	1.495991	7.391656	0.218045	-0.215003	-6.091058	0.870019	0.045910	2.877358	0.179524	0.000962
1.076241	-0.057341	0.004871	-1.668527	-0.055555	0.024917	0.229531	-0.060592	-0.085233	-0.430518	0.037190	0.041781	1.485835	1.092560	1.365493	8.656247	0.234192	-0.208401	-6.067468	0.690979	-0.061037	2.734539	0.247945	0.030282
1.080254	-0.047410	0.016648	-1.570717	-0.053100	0.022931	0.170557	-0.056005	-0.086467	-0.406856	0.040328	0.042429	0.401332	0.993085	1.177621	9.781030	0.245452	-0.198534	-5.897413	0.458733	-0.123446	2.366158	0.313816	0.064774
1.073743	-0.038818	0.026040	-1.463307	-0.050586	0.021073	0.114651	-0.054026	-0.087926	-0.389054	0.044070	0.043460	-0.651121	0.859172	0.939269	10.740973	0.251398	-0.185827	-5.590589	0.197898	-0.145833	1.780260	0.374152	0.103091
1.057318	-0.031766	0.032664	-1.348204	-0.048070	0.019367	0.063073	-0.054669	-0.089225	-0.379144	0.048332	0.044890	-1.642447	0.705229	0.662372	11.510266	0.251645	-0.170586	-5.157835	-0.064326	-0.129936	0.990971	0.426173	0.143039
1.031865	-0.026314	0.036308	-1.227576	-0.045610	0.017837	0.016923	-0.057677	-0.089965	-0.378932	0.053008	0.046709	-2.545311	0.545171	0.364426	12.062833	0.245974	-0.153029	-4.614953	-0.300826	-0.073970	0.021154	0.467679	0.181915
0.998512	-0.022416	0.036993	-1.103842	-0.043265	0.016503	-0.022935	-0.062560	-0.089727	-0.389881	0.057983	0.048881	-3.335291	0.389884	0.068459	12.373358	0.234473	-0.133347	-3.985790	-0.488314	0.023786	-1.094850	0.497477	0.217139
0.958605	-0.019961	0.035013	-0.979654	-0.041089	0.015386	-0.055952	-0.068670	-0.088133	-0.412990	0.063139	0.051349	-3.990730	0.245499	-0.197985	12.418827	0.217603	-0.111761	-3.301746	-0.610947	0.159360	-2.310941	0.515594	0.246877
0.913687	-0.018823	0.030954	-0.857848	-0.039128	0.014500	-0.081919	-0.075291	-0.084918	-0.448718	0.068371	0.054053	-4.491822	0.113803	-0.405952	12.180631	0.196150	-0.088589	-2.596696	-0.662127	0.321501	-3.572744	0.523174	0.270332
0.865485	-0.018872	0.025652	-0.741371	-0.037417	0.013857	-0.100908	-0.081723	-0.079961	-0.496959	0.073592	0.056929	-4.820188	-0.004979	-0.530153	11.647706	0.171104	-0.064300	-1.898886	-0.643160	0.495721	-4.824143	0.522064	0.287638
0.815883	-0.019954	0.020113	-0.633162	-0.035982	0.013462	-0.113146	-0.087316	-0.073268	-0.557101	0.078734	0.059925	-4.960205	-0.108147	-0.553913	10.820892	0.143507	-0.039499	-1.223824	-0.559328	0.669299	-6.014175	0.514276	0.299555
0.766856	-0.021830	0.015390	-0.535988	-0.034838	0.013313	-0.118866	-0.091474	-0.064933	-0.628117	0.083750	0.062996	-4.902679	-0.187614	-0.472256	9.717335	0.114370	-0.014896	-0.571921	-0.415811	0.833495	-7.101582	0.501526	0.307096
0.720364	-0.024130	0.012458	-0.452263	-0.033991	0.013400	-0.118182	-0.093635	-0.055106	-0.708680	0.088599	0.066107	-4.649250	-0.230043	-0.293255	8.372566	0.084713	0.008699	0.068394	-0.216076	0.982698	-8.056307	0.484931	0.311098
0.678217	-0.026332	0.012077	-0.383873	-0.033434	0.013704	-0.111036	-0.093272	-0.043986	-0.797267	0.093248	0.069225	-4.214626	-0.220149	-0.038116	6.839004	0.055657	0.030437	0.714609	0.036317	1.111988	-8.858771	0.464894	0.311809
0.641962	-0.027794	0.014690	-0.332053	-0.033150	0.014201	-0.097192	-0.089932	-0.031833	-0.892246	0.097659	0.072312	-3.625516	-0.146172	0.261382	5.181994	0.028457	0.049694	1.384390	0.333936	1.215266	-9.497877	0.441133	0.308717
0.612784	-0.027850	0.020379	-0.297303	-0.033105	0.014865	-0.076276	-0.083309	-0.018979	-0.991929	0.101788	0.075319	-2.917798	-0.005632	0.568892	3.474967	0.004455	0.066371	2.091604	0.662292	1.285424	-9.968265	0.412865	0.300730
0.591448	-0.025929	0.028873	-0.279363	-0.033256	0.015673	-0.047840	-0.073320	-0.005818	-1.094602	0.105579	0.078185	-2.133673	0.192105	0.849365	1.793997	-0.015055	0.080811	2.843567	0.998932	1.316091	-10.267264	0.379120	0.286589
0.578250	-0.021647	0.039588	-0.277242	-0.033546	0.016606	-0.011450	-0.060169	0.007213	-1.198526	0.108970	0.080838	-1.319714	0.428166	1.071454	0.212074	-0.029032	0.093261	3.638946	1.315144	1.303126	-10.392424	0.339071	0.265306
0.572984	-0.014864	0.051683	-0.289289	-0.033915	0.017640	0.033214	-0.044371	0.019660	-1.301929	0.111892	0.083203	-0.526650	0.678348	1.209509	-1.204662	-0.036856	0.103377	4.466450	1.579793	1.244715	-10.340359	0.292225	0.236432
0.574876	-0.005709	0.064171	-0.313260	-0.034299	0.018742	0.086258	-0.026730	0.031068	-1.402998	0.114277	0.085204	0.189160	0.915469	1.248837	-2.397141	-0.038403	0.110229	5.304430	1.764019	1.140746	-10.106907	0.238505	0.200104
0.582528	0.005400	0.076073	-0.346384	-0.034640	0.019869	0.147472	-0.008278	0.040991	-1.499880	0.116060	0.086773	0.765256	1.110870	1.190157	-3.312346	-0.034084	0.112758	6.121382	1.845296	0.992377	-9.688132	0.178321	0.156976
0.593902	0.017782	0.086538	-0.385436	-0.034888	0.020973	0.216249	0.009825	0.049008	-1.590697	0.117186	0.087855	1.137389	1.238226	1.046540	-3.905207	-0.024833	0.110386	6.877689	1.810299	0.801704	-9.081721	0.112589	0.108133
0.606399	0.030573	0.094886	-0.426887	-0.035009	0.022009	0.291536	0.026391	0.054724	-1.673583	0.117613	0.088405	1.249709	1.279137	0.834837	-4.145072	-0.012065	0.103594	7.528739	1.656579	0.571518	-8.288600	0.042672	0.055021
0.617079	0.042839	0.100601	-0.467135	-0.034985	0.022950	0.371828	0.040322	0.057779	-1.746732	0.117315	0.088398	1.068027	1.226569	0.571475	-4.024880	0.002335	0.094080	8.029121	1.393050	0.305530	-7.314883	-0.029754	-0.000647
0.622988	0.053683	0.103360	-0.502818	-0.034824	0.023791	0.455210	0.050714	0.057870	-1.808469	0.116287	0.087828	0.590848	1.084401	0.275924	-3.568267	0.016143	0.084116	8.338219	1.039216	0.009112	-6.173753	-0.102871	-0.057028
0.621519	0.062328	0.103100	-0.531111	-0.034552	0.024546	0.539487	0.056941	0.054770	-1.857332	0.114538	0.086705	-0.146882	0.864484	-0.026067	-2.829256	0.027204	0.075497	8.427664	0.622739	-0.310038	-4.886250	-0.174882	-0.112300
0.610727	0.068159	0.100044	-0.549950	-0.034213	0.025235	0.622367	0.058693	0.048357	-1.892134	0.112096	0.085057	-1.079248	0.583122	-0.305585	-1.883881	0.033902	0.068888	8.288021	0.175143	-0.641251	-3.480232	-0.244127	-0.164775
0.589506	0.070750	0.094667	-0.558134	-0.033859	0.025874	0.701662	0.055967	0.038657	-1.912013	0.109006	0.082928	-2.122100	0.259091	-0.537700	-0.818493	0.035356	0.063880	7.929570	-0.272535	-0.969989	-1.987879	-0.309089	-0.212939
0.557621	0.069890	0.087583	-0.555327	-0.033546	0.026470	0.775426	0.049046	0.025878	-1.916441	0.105322	0.080373	-3.188422	-0.086005	-0.708357	0.280792	0.031346	0.059641	7.376388	-0.692090	-1.277937	-0.442839	-0.368372	-0.255475
0.515613	0.065611	0.079400	-0.541973	-0.033325	0.027027	0.842013	0.038452	0.010423	-1.905221	0.101115	0.077460	-4.200843	-0.427886	-0.818353	1.335379	0.022093	0.055676	6.658647	-1.059424	-1.545510	1.122077	-0.420670	-0.291284
0.464635	0.058187	0.070565	-0.519201	-0.033244	0.027548	0.900086	0.024885	-0.007136	-1.878458	0.096467	0.074265	-5.097792	-0.742395	-0.883459	2.277156	0.008030	0.052141	5.807340	-1.356695	-1.755895	2.676264	-0.464774	-0.319525
0.406295	0.048095	0.061258	-0.488718	-0.033348	0.028045	0.948607	0.009142	-0.026114	-1.836541	0.091471	0.070868	-5.834024	-1.009187	-0.930724	3.048357	-0.010306	0.049611	4.852044	-1.574338	-1.897768	4.191669	-0.499625	-0.339670
0.342504	0.035955	0.051345	-0.452702	-0.033671	0.028532	0.986812	-0.007965	-0.045766	-1.780116	0.086227	0.067353	-6.379117	-1.214015	-0.991247	3.601564	-0.032299	0.048738	3.820498	-1.710703	-1.965172	5.642549	-0.524400	-0.351583
0.275333	0.022466	0.040434	-0.413683	-0.034243	0.029033	1.014199	-0.025656	-0.065327	-1.710065	0.080841	0.063797	-6.717040	-1.348892	-1.091184	3.901900	-0.057238	0.050134	2.738714	-1.769101	-1.956130	7.005106	-0.538596	-0.355576
0.206866	0.008362	0.028000	-0.374381	-0.035086	0.029578	1.030511	-0.043197	-0.084048	-1.627494	0.075421	0.060273	-6.846686	-1.410420	-1.243347	3.930160	-0.084277	0.054432	1.631263	-1.754044	-1.872112	8.257105	-0.542067	-0.352370
0.139062	-0.005612	0.013595	-0.337546	-0.036210	0.030200	1.035735	-0.059888	-0.101230	-1.533721	0.070071	0.056843	-6.780396	-1.397430	-1.440549	3.683500	-0.112416	0.062243	0.522341	-1.669097	-1.718213	9.377216	-0.534999	-0.342968
0.073675	-0.018709	-0.002942	-0.305824	-0.037615	0.030938	1.030112	-0.075062	-0.116258	-1.430280	0.064892	0.053559	-6.538688	-1.309702	-1.653619	3.172212	-0.140483	0.073844	-0.562236	-1.517484	-1.502804	10.344176	-0.517892	-0.328481
0.012240	-0.030195	-0.021320	-0.281671	-0.039286	0.031827	1.014179	-0.088106	-0.128625	-1.318917	0.059976	0.050459	-6.143543	-1.148589	-1.837793	2.415350	-0.167172	0.088899	-1.593339	-1.304409	-1.236667	11.136301	-0.491585	-0.309964
-0.043902	-0.039385	-0.040781	-0.267287	-0.041197	0.032891	0.988793	-0.098496	-0.137954	-1.201600	0.055403	0.047576	-5.614233	-0.918987	-1.946103	1.438331	-0.191046	0.106366	-2.538596	-1.039001	-0.932880	11.731646	-0.457295	-0.288331
-0.093578	-0.045698	-0.060221	-0.264559	-0.043302	0.034136	0.955147	-0.105842	-0.144031	-1.080514	0.051237	0.044932	-4.967583	-0.631241	-1.944052	0.272803	-0.210540	0.124476	-3.364595	-0.734598	-0.607698	12.108655	-0.416607	-0.264390
-0.135798	-0.048715	-0.078418	-0.274978	-0.045543	0.035545	0.914744	-0.109920	-0.146839	-0.958043	0.047523	0.042543	-4.221994	-0.301744	-1.819702	-1.041849	-0.224118	0.140917	-4.040287	-0.407726	-0.280858	12.247098	-0.371374	-0.238926
-0.169819	-0.048236	-0.094272	-0.299545	-0.047851	0.037079	0.869341	-0.110688	-0.146583	-0.836746	0.044287	0.040415	-3.402120	0.047918	-1.585359	-2.456742	-0.230732	0.153415	-4.540324	-0.076850	0.025642	12.129674	-0.323587	-0.212715
-0.195219	-0.044313	-0.106995	-0.338688	-0.050154	0.038683	0.820865	-0.108302	-0.143690	-0.719298	0.041535	0.038551	-2.539976	0.392306	-1.272291	-3.914295	-0.230318	0.160415	-4.847619	0.238607	0.289321	11.744770	-0.275223	-0.186434
-0.211927	-0.037282	-0.116225	-0.392220	-0.052394	0.040298	0.771313	-0.103113	-0.138800	-0.608396	0.039254	0.036946	-1.670803	0.703080	-0.923028	-5.353173	-0.223966	0.161454	-4.955159	0.518896	0.488951	11.090213	-0.228057	-0.160476
-0.220188	-0.027782	-0.122058	-0.459375	-0.054530	0.041869	0.722640	-0.095669	-0.132730	-0.506626	0.037419	0.035598	-0.826144	0.950012	-0.583291	-6.715544	-0.213643	0.157132	-4.867314	0.744407	0.606998	10.177024	-0.183489	-0.134830
-0.220469	-0.016746	-0.124999	-0.538909	-0.056546	0.043356	0.676639	-0.086703	-0.126399	-0.416310	0.035995	0.034507	-0.028006	1.103571	-0.294128	-7.953328	-0.201627	0.148726	-4.600111	0.896636	0.633160	9.031602	-0.142435	-0.109124
-0.213332	-0.005350	-0.125854	-0.629223	-0.058445	0.044733	0.634845	-0.077101	-0.120720	-0.339360	0.034942	0.033678	0.713649	1.139660	-0.085519	-9.031411	-0.189891	0.137654	-4.179443	0.960201	0.567819	7.694965	-0.105329	-0.082843
-0.199332	0.005101	-0.125577	-0.728499	-0.060242	0.045983	0.598469	-0.067843	-0.116491	-0.277166	0.034220	0.033123	1.399997	1.045075	0.027680	-9.927653	-0.179690	0.125044	-3.637577	0.925781	0.422892	6.219384	-0.072221	-0.055575
-0.178927	0.013314	-0.125111	-0.834808	-0.061957	0.047099	0.568372	-0.059912	-0.114300	-0.230524	0.033790	0.032851	2.040557	0.821294	0.046671	-10.630849	-0.171460	0.111569	-3.009650	0.793135	0.219106	4.664235	-0.042944	-0.027121
-0.152425	0.018165	-0.125247	-0.946189	-0.063606	0.048074	0.545064	-0.054193	-0.114468	-0.199605	0.033617	0.032876	2.650124	0.485134	-0.013668	-11.138111	-0.164916	0.097470	-2.330809	0.571904	-0.016752	3.091893	-0.017273	0.002471
-0.119966	0.018830	-0.126539	-1.060711	-0.065199	0.048901	0.528727	-0.051403	-0.116984	-0.183974	0.033667	0.033204	3.245907	0.066478	-0.129136	-11.452217	-0.159288	0.082692	-1.633687	0.278976	-0.251627	1.563132	0.004928	0.032746
-0.081520	0.014876	-0.129246	-1.176501	-0.066735	0.049571	0.519256	-0.052050	-0.121452	-0.182645	0.033902	0.033829	3.844628	-0.395472	-0.270713	-11.578980	-0.153608	0.067071	-0.947124	-0.064767	-0.446807	0.132835	0.023542	0.062551
-0.036925	0.006314	-0.133327	-1.291750	-0.068205	0.050076	0.516278	-0.056399	-0.127093	-0.194163	0.034283	0.034728	4.459481	-0.856108	-0.408091	-11.524947	-0.146976	0.050500	-0.297856	-0.434888	-0.564100	-1.151732	0.038071	0.089916
0.014045	-0.006382	-0.138452	-1.404709	-0.069592	0.050406	0.519128	-0.064415	-0.132864	-0.216654	0.034759	0.035852	5.096974	-1.269679	-0.512486	-11.295857	-0.138716	0.032985	0.285037	-0.801525	-0.577097	-2.249131	0.047663	0.112345
0.071583	-0.022327	-0.144048	-1.513669	-0.070876	0.050552	0.526785	-0.075699	-0.137692	-0.247860	0.035274	0.037127	5.753805	-1.594464	-0.559643	-10.895973	-0.128395	0.014604	0.765748	-1.128401	-0.482779	-3.120607	0.051449	0.127496
0.135727	-0.040306	-0.149374	-1.616950	-0.072033	0.050507	0.537798	-0.089458	-0.140740	-0.285156	0.035765	0.038466	6.414411	-1.797908	-0.532607	-10.328151	-0.115740	-0.004556	1.101218	-1.375963	-0.304777	-3.729579	0.049110	0.133895
0.206229	-0.058909	-0.153604	-1.712896	-0.073039	0.050263	0.550260	-0.104558	-0.141554	-0.325616	0.036178	0.039779	7.050238	-1.860274	-0.422958	-9.594560	-0.100580	-0.024415	1.246205	-1.509989	-0.081448	-4.046029	0.041293	0.131377
0.282441	-0.076670	-0.155912	-1.799877	-0.073867	0.049814	0.561887	-0.119673	-0.140020	-0.366161	0.036475	0.040990	7.621163	-1.776163	-0.230861	-8.698140	-0.082851	-0.044864	1.162693	-1.511452	0.153466	-4.054518	0.029676	0.121110
0.363230	-0.092209	-0.155567	-1.876323	-0.074493	0.049156	0.570196	-0.133478	-0.136227	-0.403786	0.036642	0.042043	8.078937	-1.553888	0.034550	-7.644618	-0.062570	-0.065793	0.830993	-1.380492	0.379217	-3.762423	0.016761	0.105284
0.446963	-0.104348	-0.152019	-1.940768	-0.074891	0.048285	0.572781	-0.144804	-0.130430	-0.435827	0.036696	0.042908	8.373317	-1.213907	0.354762	-6.444423	-0.039760	-0.087150	0.258415	-1.132681	0.579706	-3.204163	0.005390	0.086441
0.531583	-0.112220	-0.144981	-1.991906	-0.075035	0.047195	0.567596	-0.152734	-0.123091	-0.460208	0.036677	0.043575	8.461993	-0.787125	0.703872	-5.113866	-0.014435	-0.108911	-0.518471	-0.792926	0.733903	-2.438098	-0.001906	0.066695
0.614806	-0.115342	-0.134439	-2.028662	-0.074902	0.045886	0.553216	-0.156658	-0.114893	-0.475581	0.036644	0.044048	8.322305	-0.312188	1.054195	-3.675528	0.013321	-0.130917	-1.438002	-0.392455	0.819874	-1.537283	-0.003340	0.047338
0.694389	-0.113655	-0.120618	-2.050239	-0.074469	0.044359	0.528998	-0.156340	-0.106628	-0.481369	0.036665	0.044339	7.958269	0.168636	1.382081	-2.157778	0.043268	-0.152761	-2.421786	0.031786	0.826448	-0.578744	0.002169	0.029135
0.768367	-0.107512	-0.103925	-2.056168	-0.073720	0.042620	0.495135	-0.151942	-0.099051	-0.477719	0.036817	0.044468	7.397788	0.614316	1.669234	-0.592874	0.074940	-0.173850	-3.386338	0.439874	0.757696	0.364974	0.015119	0.012906
0.835188	-0.097611	-0.084920	-2.046306	-0.072643	0.040685	0.452579	-0.143995	-0.092760	-0.465415	0.037171	0.044466	6.682153	0.990107	1.900505	0.986175	0.107637	-0.193489	-4.255558	0.794623	0.629072	1.230386	0.035414	-0.000250
0.893734	-0.084894	-0.064290	-2.020820	-0.071239	0.038576	0.402881	-0.133326	-0.088129	-0.445776	0.037795	0.044374	5.854554	1.271685	2.063007	2.548582	0.140478	-0.210934	-4.969812	1.066891	0.463170	1.963888	0.062399	-0.009239
0.943258	-0.070425	-0.042815	-1.980148	-0.069514	0.036322	0.347978	-0.120941	-0.085264	-0.420560	0.038745	0.044240	4.952390	1.446939	2.147540	4.067259	0.172483	-0.225425	-5.490305	1.238538	0.286517	2.521559	0.095015	-0.013304
0.983301	-0.055272	-0.021317	-1.924959	-0.067487	0.033959	0.289974	-0.107909	-0.084015	-0.391856	0.040064	0.044119	4.004364	1.515259	2.149824	5.518851	0.202638	-0.236260	-5.800373	1.303249	0.124832	2.870492	0.131877	-0.012102
1.013614	-0.040418	-0.000612	-1.856130	-0.065188	0.031531	0.230933	-0.095252	-0.084043	-0.361946	0.041776	0.044064	3.031266	1.485416	2.070419	6.882954	0.229972	-0.242856	-5.904114	1.265655	-0.002792	2.990931	0.171265	-0.005575
1.034103	-0.026686	0.018528	-1.774721	-0.062651	0.029083	0.172718	-0.083859	-0.084922	-0.333181	0.043888	0.044125	2.048891	1.373200	1.914057	8.140919	0.253627	-0.244779	-5.821455	1.139265	-0.087895	2.876561	0.211165	0.006170
1.044818	-0.014695	0.035421	-1.681976	-0.059923	0.026665	0.116916	-0.074420	-0.086236	-0.307863	0.046382	0.044354	1.071497	1.199066	1.689257	9.274505	0.272886	-0.241763	-5.580267	0.943920	-0.131403	2.531788	0.249431	0.022818
1.045962	-0.004837	0.049500	-1.579329	-0.057051	0.024328	0.064829	-0.067385	-0.087607	-0.288186	0.049222	0.044789	0.114441	0.985812	1.407926	10.264645	0.287185	-0.233751	-5.208667	0.703479	-0.137071	1.967668	0.283944	0.043545
1.037917	0.002727	0.060346	-1.468424	-0.054089	0.022118	0.017516	-0.062945	-0.088667	-0.276187	0.052348	0.045457	-0.804580	0.756458	1.084565	11.090487	0.296123	-0.220933	-4.731312	0.443994	-0.105974	1.199924	0.312660	0.066767
1.021261	0.008048	0.067702	-1.351134	-0.051094	0.020081	-0.024191	-0.061029	-0.089039	-0.273682	0.055685	0.046359	-1.665560	0.532019	0.735686	11.729059	0.299519	-0.203778	-4.170675	0.191606	-0.037255	0.250510	0.333700	0.090267
0.996792	0.011341	0.071494	-1.229575	-0.048119	0.018250	-0.059692	-0.061332	-0.088353	-0.282179	0.059143	0.047476	-2.446879	0.329347	0.379174	12.155876	0.297482	-0.183017	-3.550127	-0.030240	0.068610	-0.849700	0.345775	0.111667
0.965534	0.012938	0.071827	-1.106111	-0.045215	0.016655	-0.088640	-0.063368	-0.086274	-0.302779	0.062631	0.048767	-3.125791	0.159663	0.033298	12.346393	0.290398	-0.159565	-2.894826	-0.203629	0.207893	-2.060007	0.348766	0.129103
0.928749	0.013218	0.068990	-0.983331	-0.042427	0.015310	-0.110935	-0.066550	-0.082556	-0.336095	0.066070	0.050185	-3.678540	0.028023	-0.283671	12.278017	0.278823	-0.134440	-2.229516	-0.318186	0.371788	-3.331656	0.343930	0.141764
0.887941	0.012559	0.063460	-0.864004	-0.039793	0.014224	-0.126679	-0.070263	-0.077092	-0.382217	0.069405	0.051685	-4.080813	-0.065906	-0.553086	11.932689	0.263389	-0.108670	-1.574402	-0.371296	0.546371	-4.612166	0.333496	0.149982
0.844847	0.011306	0.055895	-0.750999	-0.037346	0.013392	-0.136085	-0.073920	-0.069927	-0.440728	0.072605	0.053233	-4.309332	-0.125285	-0.756424	11.300473	0.244713	-0.083196	-0.940581	-0.365736	0.716521	-5.851116	0.319968	0.154895
0.801394	0.009781	0.047119	-0.647158	-0.035113	0.012803	-0.139356	-0.076977	-0.061218	-0.510780	0.075660	0.054813	-4.345309	-0.152471	-0.877657	10.384128	0.223341	-0.058817	-0.327094	-0.305626	0.870918	-7.005180	0.305489	0.157995
0.759598	0.008320	0.038053	-0.555124	-0.033115	0.012441	-0.136574	-0.078907	-0.051174	-0.591187	0.078574	0.056420	-4.179687	-0.146126	-0.906593	9.203404	0.199742	-0.036211	0.278204	-0.193071	1.004380	-8.040711	0.291440	0.160643
0.721413	0.007310	0.029634	-0.477151	-0.031372	0.012282	-0.127637	-0.079185	-0.040010	-0.680524	0.081357	0.058056	-3.818428	-0.101010	-0.841871	7.797324	0.174386	-0.015974	0.893763	-0.027810	1.116477	-8.933708	0.278292	0.163639
0.688561	0.007198	0.022705	-0.414916	-0.029893	0.012297	-0.112259	-0.077290	-0.027931	-0.777205	0.084014	0.059726	-3.285211	-0.011227	-0.692867	6.223491	0.147885	0.001504	1.537717	0.189505	1.207876	-9.668073	0.265707	0.166968
0.662359	0.008442	0.017914	-0.369370	-0.028682	0.012460	-0.090035	-0.072766	-0.015162	-0.879538	0.086542	0.061424	-2.620168	0.124387	-0.479133	4.554541	0.121114	0.016304	2.222459	0.452387	1.276856	-10.233284	0.252814	0.169854
0.643608	0.011424	0.015643	-0.340650	-0.027729	0.012750	-0.060515	-0.065314	-0.001983	-0.985760	0.088927	0.063135	-1.875174	0.298211	-0.227132	2.871987	0.095207	0.029048	2.951928	0.745286	1.317889	-10.622252	0.238504	0.171047
0.632535	0.016366	0.015971	-0.328072	-0.027015	0.013155	-0.023303	-0.054876	0.011245	-1.094057	0.091144	0.064827	-1.107254	0.494256	0.032770	1.257816	0.071413	0.040446	3.721223	1.043789	1.322800	-10.829694	0.221656	0.169194
0.628806	0.023285	0.018657	-0.330206	-0.026506	0.013661	0.021871	-0.041696	0.024077	-1.202569	0.093157	0.066459	-0.372906	0.691830	0.268649	-0.213391	0.050902	0.050607	4.517452	1.317925	1.283272	-10.851173	0.201295	0.163173
0.631543	0.031970	0.023180	-0.344984	-0.026160	0.014249	0.075078	-0.026322	0.036006	-1.309398	0.094924	0.067981	0.273735	0.868503	0.452335	-1.477782	0.034604	0.058818	5.320634	1.537434	1.192887	-10.682884	0.176690	0.152282
0.639337	0.041985	0.028847	-0.369795	-0.025930	0.014889	0.136116	-0.009552	0.046486	-1.412619	0.096398	0.069344	0.779347	1.001508	0.566625	-2.481053	0.023070	0.063990	6.103841	1.677020	1.047958	-10.322107	0.147424	0.136247
0.650245	0.052686	0.034921	-0.401569	-0.025766	0.015542	0.204446	0.007645	0.054961	-1.510300	0.097532	0.070495	1.090838	1.070182	0.607452	-3.177471	0.016378	0.065370	6.833041	1.719707	0.847534	-9.768136	0.113436	0.115140
0.661845	0.063291	0.040706	-0.436902	-0.025625	0.016174	0.279128	0.024224	0.060898	-1.600536	0.098283	0.071388	1.159952	1.060470	0.578466	-3.533305	0.014033	0.063111	7.468178	1.657865	0.593681	-9.023553	0.075047	0.089317
0.671375	0.072977	0.045557	-0.472245	-0.025477	0.016758	0.358790	0.039151	0.063827	-1.681494	0.098612	0.071982	0.953041	0.968605	0.485137	-3.534317	0.014888	0.058448	7.966223	1.492685	0.292921	-8.095784	0.032955	0.059393
0.675989	0.080986	0.048915	-0.504178	-0.025304	0.017291	0.441648	0.051483	0.063403	-1.751480	0.098494	0.072245	0.461422	0.800877	0.335782	-3.193207	0.017220	0.053315	8.285790	1.233268	-0.042459	-6.998647	-0.011858	0.026216
0.673068	0.086687	0.050380	-0.529705	-0.025114	0.017785	0.525585	0.060441	0.059449	-1.809012	0.097911	0.072153	-0.292133	0.570105	0.146484	-2.552763	0.019090	0.049406	8.393658	0.895768	-0.395411	-5.753236	-0.058257	-0.009171
0.660543	0.089605	0.049799	-0.546528	-0.024925	0.018258	0.608318	0.065463	0.051979	-1.852887	0.096860	0.071697	-1.252497	0.291772	-0.058077	-1.682240	0.018854	0.047273	8.273319	0.502233	-0.746927	-4.387487	-0.105110	-0.045594
0.637158	0.089428	0.047297	-0.553200	-0.024770	0.018721	0.687629	0.066255	0.041197	-1.882230	0.095346	0.070879	-2.338478	-0.017664	-0.250159	-0.667219	0.015460	0.046287	7.931120	0.079148	-1.078204	-2.934246	-0.151412	-0.081829
0.602588	0.086030	0.043214	-0.549169	-0.024686	0.019176	0.761567	0.062811	0.027480	-1.896512	0.093383	0.069712	-3.457064	-0.339817	-0.408395	0.403121	0.008423	0.045489	7.393794	-0.344405	-1.371743	-1.428272	-0.196258	-0.116644
0.557384	0.079495	0.037950	-0.534709	-0.024710	0.019620	0.828554	0.055413	0.011352	-1.895545	0.090996	0.068224	-4.520365	-0.653509	-0.526320	1.445914	-0.002370	0.044468	6.698654	-0.739739	-1.612782	0.096788	-0.238682	-0.148821
0.502814	0.070123	0.031810	-0.510819	-0.024878	0.020056	0.887393	0.044587	-0.006559	-1.879440	0.088221	0.066452	-5.457028	-0.937190	-0.613997	2.389079	-0.016809	0.043541	5.883944	-1.082665	-1.791100	1.610466	-0.277540	-0.177173
0.440657	0.058387	0.024893	-0.479098	-0.025224	0.020490	0.937230	0.031017	-0.025575	-1.848577	0.085106	0.064446	-6.215715	-1.173615	-0.691712	3.172022	-0.034636	0.043439	4.983703	-1.356961	-1.901641	3.086306	-0.311542	-0.200609
0.373014	0.044860	0.017083	-0.441640	-0.025779	0.020940	0.977496	0.015465	-0.045010	-1.803559	0.081712	0.062264	-6.764294	-1.352636	-0.781065	3.745808	-0.055490	0.044982	4.026536	-1.555238	-1.943466	4.501759	-0.339410	-0.218244
0.302131	0.030157	0.008103	-0.400895	-0.026569	0.021429	1.007858	-0.001304	-0.064194	-1.745184	0.078111	0.059968	-7.088302	-1.470357	-0.897932	4.074520	-0.078949	0.048939	3.036252	-1.676907	-1.918381	5.837498	-0.360055	-0.229534
0.230237	0.014893	-0.002364	-0.359524	-0.027614	0.021990	1.028189	-0.018554	-0.082495	-1.674420	0.074384	0.057625	-7.189386	-1.526354	-1.046742	4.137154	-0.104520	0.056034	2.033115	-1.724959	-1.830145	7.076410	-0.372719	-0.234356
0.159412	-0.000316	-0.014515	-0.320244	-0.028929	0.022659	1.038545	-0.035590	-0.099335	-1.592396	0.070613	0.055295	-7.082473	-1.520974	-1.215126	3.928009	-0.131547	0.066887	1.035577	-1.703607	-1.684014	8.202414	-0.377056	-0.232998
0.091505	-0.014855	-0.028247	-0.285700	-0.030520	0.023476	1.039169	-0.051765	-0.114202	-1.500402	0.066881	0.053034	-6.790667	-1.453845	-1.373158	3.454331	-0.159105	0.081765	0.062376	-1.617515	-1.486674	9.199365	-0.373176	-0.226087
0.028111	-0.028096	-0.043058	-0.258373	-0.032380	0.024479	1.030510	-0.066488	-0.126669	-1.399899	0.063265	0.050889	-6.339418	-1.324106	-1.481101	2.732730	-0.185962	0.100306	-0.865932	-1.472297	-1.246712	10.050298	-0.361613	-0.214471
-0.029419	-0.039417	-0.058077	-0.240504	-0.034486	0.025693	1.013241	-0.079243	-0.136419	-1.292528	0.059833	0.048898	-5.753045	-1.132130	-1.501928	1.786913	-0.210579	0.121361	-1.726814	-1.275499	-0.974984	10.737135	-0.343204	-0.199097
-0.079969	-0.048235	-0.072202	-0.234030	-0.036797	0.027123	0.988272	-0.089614	-0.143265	-1.180121	0.056644	0.047089	-5.054954	-0.881787	-1.412516	0.647407	-0.231147	0.142961	-2.496926	-1.037129	-0.684534	11.240736	-0.318973	-0.180912
-0.122673	-0.054057	-0.084306	-0.240503	-0.039256	0.028748	0.956732	-0.097306	-0.147169	-1.064708	0.053743	0.045481	-4.270422	-0.582228	-1.210403	-0.647359	-0.245825	0.162521	-3.153966	-0.769207	-0.390409	11.541285	-0.290076	-0.160840
-0.156970	-0.056542	-0.093451	-0.261001	-0.041788	0.030522	0.919945	-0.102156	-0.148262	-0.948513	0.051165	0.044083	-3.429664	-0.248490	-0.914499	-2.049800	-0.253232	0.177410	-3.678737	-0.485007	-0.109319	11.619433	-0.257752	-0.139766
-0.182652	-0.055552	-0.099055	-0.296040	-0.044318	0.032378	0.879378	-0.104144	-0.146850	-0.833929	0.048933	0.042899	-2.568283	0.099052	-0.560365	-3.503842	-0.253019	0.185656	-4.056758	-0.198780	0.141199	11.458470	-0.223222	-0.118457
-0.199884	-0.051195	-0.100986	-0.345531	-0.046780	0.034243	0.836589	-0.103403	-0.143410	-0.723456	0.047057	0.041924	-1.723121	0.435716	-0.193063	-4.949079	-0.246160	0.186468	-4.278816	0.074167	0.343943	11.047298	-0.187586	-0.097422
-0.209132	-0.043861	-0.099582	-0.408807	-0.049127	0.036047	0.793181	-0.100228	-0.138576	-0.619619	0.045540	0.041156	-0.924866	0.733389	0.140411	-6.327609	-0.234756	0.180350	-4.340829	0.317472	0.483439	10.383653	-0.151757	-0.076835
-0.211048	-0.034241	-0.095595	-0.484713	-0.051341	0.037735	0.750739	-0.095087	-0.133098	-0.524848	0.044375	0.040590	-0.191555	0.961985	0.398701	-7.590631	-0.221399	0.168793	-4.244203	0.514061	0.547792	9.477095	-0.116457	-0.056553
-0.206311	-0.023312	-0.090067	-0.571734	-0.053425	0.039271	0.710772	-0.088615	-0.127786	-0.441341	0.043552	0.040228	0.473669	1.092864	0.552740	-8.702155	-0.208424	0.153693	-3.996693	0.647270	0.531159	8.350752	-0.082277	-0.036242
-0.195506	-0.012271	-0.084166	-0.668128	-0.055399	0.040639	0.674646	-0.081586	-0.123421	-0.370932	0.043055	0.040072	1.080538	1.104136	0.590097	-9.639319	-0.197346	0.136793	-3.612600	0.702881	0.436546	7.040842	-0.049754	-0.015584
-0.179031	-0.002411	-0.079006	-0.772033	-0.057285	0.041833	0.643527	-0.074867	-0.120649	-0.314988	0.042860	0.040128	1.647435	0.985966	0.516017	-10.390505	-0.188619	0.119322	-3.111959	0.671886	0.277222	5.594400	-0.019456	0.005537
-0.157062	0.005026	-0.075496	-0.881559	-0.059102	0.042852	0.618331	-0.069334	-0.119897	-0.274323	0.042939	0.040397	2.196940	0.743713	0.351023	-10.952622	-0.181721	0.101907	-2.519563	0.553336	0.075185	4.066507	0.007928	0.026965
-0.129543	0.009006	-0.074237	-0.994841	-0.060858	0.043699	0.599689	-0.065778	-0.121313	-0.249150	0.043255	0.040880	2.751876	0.398033	0.125864	-11.328204	-0.175545	0.084745	-1.864197	0.355547	-0.141566	2.517325	0.031554	0.048305
-0.096225	0.008831	-0.075482	-1.110066	-0.062547	0.044378	0.587911	-0.064834	-0.124715	-0.239065	0.043759	0.041569	3.331800	-0.017536	-0.124491	-11.522545	-0.168886	0.067881	-1.177752	0.094437	-0.340205	1.008465	0.050440	0.068854
-0.056727	0.004223	-0.079141	-1.225479	-0.064155	0.044892	0.582965	-0.066924	-0.129566	-0.243074	0.044395	0.042443	3.949782	-0.460767	-0.365901	-11.541248	-0.160792	0.051393	-0.494590	-0.209065	-0.485107	-0.400859	0.063521	0.087400
-0.010632	-0.004639	-0.084826	-1.339365	-0.065662	0.045246	0.584441	-0.072221	-0.135020	-0.259633	0.045092	0.043464	4.609548	-0.886267	-0.568500	-11.388633	-0.150702	0.035448	0.147543	-0.529645	-0.545387	-1.655856	0.069720	0.102171
0.042400	-0.017154	-0.091918	-1.450038	-0.067045	0.045448	0.591490	-0.080586	-0.140088	-0.286686	0.045774	0.044577	5.303172	-1.251495	-0.709146	-11.067244	-0.138387	0.020203	0.704926	-0.836478	-0.506824	-2.705328	0.068220	0.111208
0.102496	-0.032375	-0.099647	-1.555820	-0.068284	0.045505	0.602752	-0.091524	-0.143886	-0.321691	0.046363	0.045708	6.009626	-1.522044	-0.772952	-10.578247	-0.123821	0.005651	1.126158	-1.093869	-0.379811	-3.500467	0.058940	0.113105
0.169444	-0.049128	-0.107177	-1.655043	-0.069354	0.045421	0.616304	-0.104200	-0.145823	-0.361668	0.046793	0.046785	6.694836	-1.675352	-0.753031	-9.922269	-0.107060	-0.008432	1.355269	-1.267578	-0.193688	-3.997732	0.042967	0.107731
0.242582	-0.066152	-0.113669	-1.746050	-0.070236	0.045196	0.629720	-0.117551	-0.145622	-0.403345	0.047019	0.047749	7.313762	-1.702323	-0.649194	-9.100701	-0.088179	-0.022412	1.341514	-1.335132	0.020099	-4.167668	0.022623	0.096443
0.320730	-0.082218	-0.118345	-1.827226	-0.070909	0.044830	0.640256	-0.130470	-0.143232	-0.443409	0.047030	0.048565	7.814785	-1.606653	-0.467525	-8.117642	-0.067253	-0.036688	1.053609	-1.291824	0.239002	-4.006453	0.001102	0.081529
0.402205	-0.096239	-0.120549	-1.897046	-0.071352	0.044313	0.645179	-0.141944	-0.138779	-0.478838	0.046848	0.049217	8.147480	-1.402108	-0.220430	-6.981998	-0.044313	-0.051648	0.492342	-1.147396	0.445327	-3.542893	-0.018218	0.065226
0.484942	-0.107331	-0.119799	-1.954134	-0.071545	0.043637	0.642126	-0.151129	-0.132591	-0.507187	0.046523	0.049707	8.273721	-1.109130	0.074956	-5.708764	-0.019358	-0.067568	-0.305307	-0.918570	0.618717	-2.834932	-0.032502	0.049015
0.566715	-0.114859	-0.115801	-1.997326	-0.071469	0.042793	0.629401	-0.157388	-0.125209	-0.526763	0.046125	0.050043	8.177332	-0.752857	0.399848	-4.319237	0.007592	-0.084491	-1.272465	-0.625877	0.738218	-1.957571	-0.039815	0.033595
0.645378	-0.118482	-0.108444	-2.025729	-0.071105	0.041770	0.606148	-0.160336	-0.117312	-0.536658	0.045735	0.050237	7.866285	-0.362319	0.735676	-2.840309	0.036458	-0.102228	-2.325353	-0.294821	0.789715	-0.989538	-0.038995	0.019415
0.719047	-0.118162	-0.097808	-2.038756	-0.070434	0.040566	0.572372	-0.159888	-0.109616	-0.536702	0.045440	0.050309	7.366875	0.032072	1.063617	-1.302650	0.067060	-0.120458	-3.377604	0.044783	0.769652	-0.004388	-0.029481	0.007184
0.786190	-0.114130	-0.084166	-2.036136	-0.069444	0.039178	0.528855	-0.156260	-0.102762	-0.527376	0.045327	0.050288	6.714273	0.403156	1.364203	0.261996	0.098990	-0.138716	-4.351706	0.362847	0.685325	0.932664	-0.011308	-0.002103
0.845632	-0.106824	-0.067975	-2.017904	-0.068129	0.037615	0.476998	-0.149927	-0.097220	-0.509732	0.045476	0.050213	5.944202	0.730590	1.619109	1.823217	0.131511	-0.156320	-5.185672	0.633267	0.554216	1.764323	0.014925	-0.007515
0.896513	-0.096808	-0.049840	-1.984373	-0.066493	0.035891	0.418643	-0.141560	-0.093206	-0.485326	0.045958	0.050128	5.088136	1.001602	1.813478	3.353119	0.163614	-0.172397	-5.835490	0.836702	0.401401	2.440636	0.048180	-0.008491
0.938232	-0.084709	-0.030476	-1.936107	-0.064551	0.034031	0.355889	-0.131941	-0.090660	-0.456123	0.046829	0.050079	4.171918	1.209869	1.936359	4.826557	0.194178	-0.186022	-6.275450	0.961909	0.254617	2.920322	0.087046	-0.004904
0.970399	-0.071173	-0.010677	-1.873897	-0.062330	0.032067	0.290911	-0.121884	-0.089277	-0.424384	0.048126	0.050110	3.216725	1.353637	1.979929	6.220963	0.222149	-0.196365	-6.497770	1.005741	0.138299	3.173889	0.129731	0.003087
0.992812	-0.056833	0.008718	-1.798739	-0.059863	0.030040	0.225806	-0.112163	-0.088590	-0.392524	0.049867	0.050262	2.241274	1.434051	1.939513	7.515864	0.246632	-0.202777	-6.510492	0.972118	0.068710	3.186027	0.174091	0.015246
1.005452	-0.042286	0.026864	-1.711817	-0.057194	0.027991	0.162481	-0.103454	-0.088066	-0.362976	0.052044	0.050575	1.263999	1.454697	1.814575	8.692206	0.266918	-0.204820	-6.332510	0.870890	0.052359	2.954722	0.217724	0.031286
1.008494	-0.028065	0.042959	-1.614500	-0.054369	0.025969	0.102607	-0.096281	-0.087187	-0.338100	0.054625	0.051081	0.304194	1.422102	1.609543	9.731637	0.282497	-0.202279	-5.987392	0.717236	0.087887	2.487668	0.258118	0.050585
1.002315	-0.014604	0.056299	-1.508342	-0.051438	0.024017	0.047615	-0.090970	-0.085504	-0.320109	0.057553	0.051799	-0.617918	1.346026	1.333952	10.615775	0.293080	-0.195155	-5.499242	0.531162	0.168374	1.799124	0.292741	0.071842
0.987497	-0.002219	0.066324	-1.395088	-0.048453	0.022181	-0.001310	-0.087611	-0.082678	-0.311014	0.060744	0.052730	-1.481786	1.238575	1.002500	11.325464	0.298590	-0.183663	-4.892435	0.335860	0.282532	0.909489	0.319151	0.093035
0.964823	0.008903	0.072677	-1.276685	-0.045461	0.020498	-0.043248	-0.086065	-0.078500	-0.312544	0.064098	0.053847	-2.267405	1.112112	0.635305	11.840317	0.299119	-0.168234	-4.193864	0.154641	0.417839	-0.153069	0.335367	0.111757
0.935264	0.018672	0.075252	-1.155295	-0.042512	0.019003	-0.077594	-0.085989	-0.072853	-0.326055	0.067503	0.055106	-2.955910	0.976924	0.257536	12.139014	0.294916	-0.149487	-3.434602	0.007555	0.564701	-1.351096	0.340499	0.125852
0.899970	0.027069	0.074234	-1.033289	-0.039648	0.017722	-0.104083	-0.086903	-0.065691	-0.352436	0.070855	0.056447	-3.529365	0.839686	-0.101767	12.200508	0.286378	-0.128177	-2.648835	-0.091372	0.716158	-2.638067	0.335240	0.134135
0.860270	0.034102	0.070118	-0.913229	-0.036909	0.016670	-0.122779	-0.088260	-0.057043	-0.392049	0.074073	0.057815	-3.969983	0.703348	-0.411627	12.006008	0.273968	-0.105141	-1.869626	-0.135715	0.864854	-3.961278	0.321809	0.136759
0.817674	0.039792	0.063692	-0.797812	-0.034328	0.015858	-0.134005	-0.089519	-0.047018	-0.444719	0.077107	0.059166	-4.259596	0.568945	-0.642585	11.541742	0.258082	-0.081253	-1.122604	-0.125882	1.002507	-5.267043	0.303374	0.135085
0.773867	0.044183	0.055976	-0.689785	-0.031938	0.015284	-0.138207	-0.090176	-0.035799	-0.509784	0.079940	0.060478	-4.380766	0.439111	-0.771641	10.802708	0.238953	-0.057363	-0.420196	-0.065693	1.121874	-6.506441	0.283275	0.131252
0.730661	0.047400	0.048102	-0.591814	-0.029771	0.014941	-0.135801	-0.089757	-0.023613	-0.586179	0.082583	0.061754	-4.320524	0.321704	-0.787382	9.797044	0.216699	-0.034266	0.240584	0.041825	1.218637	-7.639583	0.264292	0.127585
0.689905	0.049713	0.041161	-0.506320	-0.027857	0.014814	-0.127049	-0.087793	-0.010699	-0.672551	0.085064	0.063013	-4.075612	0.231359	-0.694094	8.549400	0.191467	-0.012731	0.875224	0.196411	1.291388	-8.637112	0.248124	0.125906
0.653341	0.051585	0.036028	-0.435302	-0.026220	0.014879	-0.111997	-0.083806	0.002696	-0.767342	0.087416	0.064283	-3.656415	0.187111	-0.513267	7.101813	0.163635	0.006508	1.505185	0.398715	1.339436	-9.479165	0.235224	0.127043
0.622462	0.053643	0.033229	-0.380182	-0.024881	0.015108	-0.090486	-0.077347	0.016299	-0.868873	0.089666	0.065590	-3.087906	0.205847	-0.279948	5.512030	0.133985	0.022937	2.151094	0.645943	1.360371	-10.153069	0.225000	0.130709
0.598381	0.056583	0.032897	-0.341680	-0.023843	0.015474	-0.062206	-0.068067	0.029795	-0.975382	0.091829	0.066948	-2.408114	0.294032	-0.033166	3.850203	0.103762	0.036539	2.828066	0.927998	1.349531	-10.650919	0.216232	0.135717
0.581733	0.061011	0.034843	-0.319741	-0.023098	0.015952	-0.026772	-0.055805	0.042809	-1.085057	0.093903	0.068351	-1.664833	0.442754	0.194519	2.193865	0.074534	0.047838	3.543341	1.226194	1.301471	-10.967493	0.207435	0.140385
0.572624	0.067310	0.038650	-0.313533	-0.022619	0.016527	0.016180	-0.040658	0.054930	-1.196044	0.095874	0.069781	-0.910827	0.629900	0.380759	0.620809	0.047901	0.057475	4.295249	1.514725	1.212113	-11.098708	0.197135	0.142957
0.570633	0.075580	0.043760	-0.321514	-0.022367	0.017183	0.066909	-0.023017	0.065735	-1.306453	0.097714	0.071200	-0.199127	0.827014	0.510984	-0.798108	0.025207	0.065641	5.072863	1.764079	1.080409	-11.040864	0.184018	0.141876
0.574828	0.085629	0.049534	-0.341543	-0.022293	0.017902	0.125471	-0.003564	0.074823	-1.414360	0.099384	0.072559	0.419440	1.004913	0.577386	-2.002862	0.007380	0.071914	5.856194	1.945321	0.908893	-10.790756	0.166966	0.135879
0.583793	0.096991	0.055350	-0.370987	-0.022344	0.018658	0.191638	0.016779	0.081854	-1.517823	0.100835	0.073799	0.896562	1.136224	0.581649	-2.944414	-0.005148	0.075580	6.616749	2.034238	0.703039	-10.346307	0.145084	0.124037
0.595661	0.108962	0.060715	-0.406826	-0.022469	0.019419	0.264825	0.036923	0.086550	-1.614898	0.102013	0.074857	1.186794	1.197040	0.536486	-3.583925	-0.012502	0.076113	7.318686	2.014460	0.469637	-9.707478	0.117790	0.105834
0.608167	0.120659	0.065323	-0.445770	-0.022623	0.020156	0.344039	0.055715	0.088701	-1.703673	0.102862	0.075670	1.250541	1.169731	0.460753	-3.894349	-0.015377	0.073620	7.921323	1.879171	0.215038	-8.877485	0.084952	0.081255
0.618769	0.131128	0.069018	-0.484424	-0.022773	0.020846	0.427869	0.072031	0.088144	-1.782316	0.103332	0.076178	1.060255	1.046869	0.369552	-3.865388	-0.014966	0.069085	8.383005	1.631633	-0.055697	-7.864309	0.046982	0.050852
0.624842	0.139463	0.071707	-0.519518	-0.022901	0.021488	0.514518	0.084882	0.084756	-1.849139	0.103380	0.076335	0.607272	0.833541	0.268852	-3.509412	-0.012817	0.064136	8.664896	1.285044	-0.338814	-6.682244	0.004774	0.015689
0.623910	0.144920	0.073307	-0.548167	-0.023007	0.022090	0.601865	0.093502	0.078440	-1.902668	0.102975	0.076106	-0.093165	0.545658	0.160049	-2.864962	-0.010574	0.060202	8.734768	0.861973	-0.631587	-5.352912	-0.040522	-0.022886
0.613925	0.146976	0.073779	-0.568123	-0.023103	0.022666	0.687601	0.097428	0.069123	-1.941719	0.102097	0.075472	-0.998539	0.205595	0.047142	-1.995512	-0.009643	0.057619	8.573603	0.392628	-0.931665	-3.905111	-0.087742	-0.063481
0.593534	0.145360	0.073159	-0.577947	-0.023213	0.023221	0.769442	0.096543	0.056770	-1.965449	0.100740	0.074425	-2.039100	-0.161571	-0.061919	-0.982464	-0.010970	0.055493	8.184043	-0.088516	-1.235279	-2.372987	-0.135746	-0.104691
0.562270	0.140060	0.071562	-0.577087	-0.023363	0.023746	0.845364	0.091072	0.041423	-1.973376	0.098907	0.072975	-3.126324	-0.529959	-0.159734	0.086040	-0.015002	0.052491	7.592200	-0.547052	-1.534692	-0.792770	-0.183253	-0.144951
0.520574	0.131316	0.069103	-0.565827	-0.023581	0.024224	0.913744	0.081541	0.023248	-1.965367	0.096620	0.071150	-4.169679	-0.874473	-0.245882	1.125936	-0.021813	0.047831	6.838055	-0.953133	-1.817501	0.800908	-0.228757	-0.182482
0.469646	0.119580	0.065795	-0.545191	-0.023894	0.024641	0.973365	0.068686	0.002557	-1.941592	0.093913	0.068996	-5.092796	-1.173526	-0.330875	2.063610	-0.031280	0.041644	5.962081	-1.285520	-2.069091	2.377555	-0.270633	-0.215429
0.411238	0.105462	0.061454	-0.516813	-0.024326	0.024988	1.023346	0.053350	-0.020199	-1.902479	0.090840	0.066575	-5.840801	-1.411887	-0.434096	2.837858	-0.043210	0.034734	4.998125	-1.533532	-2.275622	3.911272	-0.307338	-0.242101
0.347442	0.089645	0.055686	-0.482810	-0.024899	0.025270	1.063084	0.036393	-0.044452	-1.848682	0.087464	0.063963	-6.379602	-1.581621	-0.576781	3.400244	-0.057369	0.028184	3.973728	-1.695682	-2.425322	5.379676	-0.337599	-0.261238
0.280511	0.072837	0.047945	-0.445650	-0.025634	0.025501	1.092211	0.018632	-0.069543	-1.781057	0.083858	0.061241	-6.693030	-1.680787	-0.774057	3.716032	-0.073486	0.023132	2.912699	-1.776116	-2.509070	6.762553	-0.360551	-0.272189
0.212702	0.055729	0.037668	-0.407995	-0.026547	0.025708	1.110575	0.000822	-0.094753	-1.700650	0.080101	0.058491	-6.780957	-1.710879	-1.027765	3.765551	-0.091253	0.020709	1.836451	-1.781068	-2.521020	8.040704	-0.375773	-0.274979
0.146131	0.038987	0.024463	-0.372552	-0.027650	0.025928	1.118222	-0.016347	-0.119336	-1.608702	0.076268	0.055788	-6.657110	-1.674185	-1.320487	3.544265	-0.110275	0.021953	0.764718	-1.716908	-2.458325	9.194727	-0.383269	-0.270259
0.082682	0.023265	0.008321	-0.341946	-0.028950	0.026203	1.115392	-0.032248	-0.142539	-1.506663	0.072434	0.053197	-6.344914	-1.572212	-1.614153	3.060543	-0.130003	0.027557	-0.282983	-1.590062	-2.320319	10.203928	-0.383439	-0.259190
0.023961	0.009204	-0.010252	-0.318622	-0.030447	0.026580	1.102539	-0.046329	-0.163625	-1.396204	0.068663	0.050764	-5.872022	-1.406034	-1.857364	2.332437	-0.149707	0.037624	-1.285387	-1.408114	-2.108514	11.045876	-0.377041	-0.243218
-0.028699	-0.002581	-0.030251	-0.304766	-0.032132	0.027095	1.080357	-0.058139	-0.181902	-1.279237	0.065012	0.048526	-5.266079	-1.178540	-1.999849	1.385578	-0.168507	0.051577	-2.218190	-1.181006	-1.827718	11.696707	-0.365106	-0.223808
-0.074238	-0.011555	-0.050325	-0.302239	-0.033985	0.027777	1.049811	-0.067353	-0.196782	-1.157918	0.061524	0.046503	-4.553908	-0.897412	-2.007406	0.252743	-0.185346	0.068120	-3.054553	-0.921418	-1.488014	12.131889	-0.348812	-0.202293
-0.111874	-0.017326	-0.069040	-0.312494	-0.035975	0.028630	1.012139	-0.073796	-0.207846	-1.034644	0.058231	0.044704	-3.763547	-0.577108	-1.871539	-1.025564	-0.199012	0.085318	-3.767241	-0.644208	-1.106431	12.327409	-0.329356	-0.179892
-0.141137	-0.019712	-0.085149	-0.336499	-0.038060	0.029640	0.968828	-0.077451	-0.214910	-0.912027	0.055152	0.043127	-2.926294	-0.238599	-1.610865	-2.400478	-0.208440	0.101025	-4.331083	-0.365592	-0.706373	12.261724	-0.307803	-0.157722
-0.161896	-0.018785	-0.097801	-0.374658	-0.040191	0.030775	0.921578	-0.078476	-0.218058	-0.792839	0.052303	0.041760	-2.075932	0.092701	-1.265198	-3.815826	-0.213177	0.113493	-4.724952	-0.102466	-0.314776	11.918779	-0.284943	-0.136671
-0.174337	-0.014893	-0.106662	-0.426780	-0.042328	0.031993	0.872243	-0.077194	-0.217642	-0.679919	0.049691	0.040589	-1.244117	0.389257	-0.886120	-5.212287	-0.213686	0.121831	-4.933535	0.128205	0.041560	11.291976	-0.261226	-0.117193
-0.178876	-0.008658	-0.111931	-0.492120	-0.044441	0.033254	0.822750	-0.074094	-0.214244	-0.576037	0.047323	0.039597	-0.453823	0.623422	-0.526852	-6.533966	-0.211226	0.126080	-4.949259	0.310009	0.339769	10.388259	-0.236805	-0.099164
-0.176022	-0.000960	-0.114257	-0.569466	-0.046514	0.034523	0.775009	-0.069816	-0.208599	-0.483728	0.045206	0.038778	0.285316	0.769845	-0.232664	-7.734566	-0.207368	0.126933	-4.774103	0.427796	0.564558	9.230843	-0.211630	-0.081911
-0.166252	0.007128	-0.114592	-0.657270	-0.048549	0.035776	0.730805	-0.065126	-0.201494	-0.405136	0.043351	0.038133	0.977021	0.808828	-0.033443	-8.780458	-0.203465	0.125291	-4.420425	0.468975	0.710457	7.859278	-0.185564	-0.064453
-0.149908	0.014429	-0.113994	-0.753772	-0.050552	0.036995	0.691702	-0.060866	-0.193683	-0.341867	0.041765	0.037675	1.634396	0.730069	0.059805	-9.650210	-0.200305	0.121920	-3.910306	0.426065	0.781161	6.326911	-0.158546	-0.045851
-0.127162	0.019783	-0.113456	-0.857094	-0.052533	0.038168	0.658960	-0.057868	-0.185819	-0.294894	0.040458	0.037420	2.274597	0.535411	0.053790	-10.332127	-0.198058	0.117300	-3.274171	0.299762	0.786367	4.697233	-0.130773	-0.025500
-0.098021	0.022179	-0.113773	-0.965308	-0.054497	0.039285	0.633464	-0.056867	-0.178425	-0.264494	0.039430	0.037387	2.914085	0.239628	-0.031745	-10.821434	-0.196394	0.111611	-2.549618	0.100086	0.739437	3.040023	-0.102810	-0.003268
-0.062371	0.020873	-0.115470	-1.076486	-0.056443	0.040332	0.615665	-0.058425	-0.171840	-0.250227	0.038673	0.037591	3.565057	-0.130609	-0.169661	-11.117829	-0.194637	0.104765	-1.779900	-0.155779	0.658498	1.426650	-0.075607	0.020354
-0.020040	0.015480	-0.118770	-1.188721	-0.058362	0.041297	0.605548	-0.062890	-0.166164	-0.250980	0.038169	0.038031	4.233090	-0.539373	-0.330017	-11.223450	-0.191937	0.096498	-1.011755	-0.446531	0.567541	-0.075243	-0.050481	0.044067
0.029119	0.006020	-0.123600	-1.300134	-0.060237	0.042162	0.602608	-0.070367	-0.161244	-0.265031	0.037878	0.038689	4.915865	-0.945932	-0.482986	-11.141350	-0.187466	0.086503	-0.293986	-0.747668	0.492055	-1.405148	-0.029016	0.065796
0.085145	-0.007084	-0.129605	-1.408881	-0.062042	0.042907	0.605831	-0.080676	-0.156744	-0.290129	0.037751	0.039521	5.602658	-1.310416	-0.600541	-10.874638	-0.180530	0.074527	0.322357	-1.030878	0.449923	-2.509738	-0.012725	0.083217
0.147888	-0.023073	-0.136187	-1.513144	-0.063748	0.043511	0.613672	-0.093323	-0.152299	-0.323549	0.037726	0.040467	6.274293	-1.598930	-0.658146	-10.426309	-0.170540	0.060333	0.784069	-1.264716	0.444494	-3.342006	-0.002480	0.094584
0.216925	-0.040941	-0.142554	-1.611140	-0.065317	0.043948	0.624065	-0.107516	-0.147625	-0.362184	0.037746	0.041460	6.903657	-1.786743	-0.636750	-9.799605	-0.156981	0.043671	1.039254	-1.419327	0.467454	-3.863531	0.001944	0.099318
0.291494	-0.059538	-0.147799	-1.701129	-0.066712	0.044191	0.634518	-0.122262	-0.142519	-0.402698	0.037765	0.042440	7.456880	-1.859716	-0.524438	-8.998896	-0.139445	0.024334	1.045358	-1.474597	0.510631	-4.051348	0.001913	0.098005
0.370449	-0.077679	-0.150980	-1.781440	-0.067888	0.044213	0.642320	-0.136513	-0.136787	-0.441765	0.037761	0.043360	7.895596	-1.814152	-0.318158	-8.031137	-0.117663	0.002229	0.780211	-1.425078	0.573176	-3.906770	-0.000377	0.091998
0.452263	-0.094231	-0.151241	-1.850515	-0.068804	0.043987	0.644835	-0.149280	-0.130245	-0.476371	0.037737	0.044189	8.181387	-1.655139	-0.026108	-6.907521	-0.091528	-0.022594	0.251512	-1.276738	0.654152	-3.460545	-0.002416	0.082893
0.535091	-0.108176	-0.147934	-1.906959	-0.069415	0.043488	0.639827	-0.159683	-0.122843	-0.504069	0.037718	0.044910	8.282722	-1.394536	0.330708	-5.644400	-0.061173	-0.049886	-0.500822	-1.040277	0.740210	-2.769835	-0.001940	0.072082
0.616911	-0.118676	-0.140730	-1.949591	-0.069686	0.042698	0.625716	-0.166976	-0.114791	-0.523151	0.037745	0.045515	8.182087	-1.049943	0.720469	-4.263159	-0.027057	-0.079067	-1.411120	-0.729286	0.805183	-1.908236	0.002731	0.060508
0.695709	-0.125121	-0.129661	-1.977487	-0.069586	0.041606	0.601718	-0.170613	-0.106566	-0.532694	0.037872	0.046003	7.879741	-0.644517	1.106853	-2.789569	0.010048	-0.109164	-2.399767	-0.363692	0.822498	-0.954218	0.012742	0.048795
0.769634	-0.127188	-0.115094	-1.990014	-0.069094	0.040217	0.567861	-0.170332	-0.098795	-0.532516	0.038161	0.046380	7.392468	-0.206704	1.456665	-1.252690	0.049147	-0.138905	-3.385691	0.028071	0.777118	0.017782	0.028847	0.037674
0.837114	-0.124875	-0.097651	-1.986844	-0.068204	0.038548	0.524897	-0.166215	-0.092105	-0.523097	0.038674	0.046662	6.748073	0.231323	1.744308	0.316975	0.089058	-0.166859	-4.296483	0.411658	0.669018	0.941897	0.051346	0.028214
0.896894	-0.118497	-0.078129	-1.967947	-0.066919	0.036633	0.474149	-0.158692	-0.086990	-0.505484	0.039474	0.046878	5.977997	0.637740	1.952228	1.889643	0.128451	-0.191584	-5.074711	0.752347	0.511510	1.761246	0.079999	0.021578
0.948009	-0.108631	-0.057427	-1.933571	-0.065260	0.034515	0.417346	-0.148482	-0.083703	-0.481216	0.040615	0.047064	5.111497	0.986646	2.070189	3.437635	0.165931	-0.211786	-5.680373	1.020982	0.328689	2.426890	0.114053	0.018617
0.989743	-0.096014	-0.036477	-1.884215	-0.063258	0.032250	0.356437	-0.136498	-0.082187	-0.452231	0.042138	0.047261	4.173424	1.261652	2.095049	4.935621	0.200198	-0.226470	-6.090913	1.198441	0.151569	2.898409	0.152293	0.019715
1.021590	-0.081458	-0.016177	-1.820613	-0.060956	0.029899	0.293431	-0.123724	-0.082075	-0.420765	0.044068	0.047510	3.184623	1.455635	2.030017	6.360199	0.230188	-0.235064	-6.300546	1.277332	0.011244	3.146648	0.193047	0.024896
1.043224	-0.065775	0.002653	-1.743721	-0.058404	0.027524	0.230245	-0.111114	-0.082769	-0.389202	0.046410	0.047850	2.163395	1.568256	1.882985	7.689182	0.255145	-0.237491	-6.318570	1.261026	-0.069413	3.156264	0.234222	0.034023
1.054500	-0.049737	0.019302	-1.654714	-0.055658	0.025183	0.168596	-0.099502	-0.083578	-0.359950	0.049145	0.048319	1.127668	1.603798	1.664912	8.900735	0.274639	-0.234163	-6.164941	1.161268	-0.080855	2.925259	0.273460	0.046853
1.055473	-0.034034	0.033191	-1.554987	-0.052773	0.022924	0.109956	-0.089543	-0.083842	-0.335332	0.052229	0.048947	0.097301	1.570347	1.388855	9.972693	0.288530	-0.225840	-5.863994	0.995804	-0.026428	2.461731	0.308359	0.062836
1.046426	-0.019238	0.043889	-1.446165	-0.049804	0.020790	0.055557	-0.081677	-0.083030	-0.317523	0.055595	0.049756	-0.904698	1.479566	1.069758	10.882181	0.296879	-0.213450	-5.439953	0.786609	0.081171	1.780958	0.336670	0.080844
1.027901	-0.005781	0.051136	-1.330109	-0.046806	0.018811	0.006395	-0.076097	-0.080778	-0.308473	0.059160	0.050747	-1.852490	1.345689	0.724775	11.605543	0.299828	-0.197906	-4.916178	0.558077	0.225219	0.904997	0.356499	0.099124
1.000715	0.006053	0.054868	-1.208922	-0.043831	0.017011	-0.036772	-0.072752	-0.076866	-0.309832	0.062826	0.051903	-2.718669	1.183428	0.373190	12.118750	0.297494	-0.179966	-4.316672	0.334448	0.391177	-0.135948	0.366588	0.115555
0.965959	0.016111	0.055223	-1.084939	-0.040931	0.015410	-0.073445	-0.071385	-0.071180	-0.322857	0.066493	0.053184	-3.475548	1.005759	0.035471	12.398338	0.289925	-0.160141	-3.667351	0.136732	0.568610	-1.302419	0.366670	0.128183
0.924997	0.024336	0.052546	-0.960711	-0.038160	0.014022	-0.103398	-0.071583	-0.063704	-0.348323	0.070070	0.054543	-4.096183	0.822573	-0.267722	12.422782	0.277149	-0.138753	-2.995236	-0.019819	0.747649	-2.546599	0.357717	0.135842
0.879444	0.030743	0.047381	-0.838966	-0.035567	0.012862	-0.126647	-0.072851	-0.054539	-0.386482	0.073489	0.055928	-4.555360	0.640651	-0.516504	12.174520	0.259281	-0.116038	-2.324924	-0.126843	0.916480	-3.815960	0.341863	0.138526
0.831135	0.035394	0.040446	-0.722536	-0.033201	0.011940	-0.143383	-0.074672	-0.043907	-0.437070	0.076708	0.057301	-4.830923	0.465159	-0.693450	11.642938	0.236592	-0.092230	-1.673590	-0.182027	1.063221	-5.058795	0.321916	0.137288
0.782071	0.038417	0.032588	-0.614253	-0.031106	0.011263	-0.153855	-0.076534	-0.032114	-0.499365	0.079715	0.058640	-4.906361	0.302225	-0.785856	10.828306	0.209558	-0.067626	-1.047192	-0.186213	1.179294	-6.229532	0.300686	0.133859
0.734319	0.040028	0.024708	-0.516796	-0.029316	0.010836	-0.158257	-0.077932	-0.019502	-0.572286	0.082519	0.059941	-4.775152	0.161177	-0.787924	9.745754	0.178943	-0.042705	-0.440229	-0.139810	1.261133	-7.292058	0.280437	0.130173
0.689868	0.040577	0.017681	-0.432519	-0.027858	0.010654	-0.156649	-0.078343	-0.006409	-0.654492	0.085145	0.061220	-4.445145	0.054848	-0.702772	8.427657	0.145861	-0.018195	0.160790	-0.041114	1.309361	-8.220627	0.262591	0.127872
0.650469	0.040551	0.012242	-0.363289	-0.026740	0.010705	-0.148928	-0.077223	0.006856	-0.744482	0.087622	0.062499	-3.939854	-0.002640	-0.543891	6.923034	0.111727	0.005049	0.772128	0.111985	1.326519	-8.998958	0.247683	0.127888
0.617515	0.040551	0.008897	-0.310349	-0.025959	0.010969	-0.134846	-0.074043	0.020005	-0.840665	0.089976	0.063801	-3.295407	0.000061	-0.334520	5.293993	0.078104	0.026371	1.408218	0.318066	1.314873	-9.618275	0.235458	0.130236
0.591968	0.041223	0.007860	-0.274246	-0.025494	0.011425	-0.114056	-0.068357	0.032758	-0.941413	0.092227	0.065142	-2.554760	0.067189	-0.103647	3.610314	0.046537	0.045626	2.078986	0.568514	1.275302	-10.074816	0.225061	0.134099
0.574350	0.043160	0.009051	-0.254814	-0.025310	0.012056	-0.086166	-0.059897	0.044834	-1.045087	0.094380	0.066524	-1.761829	0.193707	0.119116	1.943143	0.018394	0.063150	2.788952	0.846024	1.207624	-10.367423	0.215277	0.138139
0.564771	0.046823	0.012119	-0.251223	-0.025362	0.012849	-0.050796	-0.048640	0.055952	-1.150044	0.096428	0.067932	-0.957866	0.366298	0.306766	0.359094	-0.005234	0.079315	3.537083	1.125724	1.111718	-10.495723	0.204797	0.140873
0.562956	0.052477	0.016494	-0.262056	-0.025598	0.013789	-0.007630	-0.034856	0.065834	-1.254636	0.098351	0.069342	-0.181447	0.565433	0.437561	-1.083270	-0.023542	0.093999	4.316596	1.378403	0.988215	-10.459139	0.192368	0.140939
0.568240	0.060145	0.021489	-0.285390	-0.025958	0.014853	0.043513	-0.019105	0.074219	-1.357202	0.100120	0.070714	0.528403	0.766746	0.499429	-2.333364	-0.035981	0.106387	5.114268	1.575113	0.838548	-10.256664	0.176846	0.137188
0.579520	0.069569	0.026437	-0.318848	-0.026381	0.016006	0.102603	-0.002184	0.080866	-1.456073	0.101692	0.072000	1.127943	0.942372	0.494797	-3.345848	-0.042303	0.115255	5.908998	1.692069	0.664673	-9.887055	0.157236	0.128691
0.595183	0.080207	0.030847	-0.359631	-0.026808	0.017201	0.169307	0.014959	0.085549	-1.549566	0.103020	0.073148	1.566332	1.063875	0.440997	-4.078261	-0.042733	0.119566	6.670373	1.714352	0.468324	-9.349274	0.132756	0.114753
0.613072	0.091289	0.034466	-0.404560	-0.027189	0.018393	0.242897	0.031337	0.088054	-1.635999	0.104049	0.074098	1.788840	1.108126	0.361909	-4.492898	-0.038123	0.119120	7.359028	1.637716	0.250439	-8.643319	0.102942	0.094998
0.630542	0.101930	0.037220	-0.450205	-0.027489	0.019542	0.322194	0.046025	0.088172	-1.713715	0.104727	0.074793	1.747030	1.064132	0.275372	-4.564523	-0.029970	0.114925	7.929738	1.468891	0.011814	-7.771673	0.067782	0.069461
0.644667	0.111288	0.039095	-0.493116	-0.027692	0.020631	0.405559	0.058267	0.085712	-1.781128	0.105005	0.075179	1.412515	0.935819	0.187588	-4.291124	-0.020312	0.108905	8.336440	1.224114	-0.245979	-6.741245	0.027755	0.038646
0.652548	0.118672	0.040077	-0.530130	-0.027806	0.021661	0.490945	0.067520	0.080503	-1.836778	0.104842	0.075214	0.788062	0.738418	0.098109	-3.701427	-0.011414	0.103007	8.538602	0.925359	-0.520920	-5.565038	-0.016273	0.003519
0.651661	0.123583	0.040161	-0.558666	-0.027859	0.022644	0.576038	0.073477	0.072394	-1.879405	0.104210	0.074868	-0.088647	0.491107	0.008476	-2.853569	-0.005261	0.098325	8.509335	0.595689	-0.810858	-4.262707	-0.063219	-0.034596
0.640169	0.125697	0.039426	-0.576922	-0.027890	0.023593	0.658470	0.076039	0.061277	-1.908004	0.103091	0.074127	-1.149195	0.211376	-0.073496	-1.825606	-0.003147	0.094858	8.243204	0.256211	-1.111744	-2.859841	-0.111913	-0.074164
0.617117	0.124844	0.038055	-0.583959	-0.027947	0.024512	0.736051	0.075292	0.047124	-1.921865	0.101480	0.072991	-2.305238	-0.085364	-0.137122	-0.703641	-0.005638	0.091922	7.758098	-0.074728	-1.415233	-1.386115	-0.161099	-0.113550
0.582477	0.121013	0.036280	-0.579676	-0.028074	0.025401	0.806936	0.071478	0.030034	-1.920592	0.099386	0.071481	-3.463990	-0.383030	-0.177470	0.428212	-0.012789	0.088876	7.088453	-0.381410	-1.709077	0.127307	-0.209355	-0.151055
0.537046	0.114374	0.034262	-0.564734	-0.028318	0.026257	0.869682	0.064967	0.010233	-1.904089	0.096835	0.069631	-4.543062	-0.663888	-0.201808	1.494280	-0.024349	0.085621	6.274594	-0.651113	-1.980074	1.650286	-0.255076	-0.184964
0.482263	0.105263	0.031977	-0.540439	-0.028717	0.027083	0.923230	0.056212	-0.011928	-1.872538	0.093869	0.067494	-5.478290	-0.911141	-0.228572	2.429480	-0.039929	0.082579	5.354806	-0.875432	-2.216080	3.155101	-0.296590	-0.213692
0.420021	0.094138	0.029163	-0.508650	-0.029308	0.027887	0.966853	0.045698	-0.035988	-1.826373	0.090546	0.065134	-6.224192	-1.112498	-0.281392	3.178926	-0.059106	0.080382	4.362314	-1.051443	-2.405988	4.616506	-0.332363	-0.235972
0.352501	0.081523	0.025339	-0.471666	-0.030123	0.028683	1.000107	0.033891	-0.061381	-1.766262	0.086934	0.062624	-6.752019	-1.261531	-0.382370	3.698308	-0.081457	0.079668	3.325410	-1.180732	-2.539295	6.011118	-0.361167	-0.251031
0.282012	0.067960	0.019885	-0.432105	-0.031188	0.029494	1.022792	0.021229	-0.087443	-1.693094	0.083112	0.060037	-7.048916	-1.356302	-0.545430	3.956159	-0.106492	0.081062	2.268508	-1.266209	-2.606255	7.316789	-0.382161	-0.258669
0.210840	0.053991	0.012184	-0.392745	-0.032523	0.030346	1.034927	0.008137	-0.113427	-1.607975	0.079164	0.057445	-7.117180	-1.396846	-0.770037	3.936002	-0.133549	0.085195	1.213502	-1.309184	-2.598355	8.511919	-0.394859	-0.259248
0.141128	0.040159	0.001816	-0.356386	-0.034140	0.031271	1.036743	-0.004950	-0.138514	-1.512228	0.075173	0.054909	-6.971191	-1.383178	-1.036843	3.635874	-0.161687	0.092526	0.181629	-1.308716	-2.508694	9.574668	-0.399093	-0.253582
0.074805	0.027013	-0.011262	-0.325730	-0.036037	0.032302	1.028696	-0.017583	-0.161839	-1.407403	0.071223	0.052481	-6.632342	-1.314683	-1.307828	3.065656	-0.189638	0.103057	-0.804726	-1.263208	-2.332480	10.482463	-0.394996	-0.242769
0.013556	0.015104	-0.026599	-0.303281	-0.038195	0.033464	1.011482	-0.029310	-0.182523	-1.295282	0.067393	0.050202	-6.124912	-1.190891	-1.533618	2.244869	-0.215862	0.116181	-1.721363	-1.172712	-2.068437	11.212119	-0.382998	-0.227971
-0.041196	0.004973	-0.043272	-0.291258	-0.040582	0.034771	0.986050	-0.039714	-0.199735	-1.177878	0.063755	0.048099	-5.475156	-1.013014	-1.667334	1.202270	-0.238697	0.130716	-2.543244	-1.040437	-1.721196	11.740417	-0.363786	-0.210230
-0.088328	-0.002884	-0.060059	-0.291493	-0.043148	0.036221	0.953583	-0.048444	-0.212770	-1.057429	0.060373	0.046195	-4.713236	-0.785759	-1.678718	-0.023438	-0.256556	0.144981	-3.246656	-0.873014	-1.303545	12.044915	-0.338264	-0.190421
-0.127083	-0.008073	-0.075674	-0.305323	-0.045829	0.037791	0.915469	-0.055245	-0.221144	-0.936376	0.057297	0.044502	-3.875537	-0.518918	-1.561506	-1.383046	-0.268174	0.157014	-3.811479	-0.680128	-0.837323	12.105240	-0.307558	-0.169316
-0.157124	-0.010357	-0.089002	-0.333505	-0.048559	0.039441	0.873241	-0.059988	-0.224668	-0.817324	0.054567	0.043026	-3.004019	-0.228348	-1.332784	-2.818210	-0.272926	0.165059	-4.222740	-0.474264	-0.352483	11.905254	-0.272965	-0.147615
-0.178533	-0.009718	-0.099280	-0.376166	-0.051269	0.041122	0.828528	-0.062693	-0.223512	-0.702962	0.052209	0.041767	-2.140968	0.063887	-1.027764	-4.266050	-0.271049	0.168058	-4.471286	-0.270490	0.115684	11.436234	-0.235841	-0.125838
-0.191743	-0.006411	-0.106205	-0.432825	-0.053905	0.042781	0.782990	-0.063547	-0.218205	-0.595956	0.050234	0.040726	-1.321007	0.330654	-0.692488	-5.665982	-0.263594	0.165880	-4.553874	-0.085410	0.530666	10.700530	-0.197473	-0.104162
-0.197388	-0.000986	-0.109956	-0.502488	-0.056426	0.044372	0.738258	-0.062898	-0.209613	-0.498811	0.048644	0.039902	-0.564446	0.542502	-0.375169	-6.966218	-0.252082	0.159175	-4.473161	0.064883	0.859228	9.714543	-0.159007	-0.082344
-0.196139	0.005731	-0.111132	-0.583764	-0.058806	0.045862	0.695880	-0.061231	-0.198852	-0.413715	0.047430	0.039304	0.124852	0.671742	-0.117616	-8.127603	-0.238047	0.148966	-4.237856	0.166707	1.076104	8.509569	-0.121397	-0.059838
-0.188571	0.012704	-0.110619	-0.675003	-0.061034	0.047224	0.657254	-0.059132	-0.187164	-0.342417	0.046576	0.038943	0.756826	0.697295	0.051297	-9.123978	-0.222714	0.136240	-3.862600	0.209878	1.168769	7.129814	-0.085382	-0.036100
-0.175069	0.018795	-0.109430	-0.774405	-0.063103	0.048442	0.623581	-0.057248	-0.175757	-0.286131	0.046061	0.038834	1.350234	0.609065	0.118983	-9.940190	-0.206904	0.121739	-3.367229	0.188398	1.140653	5.628607	-0.051532	-0.010885
-0.155791	0.022897	-0.108539	-0.880099	-0.065013	0.049501	0.595822	-0.056234	-0.165651	-0.245484	0.045858	0.038991	1.927747	0.410229	0.089059	-10.569409	-0.191068	0.105942	-2.775876	0.101441	1.010623	4.064683	-0.020344	0.015641
-0.130673	0.024067	-0.108753	-0.990206	-0.066767	0.050392	0.574658	-0.056687	-0.157563	-0.220493	0.045933	0.039420	2.511798	0.116972	-0.021372	-11.010611	-0.175345	0.089113	-2.116404	-0.045308	0.808772	2.499062	0.007589	0.042942
-0.099463	0.021633	-0.110611	-1.102868	-0.068363	0.051106	0.560459	-0.059083	-0.151839	-0.210577	0.046248	0.040121	3.120993	-0.243356	-0.185852	-11.266253	-0.159661	0.071393	-1.419937	-0.239617	0.572398	0.991631	0.031460	0.070061
-0.061792	0.015284	-0.114341	-1.216271	-0.069802	0.051635	0.553252	-0.063730	-0.148404	-0.214599	0.046751	0.041076	3.767100	-0.634960	-0.373014	-11.340262	-0.143879	0.052904	-0.720685	-0.464681	0.343538	-0.402152	0.050260	0.095506
-0.017265	0.005107	-0.119844	-1.328637	-0.071081	0.051974	0.552681	-0.070735	-0.146777	-0.230922	0.047380	0.042249	4.452706	-1.017634	-0.550241	-11.236594	-0.127890	0.033813	-0.057127	-0.700482	0.162667	-1.632313	0.062930	0.117315
0.034428	-0.008413	-0.126712	-1.438222	-0.072197	0.052116	0.557936	-0.079962	-0.146212	-0.257449	0.048067	0.043583	5.169353	-1.351985	-0.686800	-10.958487	-0.111579	0.014276	0.525462	-0.922759	0.056537	-2.652700	0.068662	0.133457
0.093391	-0.024456	-0.134283	-1.543305	-0.073144	0.052060	0.567674	-0.090988	-0.145927	-0.291645	0.048740	0.045008	5.896308	-1.604371	-0.757149	-10.508314	-0.094746	-0.005647	0.973882	-1.102574	0.028553	-3.419585	0.067350	0.142473
0.159399	-0.041964	-0.141716	-1.642185	-0.073915	0.051800	0.579982	-0.103099	-0.145305	-0.330588	0.049340	0.046449	6.600788	-1.750767	-0.743234	-9.888072	-0.077106	-0.026000	1.230777	-1.211110	0.062191	-3.894288	0.059967	0.144043
0.231799	-0.059758	-0.148068	-1.733191	-0.074499	0.051331	0.592428	-0.115389	-0.143943	-0.371098	0.049826	0.047840	7.240023	-1.779364	-0.635191	-9.100550	-0.058372	-0.046842	1.244551	-1.229014	0.136138	-4.051035	0.048585	0.139190
0.309451	-0.076666	-0.152391	-1.814701	-0.074882	0.050650	0.602264	-0.126913	-0.141593	-0.409974	0.050186	0.049140	7.765126	-1.690788	-0.432316	-8.151000	-0.038295	-0.068169	0.983644	-1.152327	0.235006	-3.887593	0.036056	0.129961
0.390729	-0.091623	-0.153837	-1.885190	-0.075049	0.049751	0.606762	-0.136809	-0.138148	-0.444301	0.050440	0.050327	8.127831	-1.495788	-0.144595	-7.048893	-0.016662	-0.089904	0.449766	-0.989617	0.344553	-3.432740	0.025409	0.118657
0.473634	-0.103749	-0.151760	-1.943281	-0.074982	0.048632	0.603585	-0.144365	-0.133721	-0.471743	0.050632	0.051397	8.290513	-1.212566	0.207673	-5.809141	0.006673	-0.111878	-0.317672	-0.755579	0.442642	-2.744140	0.019154	0.107022
0.555990	-0.112401	-0.145784	-1.987805	-0.074665	0.047295	0.591097	-0.149055	-0.128700	-0.490714	0.050821	0.052356	8.235570	-0.865236	0.597615	-4.452427	0.031697	-0.133734	-1.248838	-0.468991	0.502102	-1.897146	0.018932	0.095916
0.635676	-0.117225	-0.135812	-2.017852	-0.074083	0.045746	0.568519	-0.150596	-0.123674	-0.500429	0.051077	0.053212	7.968608	-0.482393	0.997194	-3.004653	0.058211	-0.154866	-2.257735	-0.154154	0.502621	-0.971495	0.025590	0.085641
0.710818	-0.118170	-0.122000	-2.032806	-0.073224	0.044001	0.535950	-0.148998	-0.119286	-0.500845	0.051470	0.053978	7.514231	-0.094443	1.381204	-1.495441	0.085870	-0.174497	-3.256947	0.159848	0.438771	-0.041628	0.039310	0.076539
0.779894	-0.115468	-0.104718	-2.032364	-0.072082	0.042083	0.494261	-0.144565	-0.116086	-0.492569	0.052067	0.054670	6.907563	0.270212	1.728213	0.044211	0.114191	-0.191798	-4.168869	0.443234	0.320029	0.827604	0.059651	0.069263
0.841747	-0.109576	-0.084518	-2.016522	-0.070657	0.040023	0.444939	-0.137860	-0.114415	-0.476760	0.052923	0.055316	6.185344	0.589215	2.019977	1.584278	0.142535	-0.205970	-4.932207	0.670565	0.167099	1.580894	0.085630	0.064536
0.895544	-0.101085	-0.062103	-1.985550	-0.068955	0.037860	0.389895	-0.129612	-0.114335	-0.455048	0.054082	0.055943	5.379686	0.849065	2.241504	3.097131	0.170169	-0.216342	-5.504424	0.824727	0.008041	2.171268	0.115864	0.062767
0.940701	-0.090631	-0.038289	-1.939970	-0.066991	0.035635	0.331275	-0.120625	-0.115594	-0.429440	0.055568	0.056582	4.515696	1.045364	2.381348	4.558031	0.196398	-0.222468	-5.861968	0.898730	-0.125933	2.560748	0.148694	0.063898
0.976821	-0.078824	-0.013979	-1.880520	-0.064784	0.033393	0.271278	-0.111672	-0.117654	-0.402209	0.057390	0.057257	3.611994	1.180773	2.431053	5.945003	0.220675	-0.224185	-5.999679	0.895264	-0.206037	2.723086	0.182201	0.067496
1.003649	-0.066203	0.009867	-1.808138	-0.062358	0.031177	0.211991	-0.103425	-0.119774	-0.375750	0.059533	0.057987	2.682818	1.262020	2.384583	7.238237	0.242632	-0.221623	-5.928774	0.824739	-0.211930	2.645969	0.214229	0.072932
1.021057	-0.053229	0.032256	-1.723945	-0.059738	0.029026	0.155269	-0.096397	-0.121130	-0.352449	0.061958	0.058781	1.740793	1.297408	2.238945	8.419229	0.262055	-0.215152	-5.672127	0.702781	-0.135617	2.330104	0.242536	0.079457
1.029051	-0.040271	0.052213	-1.629246	-0.056949	0.026973	0.102687	-0.090914	-0.120948	-0.334590	0.064608	0.059642	0.799370	1.295811	1.995658	9.469958	0.278872	-0.205294	-5.258204	0.548300	0.018157	1.785864	0.265035	0.086099
1.027792	-0.027605	0.068835	-1.525523	-0.054018	0.025047	0.055519	-0.087094	-0.118613	-0.324283	0.067408	0.060558	-0.125871	1.266587	1.662182	10.372294	0.293083	-0.192595	-4.716878	0.382073	0.233544	1.030712	0.279982	0.091623
1.017622	-0.015419	0.081366	-1.414447	-0.050972	0.023271	0.014735	-0.084847	-0.113743	-0.323394	0.070269	0.061505	-1.017069	1.218626	1.253122	11.107574	0.304630	-0.177521	-4.078333	0.224644	0.486958	0.088841	0.286094	0.094652
0.999078	-0.003837	0.089275	-1.297885	-0.047838	0.021667	-0.018999	-0.083912	-0.106215	-0.333475	0.073098	0.062445	-1.854340	1.158242	0.790879	11.656234	0.313328	-0.160422	-3.373454	0.093487	0.752840	-1.008040	0.282834	0.093961
0.972923	0.007040	0.092325	-1.177907	-0.044650	0.020251	-0.045337	-0.083906	-0.096130	-0.355674	0.075807	0.063335	-2.615545	1.087631	0.305036	11.997751	0.318877	-0.141572	-2.633804	0.000624	1.008524	-2.219952	0.270914	0.089034
0.940164	0.017094	0.090629	-1.056794	-0.041441	0.019039	-0.064239	-0.084391	-0.083776	-0.390666	0.078333	0.064141	-3.275914	1.005409	-0.169584	12.111329	0.320870	-0.121215	-1.890179	-0.048473	1.235326	-3.499216	0.252596	0.080562
0.902076	0.026183	0.084670	-0.937018	-0.038253	0.018043	-0.075936	-0.084936	-0.069593	-0.438600	0.080646	0.064845	-3.808764	0.908932	-0.595897	11.977534	0.318763	-0.099634	-1.169687	-0.054527	1.418345	-4.793363	0.231324	0.070407
0.860199	0.034156	0.075283	-0.821210	-0.035135	0.017270	-0.080857	-0.085161	-0.054121	-0.499097	0.082754	0.065456	-4.187689	0.797299	-0.938713	11.580872	0.311873	-0.077265	-0.492103	-0.022518	1.547134	-6.049695	0.210854	0.061092
0.816301	0.040900	0.063583	-0.712076	-0.032140	0.016723	-0.079520	-0.084743	-0.037949	-0.571300	0.084698	0.066007	-4.389810	0.674392	-1.170018	10.913356	0.299467	-0.054783	0.133755	0.041798	1.617231	-7.220328	0.194396	0.055181
0.772300	0.046414	0.050837	-0.612289	-0.029330	0.016391	-0.072401	-0.083388	-0.021634	-0.653965	0.086538	0.066554	-4.400052	0.551354	-1.274619	9.978715	0.280942	-0.033147	0.711836	0.135528	1.631545	-8.266425	0.184007	0.054655
0.730143	0.050883	0.038294	-0.524328	-0.026770	0.016255	-0.059835	-0.080787	-0.005644	-0.745565	0.088341	0.067158	-4.215747	0.446944	-1.254336	8.796139	0.256071	-0.013569	1.256634	0.260066	1.599006	-9.160063	0.180241	0.060359
0.691646	0.054719	0.027015	-0.450303	-0.024517	0.016283	-0.041958	-0.076596	0.009659	-0.844401	0.090162	0.067875	-3.849700	0.383558	-1.127822	7.402503	0.225283	0.002743	1.787688	0.419098	1.530253	-9.883557	0.182099	0.071734
0.658343	0.058507	0.017773	-0.391778	-0.022618	0.016434	-0.018717	-0.070452	0.023996	-0.948675	0.092036	0.068745	-3.330262	0.378817	-0.924186	5.852465	0.189873	0.015090	2.324122	0.614378	1.433713	-10.427466	0.187384	0.086974
0.631360	0.062877	0.011039	-0.349620	-0.021099	0.016671	0.010095	-0.062036	0.037141	-1.056557	0.093969	0.069779	-2.698355	0.437014	-0.673458	4.215796	0.151971	0.023699	2.881207	0.841608	1.314514	-10.788174	0.193300	0.103481
0.611338	0.068344	0.007025	-0.323908	-0.019957	0.016967	0.044779	-0.051154	0.048896	-1.166211	0.095939	0.070963	-2.002212	0.546754	-0.401398	2.571176	0.114189	0.029606	3.468398	1.088251	1.175523	-10.965416	0.197007	0.118395
0.598421	0.075207	0.005706	-0.313932	-0.019166	0.017307	0.085659	-0.037815	0.059081	-1.275814	0.097899	0.072254	-1.291618	0.686278	-0.131881	0.997637	0.079080	0.034009	4.087982	1.333930	1.018469	-10.960245	0.196028	0.129074
0.592276	0.083515	0.006803	-0.318257	-0.018679	0.017683	0.133003	-0.022283	0.067524	-1.383553	0.099784	0.073588	-0.614584	0.830825	0.109694	-0.432468	0.048689	0.037598	4.734344	1.553152	0.844283	-10.773941	0.188510	0.133421
0.592096	0.093082	0.009793	-0.334817	-0.018436	0.018086	0.186940	-0.005088	0.074053	-1.487632	0.101517	0.074889	-0.017981	0.956691	0.298958	-1.656034	0.024326	0.040330	5.393738	1.719478	0.652904	-10.407847	0.173323	0.130021
0.596589	0.103503	0.013991	-0.360998	-0.018371	0.018503	0.247380	0.013011	0.078482	-1.586268	0.103018	0.076070	0.449369	1.042092	0.419795	-2.618090	0.006489	0.041727	6.044001	1.809944	0.442956	-9.863658	0.150055	0.118183
0.603941	0.114183	0.018680	-0.393708	-0.018422	0.018918	0.313925	0.031097	0.080603	-1.677708	0.104208	0.077050	0.735180	1.068016	0.468943	-3.270974	-0.005147	0.041447	6.654460	1.808591	0.212058	-9.144023	0.118981	0.097949
0.611826	0.124398	0.023206	-0.429491	-0.018539	0.019316	0.385796	0.048183	0.080187	-1.760244	0.105018	0.077751	0.788492	1.021415	0.452632	-3.578367	-0.011681	0.039793	7.187145	1.708590	-0.041565	-8.253553	0.081021	0.070090
0.617541	0.133386	0.027013	-0.464740	-0.018687	0.019694	0.461793	0.063313	0.077018	-1.832248	0.105394	0.078111	0.571498	0.898883	0.380625	-3.524907	-0.014827	0.037802	7.599710	1.512980	-0.316892	-7.200378	0.037608	0.035999
0.618271	0.140454	0.029677	-0.496003	-0.018853	0.020061	0.540292	0.075653	0.070930	-1.892228	0.105298	0.078085	0.072987	0.706758	0.266426	-3.126302	-0.016606	0.036690	7.849871	1.233989	-0.608831	-5.998039	-0.009594	-0.002561
0.611434	0.145025	0.030989	-0.520328	-0.019042	0.020430	0.619314	0.084560	0.061845	-1.938896	0.104708	0.077647	-0.683689	0.457084	0.131206	-2.432516	-0.018872	0.036978	7.902186	0.890735	-0.908517	-4.666749	-0.058983	-0.043809
0.595025	0.146654	0.031015	-0.535537	-0.019271	0.020812	0.696689	0.089617	0.049799	-1.971227	0.103617	0.076786	-1.640888	0.162957	0.002637	-1.520829	-0.022881	0.038104	7.737558	0.505692	-1.204605	-3.233110	-0.109153	-0.086129
0.567879	0.145028	0.030073	-0.540362	-0.019563	0.021200	0.770295	0.090634	0.034951	-1.988509	0.102028	0.075506	-2.714633	-0.162596	-0.094236	-0.482503	-0.029201	0.038887	7.360570	0.101696	-1.484788	-1.728246	-0.158843	-0.128014
0.529785	0.139988	0.028584	-0.534456	-0.019942	0.021585	0.838269	0.087643	0.017578	-1.990358	0.099960	0.073827	-3.809399	-0.504011	-0.148871	0.590572	-0.037938	0.038414	6.797367	-0.299082	-1.737291	-0.184921	-0.206794	-0.167897
0.481435	0.131574	0.026870	-0.518308	-0.020432	0.021950	0.899119	0.080893	-0.001943	-1.976704	0.097444	0.071786	-4.835000	-0.841422	-0.171401	1.614788	-0.048978	0.036572	6.085077	-0.675021	-1.952087	1.365431	-0.251633	-0.204080
0.424257	0.120043	0.024977	-0.493127	-0.021053	0.022290	0.951734	0.070834	-0.023157	-1.947758	0.094525	0.069438	-5.717787	-1.153145	-0.189365	2.518120	-0.062132	0.033949	5.261442	-1.005857	-2.121460	2.894651	-0.291888	-0.234807
0.360219	0.105837	0.022593	-0.460725	-0.021825	0.022604	0.995332	0.058086	-0.045556	-1.903974	0.091264	0.066853	-6.403853	-1.420562	-0.238348	3.240180	-0.077192	0.031428	4.359801	-1.274804	-2.239848	4.378346	-0.326099	-0.258456
0.291632	0.089525	0.019081	-0.423397	-0.022765	0.022903	1.029415	0.043387	-0.068593	-1.846022	0.087734	0.064116	-6.858639	-1.631251	-0.351205	3.732857	-0.093924	0.029922	3.408305	-1.469918	-2.303714	5.795257	-0.352973	-0.273769
0.220962	0.071739	0.013605	-0.383765	-0.023885	0.023207	1.053724	0.027554	-0.091712	-1.774762	0.084019	0.061315	-7.066991	-1.778558	-0.547570	3.963191	-0.112040	0.030395	2.430869	-1.583273	-2.311940	7.125973	-0.371521	-0.280040
0.150627	0.053152	0.005363	-0.344600	-0.025196	0.023547	1.068207	0.011462	-0.114369	-1.691249	0.080208	0.058543	-7.033537	-1.858681	-0.824243	3.916438	-0.131150	0.033950	1.448361	-1.609255	-2.265676	8.351328	-0.381140	-0.277244
0.082821	0.034476	-0.006135	-0.308643	-0.026704	0.023963	1.073004	-0.003981	-0.136041	-1.596740	0.076391	0.055882	-6.780542	-1.867584	-1.149832	3.595692	-0.150725	0.041647	0.479665	-1.544248	-2.167144	9.450826	-0.381656	-0.266067
0.019406	0.016477	-0.020826	-0.278471	-0.028405	0.024504	1.068434	-0.017866	-0.156228	-1.492724	0.072658	0.053404	-6.341569	-1.799938	-1.469087	3.017203	-0.170153	0.054095	-0.456997	-1.388480	-2.018791	10.401645	-0.373362	-0.247817
-0.038127	-0.000035	-0.038007	-0.256423	-0.030294	0.025216	1.055010	-0.029354	-0.174467	-1.380939	0.069087	0.051162	-5.753253	-1.651231	-1.718079	2.204854	-0.188831	0.071163	-1.342387	-1.148814	-1.823899	11.178533	-0.357021	-0.224222
-0.088624	-0.014255	-0.056440	-0.244548	-0.032355	0.026135	1.033458	-0.037758	-0.190347	-1.263393	0.065750	0.049190	-5.049710	-1.422003	-1.843239	1.187465	-0.206108	0.091934	-2.155217	-0.840468	-1.587919	11.754600	-0.333763	-0.197164
-0.131243	-0.025471	-0.074592	-0.244555	-0.034566	0.027283	1.004731	-0.042624	-0.203540	-1.142365	0.062700	0.047505	-4.261954	-1.121529	-1.815208	-0.000716	-0.221087	0.114748	-2.872650	-0.486564	-1.319339	12.102736	-0.304945	-0.168479
-0.165448	-0.033158	-0.090927	-0.257738	-0.036892	0.028657	0.970012	-0.043783	-0.213837	-1.020388	0.059980	0.046107	-3.420437	-0.768701	-1.633550	-1.318318	-0.232610	0.137411	-3.471948	-0.115863	-1.029660	12.197675	-0.272056	-0.139826
-0.191012	-0.037058	-0.104161	-0.284903	-0.039288	0.030233	0.930690	-0.041380	-0.221162	-0.900198	0.057613	0.044981	-2.556470	-0.389988	-1.323354	-2.716436	-0.239620	0.157637	-3.932213	0.240252	-0.732521	12.019046	-0.236669	-0.112555
-0.208011	-0.037220	-0.113438	-0.326314	-0.041704	0.031969	0.888332	-0.035873	-0.225587	-0.784645	0.055609	0.044106	-1.699858	-0.016255	-0.927759	-4.141098	-0.241620	0.173574	-4.235742	0.550748	-0.442469	11.555266	-0.200363	-0.087570
-0.216752	-0.034019	-0.118438	-0.381694	-0.044093	0.033810	0.844638	-0.027996	-0.227324	-0.676572	0.053963	0.043453	-0.874077	0.320064	-0.499999	-5.537987	-0.238915	0.184133	-4.369443	0.787666	-0.173721	10.807326	-0.164654	-0.065243
-0.217675	-0.028144	-0.119390	-0.450269	-0.046418	0.035700	0.801368	-0.018709	-0.226712	-0.578657	0.052654	0.042999	-0.092294	0.587569	-0.095157	-6.857567	-0.232489	0.189007	-4.326957	0.928741	0.061161	9.791551	-0.130917	-0.045463
-0.211238	-0.020553	-0.117003	-0.530859	-0.048654	0.037584	0.760257	-0.009110	-0.224188	-0.493249	0.051651	0.042721	0.643645	0.759112	0.238693	-8.058971	-0.223630	0.188409	-4.111155	0.959861	0.252371	8.540719	-0.100276	-0.027769
-0.197827	-0.012396	-0.112321	-0.621975	-0.050790	0.039412	0.722900	-0.000338	-0.220257	-0.422218	0.050916	0.042606	1.341085	0.815621	0.468186	-9.111625	-0.213530	0.182738	-3.735668	0.877218	0.393159	7.103120	-0.073512	-0.011514
-0.177702	-0.004900	-0.106533	-0.721922	-0.052820	0.041135	0.690654	0.006548	-0.215460	-0.366822	0.050406	0.042646	2.012584	0.749597	0.578810	-9.994649	-0.203011	0.172382	-3.224580	0.688604	0.479658	5.539600	-0.051033	0.004009
-0.150982	0.000772	-0.100788	-0.828873	-0.054744	0.042712	0.664547	0.010675	-0.210344	-0.327629	0.050076	0.042840	2.671998	0.567211	0.574493	-10.695129	-0.192400	0.157654	-2.610737	0.412712	0.511631	3.919294	-0.032931	0.019425
-0.117666	0.003658	-0.096049	-0.940935	-0.056559	0.044100	0.645210	0.011434	-0.205391	-0.304481	0.049885	0.043191	3.331556	0.288603	0.473879	-11.206199	-0.181558	0.138816	-1.933702	0.075812	0.495258	2.314793	-0.019141	0.035083
-0.077669	0.003118	-0.092997	-1.056186	-0.058260	0.045262	0.632831	0.008504	-0.200932	-0.296508	0.049789	0.043699	3.999662	-0.053921	0.305199	-11.525122	-0.170061	0.116181	-1.237857	-0.292934	0.445983	0.797291	-0.009614	0.050787
-0.030879	-0.001085	-0.091988	-1.172699	-0.059835	0.046165	0.627122	0.001856	-0.197065	-0.302180	0.049745	0.044355	4.678997	-0.420309	0.100960	-11.651314	-0.157472	0.090263	-0.570976	-0.664787	0.386633	-0.567187	-0.004391	0.065640
0.022769	-0.008775	-0.093051	-1.288548	-0.061270	0.046783	0.627283	-0.008258	-0.193675	-0.319374	0.049710	0.045137	5.364895	-0.769010	-0.106340	-11.584813	-0.143546	0.061850	0.016101	-1.011465	0.338982	-1.719338	-0.003457	0.078197
0.083211	-0.019401	-0.095916	-1.401805	-0.062553	0.047102	0.631976	-0.021297	-0.190528	-0.345442	0.049646	0.046007	6.044111	-1.062646	-0.286487	-11.325779	-0.128259	0.031928	0.469324	-1.303876	0.314693	-2.606871	-0.006412	0.087023
0.150154	-0.032122	-0.100039	-1.510554	-0.063670	0.047118	0.639316	-0.036443	-0.187384	-0.377311	0.049524	0.046921	6.694312	-1.272081	-0.412336	-10.874869	-0.111705	0.001524	0.733970	-1.514585	0.314464	-3.186868	-0.012165	0.091381
0.223001	-0.045913	-0.104648	-1.612896	-0.064609	0.046834	0.646944	-0.052687	-0.184031	-0.411637	0.049336	0.047837	7.284696	-1.379074	-0.460892	-10.234150	-0.093968	-0.028398	0.762807	-1.624448	0.335308	-3.432598	-0.018880	0.091604
0.300781	-0.059679	-0.108811	-1.706981	-0.065360	0.046263	0.652231	-0.068956	-0.180279	-0.445065	0.049094	0.048726	7.778063	-1.376602	-0.416290	-9.408559	-0.075046	-0.057047	0.528744	-1.626848	0.375162	-3.342788	-0.024195	0.088884
0.382133	-0.072348	-0.111556	-1.791057	-0.065908	0.045424	0.652587	-0.084210	-0.176001	-0.474533	0.048837	0.049574	8.135217	-1.266914	-0.274502	-8.407541	-0.054827	-0.083925	0.035549	-1.525404	0.427771	-2.946786	-0.025646	0.084775
0.465354	-0.082945	-0.112024	-1.863517	-0.066240	0.044336	0.645782	-0.097506	-0.171246	-0.497538	0.048626	0.050381	8.322066	-1.059667	-0.046831	-7.245993	-0.033155	-0.108831	-0.680450	-1.329611	0.475571	-2.300503	-0.021160	0.080762
0.548527	-0.090659	-0.109608	-1.922959	-0.066339	0.043019	0.630201	-0.108049	-0.166321	-0.512295	0.048532	0.051161	8.317300	-0.771489	0.241614	-5.944227	-0.009968	-0.131680	-1.558071	-1.054295	0.492455	-1.475740	-0.009329	0.077986
0.629699	-0.094915	-0.104020	-1.968233	-0.066193	0.041496	0.604976	-0.115269	-0.161760	-0.517791	0.048638	0.051933	8.117175	-0.425526	0.558869	-4.527384	0.014660	-0.152289	-2.522537	-0.721949	0.456150	-0.549591	0.010613	0.077132
0.707054	-0.095410	-0.095279	-1.998477	-0.065787	0.039792	0.570021	-0.118895	-0.158166	-0.513762	0.049027	0.052718	7.735558	-0.049547	0.874094	-3.024469	0.040585	-0.170345	-3.495529	-0.362681	0.359377	0.402946	0.038841	0.078556
0.779048	-0.092137	-0.083661	-2.013144	-0.065110	0.037938	0.525989	-0.118993	-0.156046	-0.500628	0.049775	0.053544	7.199360	0.327324	1.161720	-1.466642	0.067661	-0.185486	-4.403127	-0.009764	0.211943	1.313334	0.074810	0.082542
0.844458	-0.085352	-0.069646	-2.011994	-0.064153	0.035964	0.474170	-0.115933	-0.155681	-0.479418	0.050947	0.054437	6.541041	0.678460	1.401558	0.114991	0.095690	-0.197411	-5.181932	0.306017	0.036514	2.120983	0.117198	0.089359
0.902374	-0.075522	-0.053865	-1.995082	-0.062910	0.033904	0.416336	-0.110332	-0.157038	-0.451686	0.052588	0.055427	5.791527	0.983083	1.578048	1.691158	0.124363	-0.205958	-5.783381	0.560081	-0.135669	2.773235	0.164091	0.099024
0.952138	-0.063244	-0.037064	-1.962729	-0.061377	0.031793	0.354571	-0.102972	-0.159728	-0.419420	0.054719	0.056539	4.976409	1.227802	1.680117	3.235311	0.153236	-0.211142	-6.176509	0.735992	-0.269006	3.226659	0.213156	0.111128
0.993288	-0.049184	-0.020055	-1.915490	-0.059560	0.029661	0.291074	-0.094709	-0.163032	-0.384916	0.057336	0.057788	4.115047	1.406001	1.700907	4.723867	0.181785	-0.213134	-6.349678	0.826319	-0.330359	3.450362	0.261671	0.124915
1.025498	-0.034021	-0.003682	-1.854131	-0.057465	0.027539	0.227968	-0.086386	-0.166008	-0.350628	0.060402	0.059182	3.220960	1.516245	1.637325	6.135925	0.209454	-0.212214	-6.310654	0.832266	-0.297599	3.428790	0.306608	0.139449
1.048532	-0.018409	0.011220	-1.779606	-0.055108	0.025452	0.167135	-0.078763	-0.167668	-0.319014	0.063851	0.060719	2.303381	1.561187	1.490167	7.452515	0.235702	-0.208707	-6.083314	0.762323	-0.165990	3.161360	0.344919	0.153699
1.062233	-0.002935	0.023866	-1.693050	-0.052508	0.023423	0.110126	-0.072456	-0.167155	-0.292426	0.067591	0.062384	1.370100	1.547388	1.264656	8.655610	0.260027	-0.202923	-5.700846	0.630707	0.051218	2.658876	0.373934	0.166484
1.066539	0.011918	0.033573	-1.595779	-0.049688	0.021472	0.058144	-0.067894	-0.163881	-0.273032	0.071507	0.064148	0.430649	1.485342	0.970707	9.727105	0.281994	-0.195123	-5.198250	0.456170	0.327418	1.939385	0.391605	0.176398
1.061525	0.025805	0.039802	-1.489301	-0.046676	0.019616	0.012066	-0.065287	-0.157588	-0.262770	0.075472	0.065967	-0.501422	1.388677	0.622806	10.647747	0.301211	-0.185520	-4.607797	0.260755	0.629324	1.026211	0.396560	0.181839
1.047447	0.038525	0.042196	-1.375338	-0.043503	0.017873	-0.027517	-0.064610	-0.148343	-0.263287	0.079354	0.067778	-1.407807	1.272052	0.239459	11.396350	0.317268	-0.174284	-3.958262	0.067716	0.924522	-0.051686	0.388197	0.181187
1.024789	0.050007	0.040616	-1.255840	-0.040206	0.016258	-0.060276	-0.065623	-0.136462	-0.275872	0.083024	0.069511	-2.265818	1.148159	-0.157961	11.949798	0.329664	-0.161504	-3.275962	-0.101371	1.188091	-1.258538	0.366974	0.173226
0.994298	0.060257	0.035154	-1.133002	-0.036829	0.014787	-0.086133	-0.067920	-0.122413	-0.301384	0.086372	0.071089	-3.049054	1.024991	-0.546241	12.283811	0.337773	-0.147179	-2.585612	-0.229713	1.404911	-2.551208	0.334814	0.157803
0.957016	0.069304	0.026147	-1.009259	-0.033420	0.013474	-0.105231	-0.070998	-0.106736	-0.340188	0.089325	0.072452	-3.728217	0.904689	-0.900658	12.374249	0.340829	-0.131286	-1.909863	-0.307800	1.567714	-3.880449	0.295253	0.136320
0.914293	0.077153	0.014189	-0.887268	-0.030041	0.012335	-0.117900	-0.074340	-0.089996	-0.392134	0.091855	0.073568	-4.272343	0.784880	-1.195816	12.199146	0.337927	-0.113896	-1.266908	-0.334169	1.673922	-5.194586	0.252975	0.111636
0.867784	0.083776	0.000107	-0.769848	-0.026760	0.011382	-0.124566	-0.077473	-0.072755	-0.456582	0.093983	0.074443	-4.650905	0.662390	-1.408205	11.741967	0.328075	-0.095249	-0.666586	-0.313338	1.724115	-6.444788	0.212863	0.087437
0.819408	0.089158	-0.015092	-0.659885	-0.023657	0.010624	-0.125635	-0.079984	-0.055525	-0.532484	0.095773	0.075116	-4.837576	0.538113	-1.519942	10.996279	0.310325	-0.075787	-0.106917	-0.251068	1.723044	-7.590152	0.178942	0.067336
0.771251	0.093366	-0.030319	-0.560177	-0.020817	0.010063	-0.121374	-0.081480	-0.038720	-0.618491	0.097309	0.075656	-4.815631	0.420817	-1.522660	9.970855	0.284047	-0.056137	0.426171	-0.149561	1.680482	-8.600735	0.153606	0.053972
0.725418	0.096636	-0.044521	-0.473244	-0.018323	0.009692	-0.111828	-0.081542	-0.022629	-0.713066	0.098682	0.076140	-4.583307	0.327023	-1.420206	8.693317	0.249325	-0.037071	0.954609	-0.006216	1.609076	-9.457492	0.137346	0.048427
0.683851	0.099390	-0.056805	-0.401135	-0.016250	0.009499	-0.096815	-0.079713	-0.007425	-0.814564	0.099972	0.076642	-4.156706	0.275425	-1.228409	7.210893	0.207327	-0.019319	1.501272	0.182875	1.520437	-10.149801	0.129024	0.050184
0.648163	0.102176	-0.066517	-0.345254	-0.014646	0.009467	-0.075976	-0.075541	0.006800	-0.921286	0.101237	0.077217	-3.568828	0.278538	-0.971234	5.588121	0.160415	-0.003223	2.083844	0.417185	1.422528	-10.672153	0.126487	0.057528
0.619508	0.105542	-0.073263	-0.306234	-0.013528	0.009583	-0.048861	-0.068664	0.019994	-1.031499	0.102509	0.077898	-2.865524	0.336596	-0.674582	3.901938	0.111821	0.011564	2.711583	0.687692	1.319386	-11.021385	0.127182	0.068099
0.598507	0.109915	-0.076882	-0.283890	-0.012878	0.009841	-0.015014	-0.058901	0.032116	-1.143450	0.103794	0.078692	-2.100042	0.437325	-0.361884	2.234377	0.065000	0.025882	3.384656	0.976342	1.212187	-11.195037	0.128538	0.079375
0.585231	0.115526	-0.077433	-0.277251	-0.012648	0.010245	0.025934	-0.046318	0.043119	-1.255358	0.105076	0.079582	-1.327611	0.561128	-0.055071	0.663901	0.022984	0.040339	4.094750	1.258270	1.100235	-11.190798	0.128176	0.088983
0.579211	0.122392	-0.075200	-0.284662	-0.012768	0.010791	0.074194	-0.031266	0.052931	-1.365423	0.106317	0.080531	-0.602044	0.686618	0.223290	-0.741107	-0.012021	0.054610	4.826061	1.505253	0.981224	-11.006569	0.124060	0.094898
0.579450	0.130317	-0.070671	-0.303896	-0.013156	0.011465	0.129754	-0.014369	0.061441	-1.471831	0.107463	0.081486	0.023917	0.792496	0.452891	-1.923342	-0.038756	0.067432	5.555983	1.689717	0.850973	-10.640775	0.114589	0.095561
0.584410	0.138891	-0.064459	-0.332230	-0.013724	0.012238	0.192306	0.003520	0.068473	-1.572760	0.108449	0.082386	0.495996	0.857377	0.621182	-2.833429	-0.056876	0.077263	6.255229	1.788870	0.703226	-10.092866	0.098662	0.089921
0.591993	0.147503	-0.057216	-0.366512	-0.014393	0.013069	0.261189	0.021401	0.073777	-1.666402	0.109207	0.083160	0.758344	0.861224	0.724272	-3.428215	-0.066870	0.083133	6.888289	1.788059	0.530381	-9.364211	0.075739	0.077451
0.599600	0.155402	-0.049600	-0.403266	-0.015093	0.013922	0.335345	0.038228	0.077028	-1.750998	0.109665	0.083741	0.760654	0.789832	0.761657	-3.675401	-0.069949	0.085243	7.415577	1.682701	0.325145	-8.459585	0.045876	0.058132
0.604320	0.161800	-0.042283	-0.438909	-0.015772	0.014772	0.413321	0.053017	0.077847	-1.824889	0.109762	0.084066	0.472017	0.639840	0.731658	-3.564299	-0.067964	0.084998	7.797639	1.478905	0.081877	-7.389121	0.009672	0.032421
0.603270	0.165996	-0.035933	-0.470073	-0.016404	0.015614	0.493334	0.064944	0.075821	-1.886589	0.109443	0.084077	-0.105031	0.419569	0.634977	-3.116406	-0.063216	0.084235	8.001224	1.192687	-0.202625	-6.169960	-0.031899	0.001172
0.593985	0.167439	-0.031089	-0.493948	-0.016984	0.016455	0.573401	0.073419	0.070551	-1.934853	0.108667	0.083732	-0.928474	0.144329	0.484467	-2.387493	-0.057922	0.084076	8.006699	0.847483	-0.526967	-4.826460	-0.077663	-0.034508
0.574763	0.165747	-0.027984	-0.508536	-0.017520	0.017298	0.651541	0.078121	0.061740	-1.968738	0.107404	0.082998	-1.922214	-0.169227	0.310480	-1.458746	-0.053628	0.084333	7.814084	0.470293	-0.881087	-3.388448	-0.126303	-0.073373
0.544858	0.160703	-0.026459	-0.512762	-0.018031	0.018137	0.725969	0.078998	0.049298	-1.987619	0.105641	0.081859	-2.990528	-0.504381	0.152517	-0.422621	-0.051098	0.083869	7.442749	0.087705	-1.244171	-1.888128	-0.176298	-0.113990
0.504491	0.152281	-0.026054	-0.506462	-0.018538	0.018952	0.795198	0.076228	0.033411	-1.991187	0.103382	0.080313	-4.036715	-0.842188	0.040442	0.630025	-0.050710	0.081561	6.922908	-0.277093	-1.588708	-0.356792	-0.225827	-0.154582
0.454698	0.140666	-0.026257	-0.490279	-0.019066	0.019723	0.858042	0.070165	0.014527	-1.979412	0.100654	0.078383	-4.979282	-1.161459	-0.020225	1.618285	-0.052822	0.077105	6.284393	-0.606269	-1.888430	1.177481	-0.272799	-0.193019
0.397105	0.126240	-0.026742	-0.465537	-0.019645	0.020435	0.913547	0.061281	-0.006714	-1.952507	0.097504	0.076112	-5.759226	-1.442670	-0.048520	2.474169	-0.057845	0.071175	5.550517	-0.888396	-2.124087	2.690482	-0.315049	-0.227058
0.333723	0.109521	-0.027511	-0.434117	-0.020306	0.021085	0.960938	0.050102	-0.029558	-1.910895	0.093998	0.073565	-6.338283	-1.671854	-0.076900	3.141993	-0.066144	0.065017	4.739085	-1.117853	-2.284428	4.161244	-0.350604	-0.254678
0.266779	0.091112	-0.028893	-0.398340	-0.021086	0.021685	0.999600	0.037182	-0.053204	-1.855186	0.090219	0.070822	-6.694391	-1.840945	-0.138179	3.577724	-0.077982	0.059956	3.866217	-1.292068	-2.364566	5.570895	-0.377898	-0.274355
0.198581	0.071657	-0.031446	-0.360834	-0.022021	0.022257	1.029085	0.023100	-0.076848	-1.786170	0.086260	0.067969	-6.819810	-1.945515	-0.255370	3.750597	-0.093493	0.057222	2.948525	-1.408197	-2.364443	6.901550	-0.395896	-0.285255
0.131364	0.051832	-0.035777	-0.324375	-0.023147	0.022837	1.049118	0.008484	-0.099726	-1.704817	0.082219	0.065096	-6.721650	-1.982466	-0.433059	3.645936	-0.112599	0.058031	2.003250	-1.461599	-2.287771	8.135288	-0.404132	-0.287331
0.067155	0.032346	-0.042281	-0.291718	-0.024496	0.023472	1.059601	-0.005984	-0.121135	-1.612287	0.078191	0.062282	-6.420877	-1.948612	-0.650419	3.265664	-0.134862	0.063485	1.048307	-1.446792	-2.140871	9.253062	-0.402708	-0.281332
0.007680	0.013941	-0.050907	-0.265467	-0.026090	0.024214	1.060633	-0.019585	-0.140453	-1.509949	0.074269	0.059596	-5.947515	-1.840516	-0.862623	2.625056	-0.159421	0.074204	0.103233	-1.360087	-1.931827	10.233789	-0.392270	-0.268635
-0.045663	-0.002623	-0.061065	-0.247983	-0.027941	0.025114	1.052534	-0.031612	-0.157158	-1.399407	0.070530	0.057087	-5.334338	-1.656389	-1.015741	1.748409	-0.185110	0.090019	-0.809952	-1.202660	-1.670516	11.054155	-0.373904	-0.250947
-0.091797	-0.016618	-0.071743	-0.241315	-0.030047	0.026213	1.035861	-0.041437	-0.170851	-1.282515	0.067040	0.054787	-4.613353	-1.399474	-1.067868	0.666797	-0.210635	0.109848	-1.667275	-0.982508	-1.369259	11.689225	-0.348966	-0.229986
-0.129966	-0.027421	-0.081773	-0.247129	-0.032394	0.027531	1.011416	-0.048575	-0.181287	-1.161381	0.063851	0.052714	-3.816957	-1.080284	-1.002939	-0.581354	-0.234677	0.131761	-2.444512	-0.713833	-1.043623	12.113445	-0.318893	-0.207266
-0.159777	-0.034582	-0.090088	-0.266614	-0.034954	0.029064	0.980227	-0.052720	-0.188415	-1.038361	0.061000	0.050874	-2.981062	-0.716074	-0.831498	-1.948552	-0.256042	0.153364	-3.118884	-0.414493	-0.712812	12.301974	-0.285128	-0.184048
-0.181227	-0.037872	-0.095920	-0.300400	-0.037694	0.030789	0.943526	-0.053760	-0.192401	-0.916032	0.058509	0.049260	-2.145009	-0.328990	-0.583247	-3.378569	-0.273950	0.172486	-3.670072	-0.104024	-0.398610	12.232888	-0.249107	-0.161351
-0.194685	-0.037321	-0.098906	-0.348510	-0.040576	0.032667	0.902719	-0.051793	-0.193625	-0.797126	0.056386	0.047861	-1.345834	0.055047	-0.298580	-4.810975	-0.288258	0.187763	-4.080738	0.196712	-0.122430	11.890628	-0.212226	-0.139924
-0.200786	-0.033250	-0.099118	-0.410393	-0.043570	0.034655	0.859349	-0.047136	-0.192643	-0.684425	0.054628	0.046660	-0.610018	0.407059	-0.021227	-6.188267	-0.299394	0.198785	-4.337025	0.465669	0.098295	11.270107	-0.175815	-0.120126
-0.200266	-0.026285	-0.097028	-0.485013	-0.046650	0.036713	0.815052	-0.040329	-0.190118	-0.580622	0.053217	0.045641	0.051938	0.696549	0.209024	-7.462015	-0.307996	0.205842	-4.429698	0.680740	0.252502	10.380298	-0.141095	-0.101877
-0.193812	-0.017343	-0.093401	-0.570971	-0.049795	0.038807	0.771489	-0.032110	-0.186758	-0.488159	0.052126	0.044793	0.645459	0.894152	0.362721	-8.595846	-0.314470	0.209452	-4.356273	0.821854	0.335930	9.246229	-0.109140	-0.084752
-0.181936	-0.007588	-0.089155	-0.666626	-0.052982	0.040907	0.730259	-0.023374	-0.183250	-0.409075	0.051318	0.044111	1.187564	0.975506	0.424553	-9.565478	-0.318709	0.209960	-4.123022	0.873629	0.350789	7.908434	-0.080820	-0.068204
-0.164925	0.001673	-0.085215	-0.770195	-0.056183	0.042981	0.692806	-0.015095	-0.180193	-0.344877	0.050750	0.043594	1.701124	0.926124	0.394022	-10.356939	-0.320116	0.207364	-3.745258	0.827946	0.305683	6.419852	-0.056758	-0.051767
-0.142826	0.009127	-0.082383	-0.879835	-0.059362	0.044995	0.660347	-0.008236	-0.178046	-0.296461	0.050377	0.043242	2.209848	0.745449	0.283221	-10.963996	-0.317854	0.201416	-3.245900	0.685890	0.214786	4.841533	-0.037354	-0.035141
-0.115480	0.013607	-0.081258	-0.993691	-0.062473	0.046913	0.633812	-0.003655	-0.177083	-0.264078	0.050148	0.043060	2.734622	0.448011	0.112471	-11.385538	-0.311129	0.191807	-2.653519	0.458086	0.096250	3.238295	-0.022878	-0.018201
-0.082569	0.014226	-0.082203	-1.109925	-0.065467	0.048696	0.613808	-0.002031	-0.177360	-0.247337	0.050012	0.043049	3.291118	0.061819	-0.094490	-11.623458	-0.299394	0.178300	-2.000405	0.162377	-0.027637	1.674171	-0.013582	-0.001118
-0.043684	0.010482	-0.085341	-1.226736	-0.068291	0.050304	0.600600	-0.003826	-0.178655	-0.245258	0.049914	0.043203	3.888439	-0.374345	-0.313795	-11.681045	-0.282406	0.160790	-1.320792	-0.179451	-0.129540	0.207899	-0.009795	0.015381
0.001599	0.002335	-0.090568	-1.342353	-0.070893	0.051697	0.594096	-0.009251	-0.180462	-0.256353	0.049794	0.043501	4.528308	-0.814722	-0.522739	-11.561774	-0.260169	0.139323	-0.650402	-0.542522	-0.180758	-1.109545	-0.011984	0.029864
0.053640	-0.009788	-0.097571	-1.455039	-0.073221	0.052838	0.593811	-0.018223	-0.182073	-0.278691	0.049588	0.043906	5.204085	-1.212297	-0.700252	-11.268569	-0.232860	0.114085	-0.028451	-0.897239	-0.161003	-2.233804	-0.020669	0.040425
0.112633	-0.025040	-0.105849	-1.563075	-0.075229	0.053691	0.598802	-0.030310	-0.182752	-0.309929	0.049227	0.044358	5.899307	-1.525224	-0.827763	-10.803560	-0.200774	0.085348	0.499087	-1.208671	-0.067956	-3.123805	-0.036019	0.045271
0.178497	-0.042258	-0.114750	-1.664758	-0.076873	0.054226	0.607586	-0.044719	-0.181919	-0.347332	0.048654	0.044792	6.586414	-1.721770	-0.890156	-10.168274	-0.164341	0.053475	0.878331	-1.440915	0.083289	-3.740323	-0.057301	0.043357
0.250764	-0.060092	-0.123514	-1.758402	-0.078114	0.054416	0.618104	-0.060383	-0.179195	-0.387830	0.047828	0.045140	7.226758	-1.783443	-0.876406	-9.364402	-0.124172	0.018999	1.051844	-1.566370	0.272428	-4.049791	-0.082597	0.034832
0.328492	-0.077158	-0.131323	-1.842355	-0.078925	0.054243	0.627807	-0.076116	-0.174349	-0.428167	0.046739	0.045352	7.772723	-1.706523	-0.780916	-8.395388	-0.081100	-0.017302	0.970321	-1.573325	0.484594	-4.033661	-0.108973	0.021158
0.410221	-0.092168	-0.137380	-1.915042	-0.079286	0.053698	0.633899	-0.090772	-0.167272	-0.465163	0.045409	0.045399	8.172961	-1.501078	-0.605704	-7.268643	-0.036095	-0.054470	0.609183	-1.465579	0.707648	-3.699631	-0.132943	0.004706
0.494037	-0.104044	-0.140999	-1.975016	-0.079188	0.052783	0.633712	-0.103331	-0.158053	-0.496032	0.043898	0.045278	8.381624	-1.187581	-0.361825	-5.997435	0.009855	-0.091494	-0.018760	-1.255908	0.921942	-3.086909	-0.151145	-0.012143
0.577733	-0.111980	-0.141681	-2.021032	-0.078629	0.051510	0.625084	-0.112943	-0.147077	-0.518637	0.042288	0.045000	8.369518	-0.793578	-0.068288	-4.601584	0.055823	-0.127358	-0.862715	-0.961172	1.097653	-2.260444	-0.160956	-0.027748
0.659047	-0.115503	-0.139164	-2.052102	-0.077620	0.049899	0.606636	-0.118978	-0.135032	-0.531620	0.040682	0.044587	8.131480	-0.352269	0.251696	-3.107039	0.100982	-0.161056	-1.844845	-0.603549	1.204504	-1.298300	-0.160668	-0.041317
0.735905	-0.114518	-0.133416	-2.067548	-0.076174	0.047983	0.577873	-0.121115	-0.122794	-0.534417	0.039188	0.044062	7.685772	0.098472	0.574812	-1.544529	0.144583	-0.191667	-2.876303	-0.213684	1.223708	-0.279687	-0.149368	-0.052472
0.806569	-0.109322	-0.124625	-2.067019	-0.074315	0.045799	0.539151	-0.119409	-0.111268	-0.527190	0.037920	0.043455	7.066429	0.519628	0.879141	0.052893	0.185833	-0.218376	-3.872148	0.170589	1.152620	0.722670	-0.126823	-0.060687
0.869697	-0.100550	-0.113185	-2.050491	-0.072078	0.043394	0.491537	-0.114305	-0.101235	-0.510738	0.036986	0.042805	6.312727	0.877198	1.143968	1.652801	0.223798	-0.240451	-4.761400	0.510409	1.003334	1.645239	-0.093381	-0.065081
0.924304	-0.089072	-0.099677	-2.018237	-0.069503	0.040821	0.436623	-0.106573	-0.093239	-0.486406	0.036487	0.042158	5.460698	1.147788	1.350800	3.225413	0.257473	-0.257293	-5.491443	0.773204	0.799566	2.433119	-0.049917	-0.064677
0.969699	-0.075863	-0.084822	-1.970794	-0.066643	0.038136	0.376338	-0.097193	-0.087514	-0.456010	0.036508	0.041570	4.539578	1.320916	1.485499	4.744246	0.285933	-0.268540	-6.028526	0.937969	0.572482	3.039656	0.002145	-0.058752
1.005420	-0.061884	-0.069428	-1.908934	-0.063559	0.035395	0.312768	-0.087222	-0.083962	-0.421726	0.037116	0.041101	3.572071	1.397876	1.539415	6.186069	0.308427	-0.274089	-6.357014	0.997148	0.355274	3.428339	0.060780	-0.046956
1.031180	-0.047997	-0.054338	-1.833629	-0.060316	0.032655	0.247985	-0.077667	-0.082189	-0.385969	0.038350	0.040808	2.575990	1.388639	1.508969	7.530458	0.324361	-0.274037	-6.478300	0.955523	0.177264	3.575718	0.123385	-0.029240
1.046845	-0.034911	-0.040389	-1.746041	-0.056983	0.029969	0.183905	-0.069390	-0.081606	-0.351243	0.040219	0.040750	1.566531	1.308690	1.394906	8.758767	0.333261	-0.268611	-6.408001	0.827681	0.058347	3.472657	0.186877	-0.005830
1.052434	-0.023141	-0.028369	-1.647514	-0.053635	0.027387	0.122196	-0.063037	-0.081550	-0.320017	0.042697	0.040976	0.558894	1.176963	1.202058	9.852731	0.334819	-0.258157	-6.170832	0.635289	0.005547	3.122601	0.247874	0.022622
1.048136	-0.012999	-0.018971	-1.539581	-0.050345	0.024955	0.064248	-0.058992	-0.081414	-0.294635	0.045727	0.041524	-0.429820	1.014241	0.939757	10.793292	0.329008	-0.243183	-5.794856	0.404507	0.013613	2.538120	0.302950	0.054753
1.034335	-0.004589	-0.012745	-1.423981	-0.047183	0.022712	0.011172	-0.057359	-0.080719	-0.277251	0.049216	0.042408	-1.380102	0.840923	0.622651	11.559990	0.316202	-0.224376	-5.307561	0.163276	0.069497	1.738430	0.348951	0.088389
1.011632	0.002155	-0.010034	-1.302672	-0.044211	0.020686	-0.036176	-0.057976	-0.079133	-0.269758	0.053050	0.043616	-2.270294	0.674396	0.271090	12.130938	0.297179	-0.202532	-4.734771	-0.061700	0.158611	0.749303	0.383342	0.120809
0.980865	0.007423	-0.010930	-1.177839	-0.041481	0.018902	-0.077188	-0.060457	-0.076436	-0.273716	0.057096	0.045108	-3.076710	0.526824	-0.089582	12.483315	0.273037	-0.178453	-4.101227	-0.248045	0.269710	-0.395837	0.404585	0.149263
0.943130	0.011463	-0.015235	-1.051894	-0.039030	0.017373	-0.111495	-0.064259	-0.072483	-0.290272	0.061220	0.046824	-3.773514	0.404003	-0.430523	12.594453	0.245094	-0.152907	-3.430682	-0.380244	0.395273	-1.655568	0.412492	0.171586
0.899800	0.014520	-0.022446	-0.927456	-0.036882	0.016106	-0.138938	-0.068768	-0.067194	-0.320091	0.065304	0.048691	-4.333034	0.305729	-0.721139	12.443772	0.214770	-0.126644	-2.744373	-0.450892	0.528896	-2.981900	0.408362	0.186704
0.852526	0.016798	-0.031759	-0.807297	-0.035048	0.015102	-0.159521	-0.073370	-0.060556	-0.363326	0.069252	0.050639	-4.727370	0.227775	-0.931266	12.015919	0.183425	-0.100376	-2.058231	-0.460169	0.663824	-4.323448	0.394746	0.194816
0.803211	0.018450	-0.042103	-0.694247	-0.033526	0.014355	-0.173321	-0.077504	-0.052626	-0.419622	0.073000	0.052612	-4.931475	0.165192	-1.034379	11.305068	0.152196	-0.074745	-1.380051	-0.413424	0.792968	-5.629617	0.374891	0.197241
0.753936	0.019613	-0.052221	-0.591052	-0.032307	0.013852	-0.180401	-0.080676	-0.043530	-0.488171	0.076521	0.054572	-4.927480	0.116273	-1.011831	10.319487	0.121905	-0.050313	-0.707942	-0.317241	0.909652	-6.854911	0.352075	0.196048
0.706841	0.020469	-0.060796	-0.500204	-0.031376	0.013575	-0.180714	-0.082433	-0.033436	-0.567793	0.079811	0.056507	-4.709573	0.085626	-0.857522	9.084798	0.093086	-0.027648	-0.031377	-0.175672	1.009324	-7.962175	0.329004	0.193462
0.663964	0.021311	-0.066615	-0.423758	-0.030714	0.013502	-0.174067	-0.082327	-0.022532	-0.657029	0.082886	0.058419	-4.287648	0.084208	-0.581837	7.644578	0.066153	-0.007367	0.664752	0.010645	1.090412	-8.923653	0.307465	0.191211
0.627082	0.022558	-0.068733	-0.363175	-0.030298	0.013602	-0.160121	-0.079913	-0.011006	-0.754228	0.085768	0.060320	-3.688206	0.124657	-0.211852	6.058281	0.041610	0.010044	1.394561	0.241318	1.152649	-9.719886	0.288252	0.190081
0.597557	0.024692	-0.066593	-0.319202	-0.030096	0.013848	-0.138454	-0.074802	0.000937	-0.857605	0.088481	0.062218	-2.952529	0.213472	0.214061	4.397328	0.020215	0.024546	2.166704	0.511129	1.194328	-10.337724	0.271234	0.189809
0.576232	0.028152	-0.060065	-0.291809	-0.030067	0.014214	-0.108632	-0.066738	0.013044	-0.965290	0.091036	0.064111	-2.132464	0.345981	0.652796	2.739298	0.002911	0.036622	2.982192	0.806432	1.210671	-10.768435	0.255565	0.189336
0.563385	0.033232	-0.049474	-0.280204	-0.030161	0.014682	-0.070293	-0.055689	0.024984	-1.075350	0.093436	0.065984	-1.284702	0.508035	1.059020	1.160450	-0.009390	0.046817	3.833940	1.104847	1.193982	-11.006064	0.239996	0.187279
0.558724	0.040044	-0.035609	-0.282910	-0.030321	0.015233	-0.023220	-0.041908	0.036334	-1.185813	0.095668	0.067808	-0.466133	0.681183	1.386520	-0.270604	-0.016045	0.055137	4.707265	1.378125	1.134989	-11.046283	0.223176	0.182370
0.561395	0.048505	-0.019667	-0.297857	-0.030490	0.015843	0.032585	-0.025939	0.046580	-1.294673	0.097707	0.069544	0.267121	0.846115	1.594213	-1.494693	-0.016833	0.060916	5.580566	1.596868	1.024595	-10.886016	0.203836	0.173659
0.569969	0.058337	-0.003103	-0.322455	-0.030610	0.016475	0.096838	-0.008585	0.055138	-1.399910	0.099516	0.071150	0.857421	0.983166	1.656384	-2.459755	-0.012034	0.063248	6.425238	1.735391	0.855781	-10.523656	0.180902	0.160528
0.582412	0.069060	0.012597	-0.353646	-0.030634	0.017091	0.168886	0.009168	0.061393	-1.499505	0.101052	0.072576	1.244303	1.072326	1.570057	-3.119124	-0.002462	0.061617	7.204855	1.775366	0.625578	-9.959544	0.153604	0.142647
0.596108	0.080019	0.026122	-0.388001	-0.030529	0.017656	0.247641	0.026246	0.064760	-1.591474	0.102267	0.073776	1.369576	1.095893	1.352441	-3.435506	0.010513	0.056457	7.875437	1.707787	0.336633	-9.196870	0.121593	0.119947
0.608007	0.090451	0.036441	-0.421913	-0.030280	0.018149	0.331524	0.041583	0.064742	-1.673906	0.103117	0.074702	1.189888	1.043210	1.031882	-3.391156	0.024959	0.049367	8.388336	1.533684	-0.001752	-8.243209	0.084975	0.092615
0.614921	0.099581	0.042874	-0.451904	-0.029894	0.018575	0.418486	0.054222	0.061005	-1.745030	0.103560	0.075313	0.691440	0.912971	0.643336	-2.999135	0.038558	0.042544	8.696192	1.263881	-0.373741	-7.112341	0.044256	0.061079
0.613922	0.106689	0.045170	-0.474987	-0.029403	0.018950	0.506111	0.063393	0.053413	-1.803284	0.103562	0.075573	-0.099952	0.710791	0.229586	-2.308325	0.049125	0.037530	8.762508	0.917145	-0.759164	-5.825436	0.000211	0.026057
0.602743	0.111139	0.043564	-0.488965	-0.028851	0.019293	0.591840	0.068562	0.042050	-1.847391	0.103100	0.075459	-1.117827	0.444982	-0.160585	-1.397816	0.055232	0.034329	8.572884	0.516922	-1.136311	-4.410708	-0.046209	-0.011384
0.580090	0.112394	0.038744	-0.492593	-0.028287	0.019611	0.673247	0.069447	0.027218	-1.876406	0.102161	0.074961	-2.265310	0.125497	-0.481989	-0.362746	0.056369	0.031772	8.140665	0.088506	-1.483241	-2.901495	-0.093917	-0.049862
0.545744	0.110067	0.031671	-0.485581	-0.027761	0.019898	0.748259	0.066024	0.009427	-1.889740	0.100744	0.074083	-3.434628	-0.232686	-0.707266	0.701154	0.052557	0.028726	7.501202	-0.342300	-1.779051	-1.333384	-0.141697	-0.087790
0.500468	0.103997	0.023307	-0.468502	-0.027322	0.020148	0.815247	0.058521	-0.010638	-1.887153	0.098862	0.072848	-4.527611	-0.606997	-0.836412	1.707952	0.043947	0.024985	6.698863	-0.750325	-2.006475	0.258688	-0.188155	-0.123484
0.445788	0.094294	0.014370	-0.442646	-0.027015	0.020361	0.873012	0.047390	-0.032175	-1.868729	0.096545	0.071295	-5.467990	-0.970256	-0.893707	2.585545	0.030722	0.021318	5.776440	-1.113149	-2.153766	1.842386	-0.231717	-0.155289
0.383751	0.081329	0.005213	-0.409889	-0.026884	0.020552	0.920723	0.033255	-0.054318	-1.834843	0.093837	0.069477	-6.203716	-1.296563	-0.915764	3.275764	0.013112	0.019024	4.771140	-1.413445	-2.214302	3.388633	-0.270775	-0.181791
0.316710	0.065678	-0.004186	-0.372552	-0.026971	0.020747	0.957870	0.016857	-0.076170	-1.786128	0.090798	0.067457	-6.704118	-1.565021	-0.939810	3.733682	-0.008700	0.019482	3.714714	-1.639852	-2.185159	4.871442	-0.303921	-0.202035
0.247138	0.048076	-0.014136	-0.333268	-0.027317	0.020986	0.984216	-0.000999	-0.096838	-1.723454	0.087497	0.065300	-6.957156	-1.760226	-0.995006	3.928388	-0.034647	0.023934	2.634539	-1.785541	-2.066832	6.267401	-0.330119	-0.215658
0.177456	0.029362	-0.025080	-0.294819	-0.027963	0.021320	0.999762	-0.019457	-0.115484	-1.647905	0.084009	0.063071	-6.968165	-1.871397	-1.094448	3.844948	-0.064640	0.033455	1.554630	-1.845847	-1.864627	7.554925	-0.348765	-0.222923
0.109881	0.010445	-0.037361	-0.259971	-0.028946	0.021809	1.004733	-0.037631	-0.131384	-1.560771	0.080412	0.060825	-6.757571	-1.891682	-1.228046	3.484754	-0.098253	0.048820	0.497073	-1.817427	-1.589955	8.713390	-0.359681	-0.224633
0.046324	-0.007734	-0.050980	-0.231341	-0.030291	0.022511	0.999572	-0.054628	-0.143984	-1.463547	0.076782	0.058605	-6.355711	-1.817937	-1.361937	2.862965	-0.134472	0.070221	-0.516037	-1.699700	-1.260045	9.722458	-0.363052	-0.221915
-0.011643	-0.024244	-0.065472	-0.211293	-0.032008	0.023481	0.984959	-0.069601	-0.152949	-1.357928	0.073189	0.056446	-5.796673	-1.651013	-1.449214	2.004814	-0.171726	0.097042	-1.461269	-1.497265	-0.896451	10.561896	-0.359316	-0.215914
-0.062788	-0.038213	-0.079954	-0.201864	-0.034089	0.024759	0.961815	-0.081818	-0.158180	-1.245809	0.069698	0.054371	-5.114532	-1.396931	-1.448151	0.942913	-0.208066	0.127738	-2.314467	-1.221687	-0.523121	11.211807	-0.349048	-0.207531
-0.106225	-0.048900	-0.093331	-0.204700	-0.036502	0.026357	0.931282	-0.090735	-0.159824	-1.129280	0.066369	0.052397	-4.343614	-1.068637	-1.337735	-0.283597	-0.241313	0.159836	-3.053247	-0.891694	-0.164423	11.652906	-0.332912	-0.197372
-0.141433	-0.055768	-0.104561	-0.220985	-0.039195	0.028259	0.894686	-0.096051	-0.158256	-1.010611	0.063252	0.050539	-3.520827	-0.686775	-1.123031	-1.628540	-0.269290	0.190244	-3.659609	-0.531661	0.156877	11.866961	-0.311691	-0.185862
-0.168292	-0.058551	-0.112866	-0.251374	-0.042097	0.030419	0.853477	-0.097741	-0.154039	-0.892230	0.060389	0.048805	-2.685964	-0.278306	-0.830485	-3.038832	-0.290282	0.215955	-4.120924	-0.168929	0.421623	11.838055	-0.286326	-0.173325
-0.187068	-0.057288	-0.117858	-0.295947	-0.045132	0.032767	0.809185	-0.096048	-0.147882	-0.776681	0.057810	0.047206	-1.877531	0.126226	-0.499186	-4.457304	-0.303492	0.234803	-4.429201	0.169253	0.615787	11.554946	-0.257884	-0.159942
-0.198324	-0.052335	-0.119585	-0.354230	-0.048224	0.035226	0.763386	-0.091465	-0.140569	-0.666539	0.055535	0.045749	-1.125578	0.495332	-0.172688	-5.828291	-0.309180	0.245858	-4.579945	0.458321	0.731210	11.014139	-0.227526	-0.145691
-0.202779	-0.044349	-0.118501	-0.425267	-0.051308	0.037719	0.717666	-0.084686	-0.132913	-0.564310	0.053570	0.044445	-0.445568	0.798628	0.108368	-7.103750	-0.308382	0.249307	-4.571982	0.677946	0.765657	10.222970	-0.196475	-0.130367
-0.201146	-0.034261	-0.115376	-0.507740	-0.054332	0.040178	0.673579	-0.076558	-0.125690	-0.472292	0.051910	0.043308	0.163367	1.008749	0.312558	-8.247286	-0.302394	0.245951	-4.408710	0.812795	0.722318	9.201769	-0.165956	-0.113700
-0.193992	-0.023221	-0.111159	-0.600089	-0.057255	0.042545	0.632581	-0.068025	-0.119597	-0.392451	0.050540	0.042353	0.715346	1.103983	0.421682	-9.234918	-0.292345	0.236677	-4.099757	0.853259	0.609261	7.984106	-0.137072	-0.095524
-0.181672	-0.012502	-0.106837	-0.700622	-0.060045	0.044767	0.595966	-0.060060	-0.115202	-0.326302	0.049433	0.041594	1.232038	1.071898	0.432186	-10.053277	-0.278995	0.222198	-3.661526	0.796544	0.439483	6.614946	-0.110670	-0.075900
-0.164301	-0.003377	-0.103298	-0.807591	-0.062673	0.046798	0.564801	-0.053583	-0.112894	-0.274825	0.048561	0.041044	1.737095	0.912517	0.353893	-10.696857	-0.262759	0.203060	-3.116452	0.647621	0.230843	5.147627	-0.087223	-0.055059
-0.141778	0.003015	-0.101233	-0.919247	-0.065111	0.048595	0.539882	-0.049389	-0.112847	-0.238418	0.047893	0.040711	2.252261	0.639215	0.206493	-11.165648	-0.243828	0.179751	-2.491944	0.419423	0.004691	3.640737	-0.066802	-0.033214
-0.113827	0.005789	-0.101079	-1.033881	-0.067334	0.050123	0.521689	-0.048074	-0.115000	-0.216871	0.047401	0.040606	2.795121	0.277377	0.015428	-11.463348	-0.222322	0.152785	-1.819288	0.131510	-0.215262	2.154689	-0.049176	-0.010516
-0.080050	0.004409	-0.102992	-1.149837	-0.069319	0.051351	0.510367	-0.050003	-0.119018	-0.209396	0.047061	0.040733	3.377712	-0.137951	-0.191355	-11.595609	-0.198428	0.122779	-1.132156	-0.192908	-0.401823	0.747527	-0.034023	0.012714
-0.039996	-0.001243	-0.106851	-1.265518	-0.071044	0.052256	0.505712	-0.055296	-0.124266	-0.214683	0.046849	0.041090	4.005388	-0.565174	-0.385838	-11.568111	-0.172507	0.090523	-0.465501	-0.529281	-0.524852	-0.528767	-0.021175	0.035648
0.006761	-0.010847	-0.112272	-1.379368	-0.072495	0.052826	0.507151	-0.063810	-0.129854	-0.230976	0.046741	0.041659	4.675708	-0.960420	-0.542136	-11.385015	-0.145095	0.056983	0.143814	-0.851407	-0.558772	-1.629252	-0.010763	0.056865
0.060532	-0.023676	-0.118658	-1.489850	-0.073663	0.053058	0.513700	-0.075115	-0.134801	-0.256118	0.046710	0.042405	5.377107	-1.282890	-0.638648	-11.048232	-0.116792	0.023198	0.654993	-1.130459	-0.494729	-2.514219	-0.003116	0.074629
0.121406	-0.038680	-0.125259	-1.595425	-0.074544	0.052959	0.523921	-0.088480	-0.138287	-0.287592	0.046726	0.043278	6.087399	-1.500416	-0.660072	-10.557509	-0.088115	-0.009886	1.022084	-1.336512	-0.348621	-3.147383	0.001595	0.087341
0.189138	-0.054617	-0.131247	-1.694538	-0.075138	0.052544	0.535884	-0.102916	-0.139856	-0.322566	0.046763	0.044219	6.773145	-1.593669	-0.598787	-9.911251	-0.059457	-0.041524	1.196273	-1.443652	-0.156866	-3.497454	0.003717	0.094044
0.263046	-0.070195	-0.135799	-1.785619	-0.075450	0.051832	0.547215	-0.117288	-0.139462	-0.358007	0.046807	0.045168	7.390869	-1.557814	-0.455155	-9.108134	-0.031151	-0.071178	1.133066	-1.437220	0.039455	-3.544057	0.004336	0.094934
0.341950	-0.084209	-0.138173	-1.867113	-0.075484	0.050847	0.555249	-0.130477	-0.137367	-0.390871	0.046860	0.046083	7.890329	-1.401390	-0.237447	-8.149424	-0.003466	-0.098522	0.803460	-1.318854	0.209416	-3.286362	0.005363	0.091519
0.424158	-0.095637	-0.137788	-1.937528	-0.075250	0.049612	0.557307	-0.141524	-0.134023	-0.418376	0.046953	0.046943	8.220854	-1.142850	0.038513	-7.041483	0.023500	-0.123500	0.205744	-1.104710	0.334408	-2.750557	0.009250	0.085988
0.507576	-0.103696	-0.134275	-1.995503	-0.074751	0.048149	0.551035	-0.149703	-0.130002	-0.438287	0.047135	0.047745	8.341809	-0.805875	0.351327	-5.797454	0.049857	-0.146286	-0.627157	-0.817938	0.402181	-1.991035	0.018240	0.080160
0.589918	-0.107851	-0.127497	-2.039877	-0.073992	0.046478	0.534748	-0.154528	-0.125949	-0.449117	0.047473	0.048494	8.234171	-0.415473	0.677742	-4.437463	0.075845	-0.167112	-1.628682	-0.482412	0.405228	-1.082997	0.033724	0.074903
0.668981	-0.107819	-0.117537	-2.069753	-0.072975	0.044616	0.507667	-0.155749	-0.122496	-0.450218	0.048034	0.049198	7.906328	0.003174	0.996041	-2.987519	0.101750	-0.186114	-2.708154	-0.122101	0.345294	-0.110101	0.056139	0.070434
0.742882	-0.103583	-0.104665	-2.084528	-0.071697	0.042583	0.470004	-0.153378	-0.120132	-0.441748	0.048885	0.049868	7.390059	0.423598	1.287215	-1.477538	0.127840	-0.203307	-3.766247	0.237028	0.236455	0.846971	0.085108	0.066987
0.810178	-0.095404	-0.089321	-2.083915	-0.070154	0.040398	0.422891	-0.147705	-0.119095	-0.424574	0.050080	0.050519	6.729662	0.817905	1.534322	0.061291	0.154216	-0.218571	-4.711322	0.567294	0.103708	1.717372	0.119530	0.065128
0.869882	-0.083807	-0.072098	-2.067924	-0.068348	0.038082	0.368182	-0.139277	-0.119302	-0.400153	0.051658	0.051175	5.970343	1.159624	1.722364	1.599110	0.180684	-0.231597	-5.470919	0.842847	-0.020712	2.442107	0.157764	0.065560
0.921385	-0.069527	-0.053704	-2.036833	-0.066280	0.035663	0.308216	-0.128832	-0.120323	-0.370415	0.053636	0.051862	5.150304	1.428042	1.839357	3.109074	0.206797	-0.241919	-5.996643	1.044487	-0.102111	2.973803	0.197843	0.068758
0.964363	-0.053416	-0.034934	-1.991155	-0.063960	0.033172	0.245567	-0.117204	-0.121420	-0.337642	0.056012	0.052610	4.297828	1.611144	1.877036	4.567851	0.231963	-0.249013	-6.264868	1.162770	-0.109685	3.277311	0.237585	0.074776
0.998683	-0.036360	-0.016623	-1.931603	-0.061405	0.030648	0.182808	-0.105227	-0.121673	-0.304324	0.058759	0.053443	3.431976	1.705588	1.831084	5.955160	0.255529	-0.252395	-6.275854	1.197698	-0.025356	3.331823	0.274674	0.083328
1.024332	-0.019211	0.000396	-1.859076	-0.058636	0.028131	0.122296	-0.093666	-0.120200	-0.273001	0.061827	0.054383	2.564877	1.714836	1.701938	7.252684	0.276882	-0.251704	-6.051244	1.156103	0.147349	3.132256	0.306821	0.093987
1.041376	-0.002733	0.015353	-1.774648	-0.055681	0.025664	0.066012	-0.083177	-0.116389	-0.246128	0.065147	0.055446	1.704437	1.647860	1.495693	8.442860	0.295494	-0.246733	-5.628387	1.048984	0.381076	2.687331	0.331993	0.106241
1.049945	0.012457	0.027593	-1.679569	-0.052572	0.023290	0.015488	-0.074274	-0.110061	-0.225975	0.068633	0.056639	0.856871	1.519020	1.223978	9.507903	0.310924	-0.237410	-5.052409	0.890289	0.632776	2.015283	0.348635	0.119360
1.050231	0.025933	0.036620	-1.575280	-0.049344	0.021052	-0.028207	-0.067305	-0.101472	-0.214570	0.072191	0.057962	0.028614	1.347601	0.902705	10.428914	0.322798	-0.223804	-4.369450	0.696891	0.858960	1.140494	0.355758	0.132232
1.042508	0.037489	0.042123	-1.463429	-0.046036	0.018990	-0.064438	-0.062421	-0.091177	-0.213643	0.075720	0.059395	-0.772302	1.155594	0.550266	11.185068	0.330813	-0.206172	-3.623158	0.488412	1.029498	0.092746	0.352914	0.143298
1.027158	0.047129	0.043983	-1.345895	-0.042688	0.017140	-0.092972	-0.059562	-0.079847	-0.224563	0.079122	0.060902	-1.535032	0.963916	0.186039	11.753350	0.334731	-0.184993	-2.853348	0.285866	1.133021	-1.092076	0.340197	0.150777
1.004711	0.055016	0.042281	-1.224804	-0.039345	0.015531	-0.113919	-0.058469	-0.068100	-0.248282	0.082307	0.062434	-2.244676	0.788729	-0.170231	12.109180	0.334347	-0.160941	-2.094732	0.109288	1.174661	-2.371892	0.318438	0.153182
0.975899	0.061409	0.037295	-1.102526	-0.036051	0.014183	-0.127667	-0.058721	-0.056400	-0.285282	0.085201	0.063933	-2.881153	0.639341	-0.498553	12.227780	0.329426	-0.134834	-1.374841	-0.025163	1.169946	-3.700016	0.289423	0.149882
0.941713	0.066590	0.029506	-0.981664	-0.032854	0.013107	-0.134783	-0.059799	-0.045026	-0.335563	0.087760	0.065347	-3.418635	0.518104	-0.778977	12.086167	0.319666	-0.107573	-0.711566	-0.107816	1.137398	-5.028030	0.255904	0.141398
0.903448	0.070814	0.019580	-0.865004	-0.029807	0.012306	-0.135893	-0.061161	-0.034101	-0.398654	0.089972	0.066641	-3.826459	0.422407	-0.992539	11.666032	0.304715	-0.080119	-0.111006	-0.136217	1.092513	-6.309163	0.221204	0.129355
0.862724	0.074301	0.008347	-0.755426	-0.026964	0.011771	-0.131555	-0.062290	-0.023646	-0.473672	0.091857	0.067802	-4.072470	0.348701	-1.123297	10.957731	0.284234	-0.053511	0.433768	-0.112943	1.045525	-7.501801	0.188557	0.116100
0.821435	0.077274	-0.003268	-0.655775	-0.024384	0.011482	-0.122134	-0.062706	-0.013619	-0.559397	0.093462	0.068842	-4.128823	0.297308	-1.161562	9.965110	0.258015	-0.028845	0.942170	-0.041591	1.002681	-8.572415	0.160465	0.104078
0.781644	0.080026	-0.014341	-0.568674	-0.022122	0.011411	-0.107709	-0.061945	-0.003940	-0.654363	0.094845	0.069794	-3.979164	0.275158	-1.107299	8.710132	0.226201	-0.007151	1.442511	0.076159	0.967954	-9.496659	0.138283	0.095154
0.745391	0.082958	-0.024053	-0.496316	-0.020226	0.011519	-0.088056	-0.059545	0.005489	-0.756944	0.096066	0.070695	-3.625252	0.293232	-0.971202	7.235783	0.189573	0.010822	1.965239	0.239957	0.942897	-10.258105	0.122097	0.090130
0.714484	0.086547	-0.031771	-0.440256	-0.018729	0.011767	-0.062703	-0.055076	0.014744	-0.865401	0.097175	0.071582	-3.090752	0.358866	-0.771777	5.606023	0.149767	0.024837	2.535303	0.446934	0.925484	-10.845649	0.110923	0.088642
0.690278	0.091226	-0.037072	-0.401234	-0.017637	0.012120	-0.031036	-0.048202	0.023841	-0.977912	0.098206	0.072476	-2.420603	0.467918	-0.530095	3.902164	0.109219	0.035333	3.166707	0.687349	0.909727	-11.251118	0.103127	0.089438
0.673519	0.097255	-0.039738	-0.379079	-0.016929	0.012553	0.007568	-0.038775	0.032705	-1.092590	0.099175	0.073384	-1.675888	0.602891	-0.266534	2.215547	0.070749	0.043253	3.860398	0.942723	0.886401	-11.467784	0.096846	0.090824
0.664261	0.104645	-0.039766	-0.372703	-0.016559	0.013047	0.053615	-0.026898	0.041150	-1.207488	0.100078	0.074295	-0.925746	0.738984	-0.002807	0.637602	0.036972	0.049426	4.604671	1.187678	0.844442	-11.489786	0.090266	0.091104
0.661860	0.113170	-0.037412	-0.380191	-0.016462	0.013587	0.107382	-0.012953	0.048875	-1.320610	0.100896	0.075184	-0.240142	0.852558	0.235324	-0.748775	0.009781	0.053940	5.376757	1.394550	0.772568	-11.312273	0.081826	0.088863
0.664991	0.122416	-0.033191	-0.398919	-0.016560	0.014148	0.168827	0.002432	0.055483	-1.429931	0.101599	0.076015	0.313118	0.924600	0.422097	-1.872820	-0.009887	0.056180	6.144524	1.538452	0.660762	-10.932069	0.070304	0.083067
0.671689	0.131817	-0.027806	-0.425687	-0.016781	0.014704	0.237509	0.018439	0.060498	-1.533416	0.102147	0.076745	0.669782	0.940076	0.538493	-2.676798	-0.022044	0.055567	6.868116	1.600698	0.501544	-10.348506	0.054846	0.073062
0.679435	0.140704	-0.022077	-0.456884	-0.017057	0.015228	0.312531	0.034142	0.063409	-1.629060	0.102497	0.077331	0.774615	0.888666	0.572985	-3.119721	-0.027580	0.052375	7.502290	1.570290	0.291033	-9.564367	0.034996	0.058596
0.685350	0.148371	-0.016876	-0.488736	-0.017338	0.015707	0.392530	0.048586	0.063709	-1.714933	0.102605	0.077729	0.591483	0.766678	0.520043	-3.185221	-0.028153	0.047937	7.999818	1.444459	0.030048	-8.587305	0.010739	0.039812
0.686484	0.154140	-0.013031	-0.517629	-0.017597	0.016147	0.475692	0.060875	0.060964	-1.789249	0.102429	0.077901	0.113450	0.576900	0.384492	-2.889289	-0.025914	0.043948	8.316199	1.228909	-0.274538	-7.431674	-0.017539	0.017134
0.680168	0.157405	-0.011149	-0.540447	-0.017827	0.016560	0.559861	0.070251	0.054877	-1.850448	0.101938	0.077812	-0.631621	0.326503	0.188184	-2.281828	-0.022992	0.041374	8.416928	0.937526	-0.608708	-6.119803	-0.049159	-0.008882
0.664348	0.157658	-0.011457	-0.554838	-0.018037	0.016960	0.642731	0.076159	0.045360	-1.897263	0.101105	0.077436	-1.581992	0.025309	-0.030753	-1.439069	-0.021015	0.039915	8.287007	0.590848	-0.951678	-4.681513	-0.083261	-0.037596
0.637843	0.154524	-0.013754	-0.559340	-0.018248	0.017345	0.722099	0.078295	0.032570	-1.928780	0.099916	0.076754	-2.650496	-0.313428	-0.229662	-0.450153	-0.021025	0.038495	7.936824	0.213575	-1.278963	-3.151753	-0.118910	-0.068211
0.600441	0.147820	-0.017535	-0.553384	-0.018485	0.017707	0.796076	0.076615	0.016897	-1.944452	0.098365	0.075757	-3.740209	-0.670368	-0.378168	0.595563	-0.023745	0.036198	7.397676	-0.167953	-1.567391	-1.567154	-0.155112	-0.099669
0.552819	0.137619	-0.022222	-0.537220	-0.018783	0.018035	0.863166	0.071330	-0.001094	-1.944078	0.096457	0.074451	-4.762200	-1.020074	-0.468639	1.616421	-0.029790	0.032823	6.709042	-0.528546	-1.799043	0.037363	-0.190751	-0.130630
0.496347	0.124260	-0.027370	-0.511804	-0.019180	0.018324	0.922238	0.062855	-0.020719	-1.927770	0.094212	0.072855	-5.647210	-1.335906	-0.514814	2.541604	-0.039676	0.028877	5.907130	-0.847502	-1.962513	1.630787	-0.224544	-0.159587
0.432864	0.108298	-0.032801	-0.478687	-0.019717	0.018576	0.972443	0.051743	-0.041241	-1.895904	0.091660	0.071004	-6.348298	-1.596192	-0.543090	3.311634	-0.053763	0.025275	5.020579	-1.111142	-2.052185	3.186625	-0.255149	-0.185039
0.364480	0.090422	-0.038623	-0.439902	-0.020439	0.018807	1.013159	0.038613	-0.061905	-1.849080	0.088847	0.068948	-6.838471	-1.787586	-0.582200	3.878549	-0.072189	0.023041	4.071504	-1.313000	-2.066394	4.682410	-0.281363	-0.205682
0.293397	0.071374	-0.045163	-0.397828	-0.021388	0.019039	1.043936	0.024096	-0.081962	-1.788092	0.085824	0.066742	-7.108250	-1.904857	-0.654005	4.207360	-0.094831	0.023215	3.077781	-1.451768	-2.005729	6.098749	-0.302247	-0.220579
0.221755	0.051891	-0.052826	-0.355046	-0.022600	0.019308	1.064486	0.008812	-0.100690	-1.713911	0.082653	0.064449	-7.164223	-1.948292	-0.766358	4.278227	-0.121245	0.026915	2.054945	-1.528342	-1.872818	7.418096	-0.317151	-0.229262
0.151492	0.032686	-0.061906	-0.314179	-0.024105	0.019660	1.074668	-0.006624	-0.117420	-1.627679	0.079396	0.062131	-7.026319	-1.920467	-0.907923	4.086715	-0.150532	0.035238	1.018223	-1.543657	-1.672948	8.623238	-0.325696	-0.231779
0.084270	0.014447	-0.072381	-0.277771	-0.025918	0.020149	1.074520	-0.021608	-0.131564	-1.530721	0.076118	0.059845	-6.722126	-1.823896	-1.047543	3.640802	-0.181289	0.048892	-0.014806	-1.498328	-1.414377	9.695789	-0.327793	-0.228661
0.021473	-0.002157	-0.083811	-0.248205	-0.028036	0.020828	1.064301	-0.035546	-0.142648	-1.424567	0.072881	0.057637	-6.279704	-1.660419	-1.142963	2.956557	-0.211766	0.067845	-1.021904	-1.393840	-1.108437	10.615376	-0.323649	-0.220804
-0.035754	-0.016481	-0.095367	-0.227651	-0.030437	0.021740	1.044543	-0.047886	-0.150344	-1.310970	0.069744	0.055545	-5.722711	-1.432424	-1.155679	2.055450	-0.240088	0.091194	-1.975786	-1.234027	-0.769643	11.359781	-0.313686	-0.209229
-0.086460	-0.027933	-0.105992	-0.218007	-0.033080	0.022911	1.016082	-0.058145	-0.154500	-1.191913	0.066760	0.053596	-5.070610	-1.145164	-1.062466	0.964413	-0.264333	0.117148	-2.846085	-1.025897	-0.415543	11.905657	-0.298458	-0.194889
-0.129890	-0.036019	-0.114598	-0.220829	-0.035907	0.024343	0.980055	-0.065943	-0.155160	-1.069618	0.063974	0.051810	-4.342985	-0.808580	-0.860641	-0.282249	-0.282654	0.143190	-3.602673	-0.779766	-0.066035	12.229499	-0.278588	-0.178610
-0.165530	-0.040397	-0.120283	-0.237238	-0.038843	0.026009	0.937867	-0.071033	-0.152581	-0.946526	0.061426	0.050198	-3.564048	-0.437814	-0.568480	-1.640908	-0.293670	0.166579	-4.218857	-0.509027	0.257925	12.309152	-0.254755	-0.161124
-0.193164	-0.040927	-0.122496	-0.267829	-0.041813	0.027859	0.891132	-0.073331	-0.147223	-0.825263	0.059150	0.048768	-2.763355	-0.052988	-0.221306	-3.059042	-0.296948	0.185027	-4.673538	-0.229739	0.535793	12.126358	-0.227670	-0.143055
-0.212876	-0.037717	-0.121145	-0.312624	-0.044745	0.029831	0.841609	-0.072932	-0.139736	-0.708559	0.057169	0.047520	-1.971262	0.320964	0.135114	-4.479543	-0.293232	0.197212	-4.952218	0.039876	0.748724	11.670355	-0.198063	-0.124812
-0.224994	-0.031168	-0.116618	-0.371100	-0.047588	0.031860	0.791133	-0.070130	-0.130925	-0.599141	0.055502	0.046455	-1.211750	0.654877	0.452768	-5.847578	-0.284242	0.202901	-5.047585	0.280198	0.881020	10.941827	-0.166708	-0.106501
-0.229968	-0.021994	-0.109710	-0.442267	-0.050309	0.033888	0.741529	-0.065413	-0.121706	-0.499581	0.054157	0.045575	-0.497396	0.917442	0.690707	-7.116670	-0.272130	0.202738	-4.960493	0.471682	0.921950	9.956034	-0.134469	-0.087922
-0.228257	-0.011203	-0.101484	-0.524784	-0.052897	0.035866	0.694519	-0.059442	-0.113033	-0.412143	0.053134	0.044888	0.171060	1.079119	0.822691	-8.251740	-0.258851	0.197801	-4.700936	0.597099	0.867342	8.743781	-0.102325	-0.068696
-0.220239	-0.000029	-0.093079	-0.617077	-0.055355	0.037757	0.651644	-0.053000	-0.105826	-0.338647	0.052421	0.044404	0.801840	1.117409	0.840432	-9.229277	-0.245726	0.189168	-4.287536	0.644216	0.720625	7.349552	-0.071310	-0.048482
-0.206153	0.010193	-0.085557	-0.717436	-0.057688	0.039534	0.614191	-0.046916	-0.100894	-0.280370	0.051997	0.044132	1.408612	1.022184	0.752205	-10.035890	-0.233303	0.177626	-3.745253	0.608381	0.493239	5.827766	-0.042432	-0.027127
-0.186077	0.018182	-0.079773	-0.824097	-0.059902	0.041170	0.583163	-0.041977	-0.098849	-0.237981	0.051830	0.044085	2.007572	0.798909	0.578407	-10.666139	-0.221462	0.163606	-3.102839	0.493861	0.204482	4.238846	-0.016660	-0.004718
-0.159929	0.022866	-0.076312	-0.935297	-0.061999	0.042643	0.559251	-0.038853	-0.100029	-0.211528	0.051881	0.044269	2.614834	0.468340	0.346137	-11.119981	-0.209679	0.147298	-2.391180	0.312475	-0.117963	2.645370	0.005056	0.018342
-0.127490	0.023500	-0.075465	-1.049300	-0.063972	0.043931	0.542829	-0.038054	-0.104393	-0.200451	0.052098	0.044680	3.243916	0.063456	0.084647	-11.400300	-0.197313	0.128820	-1.642184	0.079824	-0.436466	1.107666	0.021742	0.041110
-0.088452	0.019754	-0.077239	-1.164410	-0.065811	0.045014	0.533947	-0.039932	-0.111439	-0.203651	0.052422	0.045299	3.903729	-0.374660	-0.177380	-11.510983	-0.183834	0.108349	-0.888248	-0.187732	-0.704562	-0.320041	0.032403	0.061927
-0.042481	0.011742	-0.081368	-1.278966	-0.067500	0.045876	0.532311	-0.044657	-0.120193	-0.219556	0.052783	0.046085	4.597078	-0.801172	-0.412943	-11.455648	-0.168905	0.086185	-0.163561	-0.472535	-0.875404	-1.590491	0.036083	0.078574
0.010711	0.000018	-0.087346	-1.391336	-0.069023	0.046504	0.537236	-0.052182	-0.129362	-0.246163	0.053104	0.046973	5.319248	-1.172370	-0.597800	-11.236958	-0.152381	0.062741	0.492493	-0.752467	-0.916848	-2.660660	0.032105	0.088830
0.071274	-0.014491	-0.094471	-1.499900	-0.070366	0.046888	0.547558	-0.062170	-0.137615	-0.281046	0.053309	0.047884	6.056251	-1.450963	-0.712426	-10.856459	-0.134250	0.038481	1.032214	-0.998826	-0.825395	-3.488279	0.020485	0.091149
0.139105	-0.030597	-0.101906	-1.603048	-0.071512	0.047027	0.561563	-0.073965	-0.143886	-0.321367	0.053332	0.048736	6.783130	-1.610568	-0.743555	-10.314790	-0.114559	0.013839	1.400437	-1.179484	-0.627098	-4.032116	0.002319	0.085179
0.213740	-0.046983	-0.108751	-1.699172	-0.072445	0.046919	0.576979	-0.086647	-0.147505	-0.363952	0.053131	0.049456	7.463532	-1.638555	-0.684475	-9.612377	-0.093353	-0.010808	1.541677	-1.268212	-0.361880	-4.258536	-0.020110	0.071982
0.294255	-0.062353	-0.114105	-1.786682	-0.073152	0.046567	0.591109	-0.099183	-0.148172	-0.405478	0.052696	0.049995	8.051489	-1.537067	-0.535374	-8.751037	-0.070666	-0.035144	1.412923	-1.253637	-0.066677	-4.152608	-0.043526	0.053887
0.379219	-0.075570	-0.117147	-1.864046	-0.073616	0.045977	0.601085	-0.110585	-0.145906	-0.442760	0.052054	0.050334	8.496348	-1.321719	-0.304237	-7.736336	-0.046469	-0.058991	0.997638	-1.140168	0.226585	-3.728169	-0.064184	0.033872
0.466738	-0.085747	-0.117216	-1.929840	-0.073823	0.045154	0.604226	-0.120005	-0.141059	-0.473061	0.051267	0.050480	8.751937	-1.017672	-0.006865	-6.579474	-0.020635	-0.082344	0.314062	-0.941983	0.484753	-3.030084	-0.078674	0.014595
0.554621	-0.092294	-0.113867	-1.982820	-0.073753	0.044101	0.598365	-0.126779	-0.134318	-0.494327	0.050421	0.050456	8.788327	-0.654673	0.334929	-5.297916	0.006998	-0.105268	-0.586060	-0.677444	0.674038	-2.126650	-0.084626	-0.002316
0.640623	-0.094932	-0.106902	-2.021970	-0.073388	0.042824	0.582102	-0.130462	-0.126635	-0.505300	0.049612	0.050294	8.600199	-0.263848	0.696420	-3.915054	0.036515	-0.127750	-1.626301	-0.368238	0.768346	-1.097279	-0.080860	-0.016268
0.722692	-0.093695	-0.096373	-2.046560	-0.072709	0.041327	0.554924	-0.130869	-0.119061	-0.505517	0.048941	0.050022	8.206846	0.123766	1.052904	-2.458980	0.067871	-0.149678	-2.717771	-0.040730	0.757339	-0.021730	-0.067158	-0.027144
0.799136	-0.088894	-0.082565	-2.056160	-0.071701	0.039619	0.517208	-0.128114	-0.112567	-0.495252	0.048500	0.049675	7.644401	0.480038	1.380877	-0.960002	0.100793	-0.170820	-3.771677	0.275510	0.649398	1.026568	-0.044034	-0.034712
0.868682	-0.081051	-0.065983	-2.050635	-0.070354	0.037711	0.470109	-0.122585	-0.107871	-0.475421	0.048374	0.049291	6.954644	0.784324	1.658141	0.552494	0.134657	-0.190730	-4.709848	0.552852	0.469611	1.983024	-0.012606	-0.038469
0.930437	-0.070788	-0.047334	-2.030113	-0.068670	0.035625	0.415395	-0.114879	-0.105321	-0.447504	0.048630	0.048911	6.175504	1.026312	1.864905	2.052247	0.168454	-0.208667	-5.471421	0.770668	0.255016	2.791760	0.025539	-0.037944
0.983801	-0.058741	-0.027476	-1.994946	-0.066661	0.033388	0.355234	-0.105705	-0.104839	-0.413444	0.049314	0.048581	5.336437	1.204748	1.985759	3.516616	0.200941	-0.223695	-6.016088	0.917382	0.048215	3.406011	0.068450	-0.033006
1.028385	-0.045507	-0.007366	-1.945687	-0.064352	0.031039	0.291980	-0.095810	-0.105939	-0.375537	0.050453	0.048342	4.458319	1.323326	2.011029	4.925948	0.230854	-0.234888	-6.325444	0.989470	-0.110037	3.790645	0.113849	-0.023930
1.063939	-0.031640	0.012005	-1.883061	-0.061781	0.028624	0.227954	-0.085920	-0.107828	-0.336286	0.052045	0.048230	3.555466	1.386760	1.937154	6.262614	0.257074	-0.241514	-6.402524	0.989048	-0.188830	3.925087	0.159224	-0.011218
1.090321	-0.017647	0.029671	-1.807961	-0.058994	0.026193	0.165271	-0.076701	-0.109576	-0.298249	0.054065	0.048276	2.638135	1.399217	1.766550	7.510018	0.278686	-0.243121	-6.268285	0.921869	-0.174829	3.803758	0.202038	0.004596
1.107472	-0.003998	0.044745	-1.721445	-0.056045	0.023797	0.105722	-0.068738	-0.110337	-0.263917	0.056465	0.048505	1.715167	1.364991	1.507379	8.651610	0.294982	-0.239536	-5.954956	0.796315	-0.076075	3.433201	0.239990	0.022960
1.115436	0.008901	0.056476	-1.624743	-0.052990	0.021489	0.050738	-0.062505	-0.109526	-0.235637	0.059177	0.048937	0.796327	1.289836	1.173172	9.670133	0.305493	-0.230797	-5.498388	0.623311	0.081113	2.827940	0.271145	0.043141
1.114369	0.020718	0.064301	-1.519271	-0.049889	0.019318	0.001407	-0.058338	-0.106928	-0.215557	0.062116	0.049577	-0.106640	1.181676	0.782416	10.547241	0.310023	-0.217098	-4.933064	0.416686	0.259751	2.008058	0.293927	0.064064
1.104566	0.031221	0.067883	-1.406637	-0.046803	0.017330	-0.041507	-0.056407	-0.102710	-0.205563	0.065188	0.050420	-0.980353	1.050317	0.358195	11.263348	0.308654	-0.198786	-4.291437	0.193078	0.421810	0.999392	0.307198	0.084310
1.086463	0.040281	0.067155	-1.288661	-0.043786	0.015567	-0.077559	-0.056697	-0.097310	-0.207214	0.068294	0.051444	-1.810313	0.906074	-0.072761	11.797580	0.301687	-0.176391	-3.605211	-0.028969	0.539963	-0.165118	0.310602	0.102333
1.060659	0.047857	0.062336	-1.167382	-0.040890	0.014060	-0.106613	-0.059004	-0.091250	-0.221661	0.071343	0.052612	-2.580373	0.757541	-0.481936	12.127976	0.289609	-0.150650	-2.905419	-0.230732	0.606013	-1.444718	0.304911	0.116883
1.027945	0.053953	0.053925	-1.045059	-0.038159	0.012835	-0.128818	-0.062962	-0.084957	-0.249580	0.074264	0.053887	-3.271417	0.609594	-0.841013	12.232228	0.273042	-0.122508	-2.220425	-0.395748	0.629326	-2.791877	0.292133	0.127423
0.989341	0.058583	0.042686	-0.924166	-0.035633	0.011904	-0.144540	-0.068081	-0.078667	-0.291134	0.077017	0.055230	-3.860334	0.463067	-1.123912	12.089328	0.252684	-0.093140	-1.572263	-0.511924	0.629012	-4.155387	0.275275	0.134321
0.946138	0.061750	0.029591	-0.807342	-0.033340	0.011264	-0.154265	-0.073800	-0.072402	-0.345982	0.079596	0.056618	-4.320300	0.316645	-1.309541	11.682407	0.229254	-0.063951	-0.972456	-0.571931	0.626531	-5.484808	0.257856	0.138779
0.899906	0.063454	0.015744	-0.697313	-0.031305	0.010899	-0.158456	-0.079518	-0.066002	-0.413331	0.082028	0.058043	-4.623215	0.170459	-1.384723	11.002895	0.203472	-0.036478	-0.419161	-0.571739	0.639994	-6.734910	0.243245	0.142579
0.852460	0.063756	0.002281	-0.596759	-0.029545	0.010777	-0.157431	-0.084603	-0.059201	-0.492019	0.084368	0.059520	-4.744665	0.030115	-1.346295	10.055462	0.176047	-0.012183	0.102524	-0.508519	0.680039	-7.868768	0.233977	0.147633
0.805757	0.062847	-0.009742	-0.508137	-0.028068	0.010855	-0.151267	-0.088397	-0.051718	-0.580608	0.086680	0.061074	-4.670297	-0.090858	-1.202241	8.862197	0.147702	0.007788	0.616383	-0.379465	0.748329	-8.858874	0.231244	0.155390
0.761747	0.061122	-0.019458	-0.433495	-0.026875	0.011083	-0.139782	-0.090224	-0.043329	-0.677475	0.089027	0.062737	-4.400978	-0.172548	-0.971578	7.464145	0.119266	0.022811	1.148512	-0.182628	0.838918	-9.686698	0.234693	0.166282
0.722204	0.059174	-0.026277	-0.374304	-0.025958	0.011413	-0.122572	-0.089424	-0.033920	-0.780887	0.091453	0.064531	-3.954242	-0.194758	-0.681955	5.919105	0.091773	0.032928	1.721066	0.079964	0.940927	-10.341289	0.242580	0.179496
0.688586	0.057724	-0.029926	-0.331340	-0.025293	0.011801	-0.099089	-0.085442	-0.023511	-0.889059	0.093976	0.066464	-3.361795	-0.145021	-0.364913	4.296365	0.066477	0.038873	2.348249	0.398185	1.040841	-10.817151	0.252282	0.193250
0.661938	0.057484	-0.030437	-0.304641	-0.024845	0.012220	-0.068741	-0.077929	-0.012266	-1.000178	0.096585	0.068518	-2.664886	-0.023969	-0.051076	2.669922	0.044748	0.041863	3.034807	0.751368	1.124495	-11.111889	0.260904	0.205367
0.642842	0.059033	-0.028119	-0.293526	-0.024567	0.012651	-0.030978	-0.066836	-0.000475	-1.112422	0.099242	0.070655	-1.909565	0.154881	0.231777	1.111473	0.027874	0.043057	3.776328	1.109302	1.179069	-11.224439	0.265724	0.213760
0.631404	0.062725	-0.023534	-0.296676	-0.024398	0.013080	0.014625	-0.052474	0.011469	-1.223964	0.101886	0.072822	-1.143742	0.369218	0.458565	-0.314906	0.016877	0.042933	4.560228	1.436193	1.194404	-11.154186	0.264429	0.216696
0.627228	0.068642	-0.017445	-0.312215	-0.024274	0.013491	0.068288	-0.035512	0.023101	-1.332971	0.104439	0.074951	-0.417618	0.591665	0.608833	-1.553989	0.012384	0.041075	5.366385	1.696174	1.163216	-10.900687	0.255228	0.212871
0.629360	0.076558	-0.010729	-0.337781	-0.024129	0.013856	0.129957	-0.016923	0.033907	-1.437609	0.106808	0.076965	0.213125	0.791630	0.671665	-2.556571	0.014538	0.036578	6.166854	1.858892	1.080625	-10.463784	0.236907	0.201410
0.636214	0.085938	-0.004251	-0.370547	-0.023900	0.014144	0.199209	0.002115	0.043341	-1.536050	0.108897	0.078784	0.685484	0.938014	0.647797	-3.276628	0.022882	0.028771	6.925154	1.903753	0.943416	-9.844091	0.208895	0.181869
0.645554	0.095989	0.001190	-0.407285	-0.023537	0.014323	0.275176	0.020336	0.050838	-1.626489	0.110610	0.080327	0.933964	1.005111	0.544108	-3.673791	0.036242	0.017885	7.596738	1.822142	0.749688	-9.043945	0.171316	0.154293
0.654591	0.105775	0.004864	-0.444514	-0.023010	0.014377	0.356496	0.036516	0.055837	-1.707179	0.111860	0.081519	0.903676	0.978559	0.367396	-3.722911	0.052714	0.005368	8.131998	1.617982	0.499918	-8.069030	0.124970	0.119279
0.660262	0.114339	0.006142	-0.478779	-0.022312	0.014312	0.441317	0.049587	0.057828	-1.776484	0.112572	0.082299	0.567138	0.856455	0.127730	-3.426496	0.069809	-0.006522	8.482113	1.307112	0.199098	-6.930504	0.071250	0.077978
0.659625	0.120800	0.004618	-0.506994	-0.021463	0.014153	0.527396	0.058739	0.056407	-1.832952	0.112692	0.082619	-0.063753	0.646059	-0.152419	-2.821430	0.084911	-0.015804	8.607886	0.915215	-0.142072	-5.646711	0.011978	0.032004
0.650256	0.124401	0.000260	-0.526737	-0.020504	0.013936	0.612296	0.063483	0.051334	-1.875386	0.112184	0.082451	-0.936874	0.360112	-0.435725	-1.974321	0.095896	-0.021723	8.489976	0.474349	-0.507358	-4.243432	-0.050834	-0.016779
0.630554	0.124558	-0.006528	-0.536425	-0.019490	0.013688	0.693641	0.063671	0.042579	-1.902907	0.111032	0.081787	-1.970165	0.015662	-0.678875	-0.968763	0.101432	-0.024798	8.134514	0.018860	-0.875455	-2.752063	-0.115155	-0.066432
0.599866	0.120913	-0.015009	-0.535345	-0.018482	0.013428	0.769328	0.059487	0.030360	-1.914968	0.109243	0.080638	-3.068830	-0.364496	-0.848038	0.107994	0.100752	-0.026029	7.568746	-0.418435	-1.221964	-1.206110	-0.178913	-0.114908
0.558435	0.113401	-0.024325	-0.523601	-0.017549	0.013168	0.837628	0.051394	0.015122	-1.911345	0.106844	0.079038	-4.143103	-0.751170	-0.931610	1.174389	0.093294	-0.026002	6.829948	-0.809286	-1.523754	0.362290	-0.239871	-0.159962
0.507237	0.102279	-0.033746	-0.502013	-0.016763	0.012923	0.897184	0.040071	-0.002505	-1.892104	0.103887	0.077045	-5.119775	-1.112251	-0.942138	2.158730	0.078584	-0.024517	5.955679	-1.132322	-1.762715	1.924122	-0.295664	-0.199317
0.447785	0.088088	-0.042826	-0.472018	-0.016200	0.012715	0.946978	0.026322	-0.021769	-1.857569	0.100447	0.074735	-5.945239	-1.419021	-0.907961	2.999543	0.056328	-0.020773	4.979381	-1.374858	-1.926366	3.453437	-0.344064	-0.231051
0.381950	0.071577	-0.051446	-0.435566	-0.015935	0.012578	0.986281	0.010989	-0.041835	-1.808303	0.096614	0.072195	-6.583501	-1.651152	-0.862000	3.645196	0.026475	-0.013702	3.930278	-1.533315	-2.006635	4.926595	-0.383323	-0.253962
0.311813	0.053597	-0.059778	-0.395014	-0.016043	0.012556	1.014632	-0.005123	-0.061828	-1.745087	0.092490	0.069518	-7.013652	-1.797980	-0.833206	4.055164	-0.010742	-0.002198	2.835069	-1.611235	-1.999326	6.321589	-0.412364	-0.267733
0.239527	0.035029	-0.068178	-0.352989	-0.016589	0.012704	1.031827	-0.021279	-0.080876	-1.668913	0.088183	0.066789	-7.228605	-1.856804	-0.840018	4.202509	-0.054655	0.014770	1.719511	-1.615560	-1.904728	7.617463	-0.430733	-0.272918
0.167193	0.016725	-0.077010	-0.312240	-0.017628	0.013083	1.037922	-0.036812	-0.098157	-1.580976	0.083798	0.064081	-7.233456	-1.830355	-0.883190	4.074973	-0.103885	0.037934	0.609531	-1.553352	-1.728100	8.793621	-0.438475	-0.270768
0.096778	-0.000520	-0.086426	-0.275507	-0.019190	0.013757	1.033246	-0.051120	-0.112950	-1.482684	0.079437	0.061451	-7.041495	-1.724544	-0.941624	3.673281	-0.156226	0.067413	-0.467625	-1.430709	-1.479366	9.829208	-0.436043	-0.262974
0.030086	-0.015987	-0.096207	-0.245423	-0.021279	0.014783	1.018420	-0.063657	-0.124676	-1.375655	0.075195	0.058938	-6.669183	-1.546670	-0.978053	3.008403	-0.208894	0.102537	-1.482616	-1.253747	-1.172584	10.702897	-0.424216	-0.251315
-0.031252	-0.029033	-0.105741	-0.224422	-0.023869	0.016201	0.994373	-0.073959	-0.132932	-1.261724	0.071155	0.056565	-6.133739	-1.304593	-0.953408	2.100090	-0.258975	0.141841	-2.404706	-1.030164	-0.825553	11.393092	-0.403992	-0.237308
-0.085802	-0.039106	-0.114156	-0.214650	-0.026907	0.018031	0.962329	-0.081660	-0.137525	-1.142941	0.067391	0.054345	-5.455091	-1.007336	-0.841547	0.977162	-0.303759	0.183031	-3.204353	-0.770090	-0.459369	11.878364	-0.376489	-0.221983
-0.132407	-0.045771	-0.120536	-0.217861	-0.030316	0.020262	0.923763	-0.086519	-0.138503	-1.021559	0.063961	0.052286	-4.660421	-0.666489	-0.637977	-0.321095	-0.340952	0.223103	-3.856646	-0.485940	-0.097727	12.138145	-0.342932	-0.205881
-0.170280	-0.048745	-0.124141	-0.235301	-0.034006	0.022851	0.880321	-0.088437	-0.136161	-0.900019	0.060915	0.050394	-3.787296	-0.297388	-0.360508	-1.743960	-0.368954	0.258845	-4.344157	-0.191831	0.234177	12.154076	-0.304661	-0.189201
-0.199095	-0.047944	-0.124576	-0.267612	-0.037878	0.025727	0.833739	-0.087471	-0.131046	-0.780895	0.058283	0.048675	-2.881549	0.080110	-0.043447	-3.231166	-0.387196	0.287581	-4.658260	0.096666	0.511479	11.912383	-0.263113	-0.171958
-0.218988	-0.043532	-0.121871	-0.314800	-0.041841	0.028804	0.785752	-0.083845	-0.123923	-0.666824	0.056086	0.047134	-1.989248	0.441126	0.270483	-4.718787	-0.396283	0.307754	-4.798687	0.362543	0.712315	11.407109	-0.219772	-0.154058
-0.230453	-0.035969	-0.116490	-0.376273	-0.045818	0.031995	0.738032	-0.077965	-0.115718	-0.560389	0.054324	0.045781	-1.146573	0.756341	0.538087	-6.147234	-0.397736	0.319055	-4.771967	0.588006	0.820524	10.643483	-0.176161	-0.135324
-0.234186	-0.026022	-0.109254	-0.450949	-0.049752	0.035216	0.692131	-0.070405	-0.107443	-0.463985	0.052986	0.044626	-0.373283	0.994732	0.723630	-7.467619	-0.393409	0.322098	-4.590085	0.755981	0.827476	9.640382	-0.133806	-0.115517
-0.230910	-0.014738	-0.101198	-0.537391	-0.053601	0.038395	0.649432	-0.061886	-0.100112	-0.379677	0.052045	0.043681	0.327617	1.128354	0.805572	-8.644194	-0.384869	0.317901	-4.269906	0.851946	0.733102	8.430791	-0.094130	-0.094450
-0.221252	-0.003361	-0.093404	-0.633926	-0.057331	0.041469	0.611107	-0.053226	-0.094648	-0.309079	0.051462	0.042960	0.965828	1.137681	0.779391	-9.653574	-0.373011	0.307442	-3.832474	0.865939	0.546373	7.059768	-0.058322	-0.072111
-0.205665	0.006795	-0.086847	-0.738753	-0.060911	0.044383	0.578091	-0.045280	-0.091800	-0.253272	0.051189	0.042473	1.558645	1.015647	0.655697	-10.482628	-0.358029	0.291431	-3.301596	0.794600	0.284764	5.580710	-0.027235	-0.048678
-0.184398	0.014489	-0.082290	-0.850014	-0.064308	0.047087	0.551069	-0.038858	-0.092070	-0.212760	0.051176	0.042229	2.126702	0.769337	0.455658	-11.126080	-0.339665	0.270323	-2.702200	0.642261	-0.026948	4.051252	-0.001349	-0.024407
-0.157490	0.018682	-0.080228	-0.965855	-0.067484	0.049531	0.530481	-0.034662	-0.095634	-0.187468	0.051368	0.042233	2.690856	0.419318	0.206204	-11.584142	-0.317575	0.244480	-2.058860	0.419624	-0.356431	2.529162	0.019205	0.000418
-0.124792	0.018654	-0.080865	-1.084458	-0.070400	0.051675	0.516534	-0.033255	-0.102261	-0.176787	0.051713	0.042487	3.269753	-0.002816	-0.063662	-11.860297	-0.291601	0.214331	-1.394696	0.140633	-0.662634	1.068101	0.034538	0.025334
-0.086016	0.014076	-0.084117	-1.204050	-0.073019	0.053479	0.509217	-0.035046	-0.111248	-0.179642	0.052161	0.042981	3.877610	-0.457714	-0.325191	-11.959253	-0.261902	0.180467	-0.731729	-0.179073	-0.898720	-0.285469	0.044821	0.049461
-0.040795	0.005060	-0.089631	-1.322903	-0.075308	0.054916	0.508280	-0.040249	-0.121465	-0.194566	0.052662	0.043696	4.522134	-0.901659	-0.551393	-11.885301	-0.228951	0.143682	-0.093628	-0.520343	-1.021715	-1.492449	0.050083	0.071438
0.011232	-0.007845	-0.096819	-1.439317	-0.077243	0.055966	0.513184	-0.048824	-0.131526	-0.219751	0.053163	0.044592	5.202673	-1.290440	-0.718766	-11.641400	-0.193450	0.104928	0.490355	-0.857470	-1.006122	-2.518492	0.050131	0.089617
0.070317	-0.023688	-0.104914	-1.551608	-0.078805	0.056617	0.523011	-0.060395	-0.140091	-0.253060	0.053611	0.045616	5.908538	-1.584389	-0.809576	-11.229068	-0.156197	0.065189	0.982750	-1.157061	-0.856485	-3.330915	0.044739	0.102365
0.136492	-0.041228	-0.113051	-1.658097	-0.079984	0.056871	0.536395	-0.074213	-0.146188	-0.292039	0.053952	0.046700	6.617472	-1.753901	-0.813642	-10.648839	-0.117931	0.025344	1.338351	-1.381799	-0.609708	-3.897813	0.034074	0.108389
0.209441	-0.059064	-0.120339	-1.757108	-0.080776	0.056732	0.551476	-0.089213	-0.149390	-0.333944	0.054143	0.047771	7.294845	-1.783636	-0.728786	-9.901108	-0.079264	-0.013908	1.508097	-1.500024	-0.320144	-4.190497	0.019104	0.107190
0.288388	-0.075803	-0.125943	-1.846983	-0.081183	0.056211	0.565939	-0.104170	-0.149766	-0.375834	0.054161	0.048768	7.894757	-1.673901	-0.560405	-8.987533	-0.040683	-0.052039	1.446337	-1.495681	-0.037654	-4.189056	0.001815	0.099665
0.372028	-0.090194	-0.129147	-1.926115	-0.081209	0.055324	0.577158	-0.117885	-0.147730	-0.414744	0.054012	0.049650	8.363971	-1.439076	-0.320445	-7.913196	-0.002553	-0.088706	1.121914	-1.371518	0.203591	-3.890944	-0.014908	0.088178
0.458524	-0.101233	-0.129398	-1.993004	-0.080860	0.054087	0.582466	-0.129333	-0.143903	-0.447942	0.053733	0.050406	8.649609	-1.103981	-0.025130	-6.688868	0.034926	-0.123767	0.530742	-1.144827	0.382679	-3.319822	-0.027868	0.075585
0.545633	-0.108225	-0.126319	-2.046327	-0.080142	0.052514	0.579505	-0.137737	-0.139038	-0.473219	0.053389	0.051045	8.710942	-0.699139	0.307977	-5.332358	0.071723	-0.157224	-0.296035	-0.840337	0.486504	-2.527742	-0.034410	0.063907
0.630949	-0.110788	-0.119702	-2.085013	-0.079063	0.050624	0.566580	-0.142588	-0.133943	-0.489095	0.053060	0.051583	8.531588	-0.256289	0.661662	-3.868566	0.107911	-0.189080	-1.292521	-0.485159	0.509547	-1.587614	-0.032921	0.053847
0.712194	-0.108848	-0.109513	-2.108296	-0.077628	0.048431	0.542901	-0.143661	-0.129378	-0.494902	0.052831	0.052036	8.124463	0.193976	1.018851	-2.328273	0.143527	-0.219219	-2.367962	-0.107316	0.456523	-0.580700	-0.022835	0.045321
0.787448	-0.102621	-0.095900	-2.115751	-0.075844	0.045958	0.508659	-0.141016	-0.125955	-0.490754	0.052786	0.052419	7.525414	0.622713	1.361308	-0.745543	0.178401	-0.247326	-3.424111	0.264560	0.342213	0.414864	-0.004494	0.038269
0.855246	-0.092582	-0.079214	-2.107294	-0.073724	0.043230	0.464924	-0.134990	-0.124057	-0.477444	0.052997	0.052749	6.779828	1.003905	1.668649	0.845728	0.212036	-0.272803	-4.373538	0.602566	0.189809	1.330996	0.021034	0.032998
0.914553	-0.079409	-0.060018	-2.083148	-0.071287	0.040282	0.413413	-0.126169	-0.123757	-0.456329	0.053519	0.053049	5.930633	1.317248	1.919547	2.414616	0.243662	-0.294766	-5.151073	0.882140	0.030069	2.111517	0.052263	0.029978
0.964680	-0.063906	-0.039071	-2.043804	-0.068563	0.037161	0.356249	-0.115313	-0.124778	-0.429212	0.054394	0.053344	5.012767	1.550325	2.094751	3.934329	0.272400	-0.312180	-5.716439	1.085529	-0.102159	2.711665	0.087489	0.029553
1.005213	-0.046920	-0.017279	-1.989983	-0.065589	0.033920	0.295730	-0.103273	-0.126528	-0.398230	0.055643	0.053663	4.053264	1.698627	2.179241	5.382178	0.297423	-0.324048	-6.051882	1.204085	-0.174938	3.098212	0.124824	0.031822
1.035948	-0.029280	0.004352	-1.922592	-0.062408	0.030624	0.234141	-0.090894	-0.128189	-0.365723	0.057265	0.054029	3.073474	1.764004	2.163048	6.739037	0.318056	-0.329575	-6.158894	1.237836	-0.166118	3.250721	0.162250	0.036680
1.056862	-0.011754	0.024779	-1.842708	-0.059070	0.027342	0.173595	-0.078961	-0.128876	-0.334099	0.059242	0.054469	2.091402	1.752580	2.042701	7.988422	0.333799	-0.328266	-6.054656	1.193354	-0.068694	3.162330	0.197736	0.043918
1.068097	0.004978	0.043010	-1.751555	-0.055627	0.024142	0.115923	-0.068145	-0.127817	-0.305717	0.061535	0.055001	1.123548	1.673179	1.823054	9.115289	0.344321	-0.319959	-5.767137	1.081579	0.105831	2.838204	0.229291	0.053209
1.069954	0.020349	0.058182	-1.650506	-0.052132	0.021094	0.062627	-0.058981	-0.124530	-0.282796	0.064085	0.055640	0.185692	1.537101	1.517209	10.104891	0.349481	-0.304830	-5.329604	0.916355	0.328768	2.292082	0.255006	0.063957
1.062879	0.033933	0.069626	-1.541089	-0.048639	0.018260	0.014860	-0.051844	-0.118910	-0.267361	0.066817	0.056392	-0.707504	1.358453	1.144477	10.941682	0.349363	-0.283419	-4.776738	0.713693	0.562011	1.543529	0.273176	0.075171
1.047448	0.045467	0.076909	-1.425005	-0.045195	0.015693	-0.026571	-0.046932	-0.111213	-0.261188	0.069643	0.057247	-1.543069	1.153338	0.728234	11.608441	0.344315	-0.256649	-4.143080	0.491255	0.769694	0.617353	0.282539	0.085517
1.024355	0.054844	0.079851	-1.304144	-0.041846	0.013435	-0.061197	-0.044259	-0.101943	-0.265743	0.072469	0.058183	-2.309353	0.937686	0.294197	12.086050	0.334933	-0.225771	-3.462642	0.267332	0.926971	-0.455540	0.282597	0.093584
0.994410	0.062091	0.078540	-1.180604	-0.038626	0.011513	-0.088879	-0.043669	-0.091721	-0.282117	0.075208	0.059167	-2.994437	0.724726	-0.131083	12.354039	0.321970	-0.192223	-2.768186	0.058960	1.022206	-1.637444	0.273975	0.098393
0.958572	0.067324	0.073324	-1.056687	-0.035564	0.009938	-0.109768	-0.044868	-0.081154	-0.310965	0.077794	0.060165	-3.583864	0.523271	-0.521554	12.391730	0.306194	-0.157488	-2.088847	-0.119931	1.056745	-2.884759	0.258563	0.099802
0.917982	0.070700	0.064793	-0.934885	-0.032682	0.008709	-0.124232	-0.047462	-0.070711	-0.352471	0.080187	0.061151	-4.058993	0.337632	-0.853140	12.180138	0.288206	-0.122964	-1.446429	-0.259385	1.044225	-4.150563	0.239290	0.098556
0.874008	0.072394	0.053738	-0.817835	-0.029999	0.007810	-0.132755	-0.050993	-0.060654	-0.406351	0.082383	0.062112	-4.397408	0.169405	-1.105515	11.705002	0.268325	-0.089843	-0.852282	-0.353116	1.005777	-5.387984	0.219633	0.096164
0.828249	0.072601	0.041099	-0.708227	-0.027534	0.007220	-0.135811	-0.054962	-0.051026	-0.471891	0.084413	0.063059	-4.575911	0.020688	-1.263925	10.960826	0.246560	-0.059002	-0.305630	-0.396892	0.962791	-6.554085	0.202993	0.094636
0.782494	0.071576	0.027889	-0.608677	-0.025307	0.006910	-0.133748	-0.058823	-0.041704	-0.548026	0.086333	0.064018	-4.575433	-0.102501	-1.320989	9.954994	0.222685	-0.030989	0.206293	-0.386130	0.932169	-7.613501	0.192003	0.095985
0.738629	0.069691	0.015104	-0.521570	-0.023343	0.006849	-0.126696	-0.061971	-0.032461	-0.633430	0.088213	0.065034	-4.386506	-0.188509	-1.278446	8.710687	0.196403	-0.006114	0.705230	-0.314736	0.924338	-8.540316	0.187954	0.101569
0.698494	0.067472	0.003622	-0.448893	-0.021667	0.007004	-0.114533	-0.063740	-0.023037	-0.726607	0.090118	0.066150	-4.013517	-0.221903	-1.148265	7.267735	0.167611	0.015463	1.216309	-0.176930	0.942378	-9.317753	0.190565	0.111589
0.663732	0.065580	-0.005893	-0.392079	-0.020300	0.007341	-0.096912	-0.063457	-0.013217	-0.825972	0.092100	0.067400	-3.476263	-0.189182	-0.951475	5.681391	0.136689	0.033758	1.762116	0.028302	0.981964	-9.936458	0.198185	0.124961
0.635644	0.064721	-0.013031	-0.351884	-0.019253	0.007832	-0.073328	-0.060531	-0.002892	-0.929893	0.094183	0.068796	-2.808799	-0.085920	-0.713824	4.019454	0.104677	0.049091	2.358413	0.292644	1.032547	-10.392177	0.208257	0.139614
0.615078	0.065508	-0.017635	-0.328306	-0.018521	0.008453	-0.043209	-0.054567	0.007909	-1.036725	0.096362	0.070326	-2.056564	0.078690	-0.460363	2.357879	0.073216	0.062085	3.011879	0.596404	1.080081	-10.683188	0.217885	0.153055
0.602351	0.068335	-0.019763	-0.320558	-0.018078	0.009186	-0.006017	-0.045466	0.019013	-1.144806	0.098605	0.071956	-1.272649	0.282711	-0.212765	0.774729	0.044251	0.073328	3.719218	0.910055	1.110368	-10.808091	0.224355	0.162944
0.597209	0.073304	-0.019659	-0.327120	-0.017882	0.010015	0.038655	-0.033476	0.030128	-1.252454	0.100860	0.073630	-0.514234	0.496897	0.010424	-0.656203	0.019610	0.082858	4.467174	1.198964	1.111502	-10.764736	0.225461	0.167441
0.598802	0.080210	-0.017713	-0.345813	-0.017876	0.010915	0.090987	-0.019180	0.040876	-1.357958	0.103056	0.075283	0.159341	0.690648	0.194594	-1.869235	0.000603	0.089997	5.233195	1.429684	1.074834	-10.550452	0.219591	0.165269
0.605672	0.088568	-0.014397	-0.373888	-0.017998	0.011853	0.150849	-0.003427	0.050825	-1.459588	0.105113	0.076839	0.686987	0.835751	0.331606	-2.807478	-0.012230	0.093791	5.986217	1.575281	0.994900	-10.163020	0.205697	0.155664
0.615755	0.097662	-0.010212	-0.408127	-0.018190	0.012791	0.217727	0.012755	0.059513	-1.555605	0.106946	0.078223	1.008240	0.909464	0.418403	-3.423975	-0.019198	0.093759	6.687752	1.618166	0.868790	-9.601709	0.183305	0.138370
0.626467	0.106645	-0.005700	-0.444998	-0.018404	0.013695	0.290669	0.028263	0.066469	-1.644289	0.108471	0.079360	1.071178	0.898296	0.451254	-3.687111	-0.021395	0.090457	7.294258	1.550852	0.695590	-8.868397	0.152540	0.113701
0.634913	0.114642	-0.001449	-0.480895	-0.018610	0.014550	0.368280	0.042019	0.071237	-1.723980	0.109612	0.080186	0.844612	0.799715	0.425071	-3.589631	-0.020528	0.085450	7.761073	1.375603	0.476821	-7.969027	0.114105	0.082574
0.638202	0.120842	0.001967	-0.512457	-0.018795	0.015355	0.448758	0.053055	0.073420	-1.793131	0.110304	0.080650	0.328942	0.619949	0.341603	-3.156193	-0.018580	0.080510	8.047770	1.103524	0.218263	-6.915184	0.069202	0.046421
0.633807	0.124547	0.004140	-0.536890	-0.018969	0.016120	0.530014	0.060589	0.072736	-1.850383	0.110498	0.080720	-0.439518	0.370523	0.217312	-2.443297	-0.017362	0.076576	8.125669	0.753447	-0.068385	-5.725131	0.019393	0.006997
0.619880	0.125216	0.004956	-0.552187	-0.019151	0.016854	0.609877	0.064100	0.069073	-1.894619	0.110162	0.080381	-1.392683	0.066864	0.081613	-1.529768	-0.018185	0.073367	7.986204	0.351054	-0.366341	-4.423662	-0.033634	-0.033892
0.595453	0.122510	0.004610	-0.557214	-0.019369	0.017554	0.686317	0.063377	0.062500	-1.925023	0.109279	0.079635	-2.442700	-0.270539	-0.034583	-0.502641	-0.021852	0.069954	7.644039	-0.072256	-0.657279	-3.040407	-0.088248	-0.074568
0.560468	0.116354	0.003489	-0.551668	-0.019658	0.018210	0.757624	0.058551	0.053249	-1.941092	0.107851	0.078501	-3.498505	-0.615613	-0.112144	0.554606	-0.028850	0.065676	7.130676	-0.482610	-0.925079	-1.606819	-0.142850	-0.113467
0.515666	0.106952	0.001992	-0.535988	-0.020052	0.018816	0.822454	0.050058	0.041672	-1.942622	0.105893	0.077010	-4.480210	-0.940175	-0.149688	1.567983	-0.039432	0.060596	6.483077	-0.849292	-1.157726	-0.153003	-0.195776	-0.149074
0.462406	0.094754	0.000379	-0.511247	-0.020588	0.019370	0.879808	0.038556	0.028196	-1.929679	0.103440	0.075210	-5.326019	-1.219840	-0.161250	2.474042	-0.053611	0.055333	5.735317	-1.150169	-1.347602	1.294242	-0.245308	-0.179954
0.402475	0.080373	-0.001332	-0.479054	-0.021300	0.019877	0.928963	0.024815	0.013284	-1.902560	0.100542	0.073161	-5.993023	-1.438090	-0.171129	3.219380	-0.071173	0.050691	4.915544	-1.374154	-1.491156	2.711949	-0.289828	-0.204916
0.337912	0.064504	-0.003410	-0.441441	-0.022217	0.020351	0.969420	0.009616	-0.002596	-1.861753	0.097261	0.070930	-6.456372	-1.586937	-0.207797	3.761211	-0.091732	0.047416	4.045731	-1.519932	-1.587998	4.080706	-0.328034	-0.223164
0.270826	0.047848	-0.006369	-0.400749	-0.023365	0.020813	1.000844	-0.006309	-0.018989	-1.807913	0.093671	0.068586	-6.708541	-1.665547	-0.295884	4.069214	-0.114725	0.046171	3.142361	-1.592420	-1.639355	5.383965	-0.359054	-0.234389
0.203250	0.031066	-0.010845	-0.359479	-0.024758	0.021288	1.023025	-0.022302	-0.035457	-1.741844	0.089847	0.066198	-6.757601	-1.678220	-0.447638	4.127034	-0.139307	0.047555	2.218075	-1.599370	-1.646732	6.606947	-0.382400	-0.238787
0.137018	0.014746	-0.017406	-0.320162	-0.026400	0.021808	1.035870	-0.037794	-0.051571	-1.664491	0.085868	0.063828	-6.623217	-1.632003	-0.656069	3.931677	-0.164197	0.051977	1.284540	-1.549133	-1.611396	7.735267	-0.397845	-0.236987
0.073714	-0.000596	-0.026331	-0.285256	-0.028276	0.022402	1.039429	-0.052289	-0.066916	-1.576955	0.081815	0.061529	-6.330449	-1.534194	-0.892540	3.490668	-0.187656	0.059416	0.355859	-1.449555	-1.534507	8.753631	-0.405375	-0.229919
0.014677	-0.014502	-0.037457	-0.257065	-0.030354	0.023095	1.033936	-0.065369	-0.081093	-1.480504	0.077762	0.059342	-5.903676	-1.390637	-1.112627	2.819011	-0.207746	0.069321	-0.549230	-1.307975	-1.417737	9.645081	-0.405218	-0.218687
-0.038959	-0.026559	-0.050153	-0.237689	-0.032581	0.023902	1.019860	-0.076687	-0.093737	-1.376593	0.073784	0.057298	-5.363574	-1.205676	-1.269599	1.937674	-0.222691	0.080662	-1.407614	-1.131794	-1.264434	10.391046	-0.397874	-0.204428
-0.086238	-0.036395	-0.063438	-0.228955	-0.034891	0.024821	0.997920	-0.085973	-0.104547	-1.266874	0.069943	0.055416	-4.727890	-0.983595	-1.328407	0.873318	-0.231011	0.091871	-2.194072	-0.928632	-1.080954	10.971887	-0.384068	-0.188162
-0.126386	-0.043699	-0.076180	-0.232365	-0.037206	0.025829	0.969078	-0.093034	-0.113321	-1.153199	0.066296	0.053709	-4.014844	-0.730380	-1.274258	-0.340999	-0.231557	0.100861	-2.884168	-0.706045	-0.877452	11.367503	-0.364659	-0.170715
-0.158859	-0.048247	-0.087325	-0.249007	-0.039444	0.026884	0.934511	-0.097749	-0.119997	-1.037619	0.062891	0.052181	-3.247331	-0.454786	-1.114494	-1.664161	-0.223814	0.105507	-3.456710	-0.471576	-0.667516	11.558019	-0.340564	-0.152758
-0.183412	-0.049931	-0.096064	-0.279468	-0.041528	0.027929	0.895560	-0.100083	-0.124663	-0.922371	0.059764	0.050833	-2.455227	-0.168401	-0.873908	-3.046066	-0.208399	0.104459	-3.895089	-0.233402	-0.466631	11.524865	-0.312714	-0.134866
-0.200140	-0.048785	-0.101931	-0.323770	-0.043402	0.028906	0.853686	-0.100096	-0.127565	-0.809844	0.056943	0.049658	-1.672869	0.114605	-0.586710	-4.430235	-0.187315	0.097762	-4.187349	-0.001248	-0.290182	11.252666	-0.282011	-0.117513
-0.209455	-0.045015	-0.104838	-0.381377	-0.045037	0.029775	0.810430	-0.097968	-0.129083	-0.702523	0.054450	0.048648	-0.931437	0.376937	-0.290683	-5.760651	-0.163592	0.086835	-4.325614	0.212821	-0.151828	10.732114	-0.249304	-0.100999
-0.211958	-0.039042	-0.105081	-0.451274	-0.046442	0.030513	0.767369	-0.094025	-0.129707	-0.602887	0.052296	0.047794	-0.250280	0.597280	-0.024258	-6.989771	-0.140460	0.073853	-4.306099	0.394232	-0.062424	9.963616	-0.215405	-0.085381
-0.208283	-0.031529	-0.103301	-0.532107	-0.047647	0.031123	0.726065	-0.088757	-0.129995	-0.513279	0.050485	0.047089	0.367467	0.751337	0.177916	-8.083307	-0.120539	0.060949	-4.130410	0.526858	-0.028765	8.960774	-0.181150	-0.070452
-0.198951	-0.023367	-0.100379	-0.622310	-0.048701	0.031620	0.687992	-0.082805	-0.130510	-0.435758	0.049010	0.046531	0.933161	0.816154	0.292213	-9.020245	-0.105399	0.049694	-3.807357	0.595158	-0.051474	7.752110	-0.147436	-0.055850
-0.184279	-0.015605	-0.097264	-0.720210	-0.049656	0.032029	0.654454	-0.076932	-0.131741	-0.371957	0.047859	0.046118	1.467265	0.776210	0.311580	-9.790056	-0.095498	0.040905	-3.353762	0.587309	-0.123141	6.380092	-0.115190	-0.041260
-0.164342	-0.009324	-0.094809	-0.824106	-0.050560	0.032376	0.626516	-0.071945	-0.134030	-0.322974	0.047006	0.045853	1.993694	0.628180	0.245469	-10.389534	-0.090351	0.034669	-2.793764	0.498754	-0.228882	4.898333	-0.085305	-0.026538
-0.138988	-0.005498	-0.093657	-0.932307	-0.051448	0.032680	0.604940	-0.068596	-0.137524	-0.289289	0.046419	0.045736	2.535411	0.382518	0.115223	-10.820099	-0.088851	0.030483	-2.157665	0.334821	-0.349436	3.368477	-0.058639	-0.011672
-0.107876	-0.004875	-0.094173	-1.043161	-0.052345	0.032955	0.590130	-0.067491	-0.142157	-0.270722	0.046058	0.045768	3.111119	0.062372	-0.051659	-11.085438	-0.089623	0.027480	-1.480943	0.110569	-0.463317	1.856702	-0.036067	0.003192
-0.070549	-0.007865	-0.096433	-1.155056	-0.053258	0.033202	0.582102	-0.069019	-0.147614	-0.266430	0.045874	0.045943	3.732746	-0.298992	-0.226012	-11.189463	-0.091307	0.024666	-0.802866	-0.152815	-0.545691	0.429133	-0.018481	0.017524
-0.026513	-0.014486	-0.100231	-1.266404	-0.054185	0.033413	0.580452	-0.073340	-0.153301	-0.274956	0.045807	0.046245	4.403620	-0.662192	-0.379727	-11.134819	-0.092689	0.021113	-0.164947	-0.432131	-0.568658	-0.852598	-0.006692	0.030179
0.024657	-0.024360	-0.105109	-1.375625	-0.055112	0.033574	0.584343	-0.080365	-0.158400	-0.294288	0.045794	0.046640	5.116965	-0.987319	-0.487820	-10.922130	-0.092750	0.016079	0.389131	-0.702524	-0.509941	-1.933180	-0.001251	0.039525
0.083202	-0.036758	-0.110414	-1.481125	-0.056019	0.033664	0.592465	-0.089715	-0.162067	-0.321919	0.045773	0.047081	5.854467	-1.239816	-0.530521	-10.550014	-0.090715	0.009052	0.812156	-0.934986	-0.366632	-2.763058	-0.002143	0.044050
0.149059	-0.050708	-0.115361	-1.581283	-0.056880	0.033662	0.603007	-0.100694	-0.163659	-0.354914	0.045688	0.047512	6.585720	-1.394968	-0.494659	-10.015793	-0.086078	-0.000233	1.054192	-1.097894	-0.159247	-3.299517	-0.008452	0.043172
0.221753	-0.065112	-0.119104	-1.674453	-0.057666	0.033544	0.613701	-0.112349	-0.162857	-0.390047	0.045506	0.047889	7.269410	-1.440414	-0.374325	-9.316930	-0.078597	-0.011792	1.069430	-1.165526	0.080262	-3.513290	-0.018245	0.037648
0.300315	-0.078876	-0.120825	-1.758984	-0.058348	0.033289	0.621985	-0.123615	-0.159632	-0.424039	0.045218	0.048181	7.856200	-1.376472	-0.172067	-8.453173	-0.068231	-0.025459	0.828419	-1.126579	0.322443	-3.399224	-0.028831	0.029183
0.383256	-0.091019	-0.119827	-1.833275	-0.058899	0.032879	0.625282	-0.133466	-0.154210	-0.453876	0.044845	0.048377	8.294138	-1.214236	0.099722	-7.429049	-0.055037	-0.041017	0.329631	-0.985103	0.542185	-2.983730	-0.037286	0.019577
0.468637	-0.100739	-0.115629	-1.895832	-0.059290	0.032297	0.621320	-0.141021	-0.147059	-0.477100	0.044434	0.048478	8.538112	-0.972046	0.419857	-6.255671	-0.039103	-0.058262	-0.396191	-0.755434	0.715117	-2.322364	-0.041040	0.010102
0.554249	-0.107457	-0.108000	-1.945343	-0.059495	0.031527	0.608418	-0.145599	-0.138848	-0.491989	0.044052	0.048491	8.561139	-0.671829	0.762834	-4.951145	-0.020545	-0.076920	-1.290174	-0.457849	0.821115	-1.488848	-0.038211	0.001386
0.637858	-0.110828	-0.096961	-1.980740	-0.059491	0.030562	0.585669	-0.146773	-0.130327	-0.497612	0.043776	0.048428	8.360943	-0.337023	1.103920	-3.539738	0.000459	-0.096534	-2.274938	-0.117358	0.852064	-0.562375	-0.027641	-0.006294
0.717434	-0.110747	-0.082748	-2.001241	-0.059254	0.029398	0.553000	-0.144402	-0.122187	-0.493792	0.043687	0.048303	7.957611	0.008072	1.421350	-2.050089	0.023632	-0.116435	-3.266880	0.237117	0.814013	0.382031	-0.008845	-0.012512
0.791279	-0.107354	-0.065791	-2.006367	-0.058769	0.028040	0.511116	-0.138651	-0.114951	-0.481007	0.043867	0.048139	7.384479	0.339302	1.695677	-0.512593	0.048504	-0.135738	-4.188350	0.575041	0.723608	1.278453	0.017977	-0.016464
0.858056	-0.101004	-0.046698	-1.995936	-0.058026	0.026507	0.461351	-0.129976	-0.108907	-0.460301	0.044387	0.047966	6.677736	0.635010	1.909268	1.043115	0.074337	-0.153359	-4.976579	0.867523	0.604460	2.070659	0.051961	-0.017257
0.916750	-0.092215	-0.026221	-1.970041	-0.057024	0.024825	0.405473	-0.119067	-0.104059	-0.433191	0.045304	0.047823	5.869367	0.878924	2.047719	2.589467	0.100168	-0.168144	-5.587764	1.090917	0.484738	2.711014	0.091691	-0.014315
0.966600	-0.081595	-0.005205	-1.929031	-0.055775	0.023035	0.345498	-0.106768	-0.100124	-0.401582	0.046657	0.047748	4.984981	1.061950	2.101636	4.101014	0.124951	-0.179051	-5.997487	1.229887	0.393482	3.160892	0.135340	-0.007486
1.007047	-0.069777	0.015463	-1.873492	-0.054298	0.021182	0.283499	-0.093981	-0.096584	-0.367650	0.048465	0.047779	4.044707	1.181799	2.066771	5.553970	0.147698	-0.185319	-6.199929	1.278674	0.354008	3.393203	0.180755	0.003118
1.037698	-0.057366	0.034896	-1.804236	-0.052622	0.019316	0.221439	-0.081578	-0.092821	-0.333703	0.050720	0.047952	3.065129	1.241118	1.943306	6.925564	0.167595	-0.186591	-6.205996	1.240327	0.376307	3.394648	0.225519	0.017298
1.058317	-0.044909	0.052257	-1.722303	-0.050781	0.017486	0.161054	-0.070330	-0.088286	-0.302054	0.053391	0.048300	2.061836	1.245692	1.736121	8.193244	0.184085	-0.182946	-6.038514	1.124779	0.453534	3.164883	0.267080	0.034803
1.068836	-0.032873	0.066812	-1.628964	-0.048812	0.015738	0.103800	-0.060862	-0.082635	-0.274928	0.056420	0.048852	1.051924	1.203596	1.455479	9.333956	0.196843	-0.174790	-5.725321	0.946798	0.565059	2.712668	0.302946	0.055140
1.069388	-0.021622	0.077979	-1.525727	-0.046755	0.014111	0.050862	-0.053617	-0.075802	-0.254408	0.059728	0.049624	0.055173	1.125083	1.116690	10.323678	0.205708	-0.162705	-5.293856	0.724477	0.683348	2.052018	0.330848	0.077267
1.060324	-0.011400	0.085368	-1.414355	-0.044649	0.012638	0.003168	-0.048836	-0.067980	-0.242397	0.063218	0.050619	-0.906343	1.022240	0.738920	11.137160	0.210610	-0.147340	-4.769439	0.478093	0.782214	1.201081	0.348921	0.099475
1.042232	-0.002325	0.088806	-1.296876	-0.042534	0.011344	-0.038595	-0.046550	-0.059535	-0.240560	0.066778	0.051815	-1.809204	0.907480	0.343804	11.747991	0.211523	-0.129344	-4.176299	0.228599	0.844475	0.183671	0.355989	0.119631
1.015942	0.005585	0.088349	-1.175582	-0.040449	0.010251	-0.073984	-0.046597	-0.050888	-0.250247	0.070296	0.053173	-2.629005	0.790959	-0.045704	12.129327	0.208459	-0.109306	-3.538847	-0.004703	0.864707	-0.968643	0.351893	0.135703
0.982545	0.012368	0.084290	-1.053028	-0.038435	0.009374	-0.102793	-0.048663	-0.042422	-0.272407	0.073674	0.054636	-3.339740	0.678351	-0.405962	12.255456	0.201487	-0.087743	-2.880936	-0.206576	0.846617	-2.216019	0.337749	0.146363
0.943412	0.018073	0.077158	-0.931985	-0.036527	0.008722	-0.125019	-0.052332	-0.034419	-0.307530	0.076833	0.056150	-3.913272	0.570451	-0.713160	12.104241	0.190765	-0.065154	-2.222621	-0.366899	0.800226	-3.512352	0.315939	0.151369
0.900208	0.022723	0.067709	-0.815380	-0.034761	0.008301	-0.140781	-0.057128	-0.027009	-0.355623	0.079731	0.057665	-4.320423	0.465056	-0.944859	11.660486	0.176558	-0.042104	-1.576124	-0.479616	0.741022	-4.809240	0.289746	0.151553
0.854864	0.026329	0.056880	-0.706180	-0.033169	0.008109	-0.150213	-0.062532	-0.020131	-0.416228	0.082358	0.059151	-4.534373	0.360574	-1.082914	10.920018	0.159236	-0.019270	-0.943270	-0.540348	0.687813	-6.060499	0.262736	0.148550
0.809501	0.028930	0.045710	-0.607241	-0.031776	0.008134	-0.153371	-0.067972	-0.013556	-0.488488	0.084739	0.060595	-4.536287	0.260070	-1.117068	9.893936	0.139282	0.002537	-0.315778	-0.544055	0.657539	-7.225993	0.238089	0.144381
0.766283	0.030667	0.035230	-0.521122	-0.030603	0.008358	-0.150159	-0.072813	-0.006958	-0.571227	0.086919	0.062004	-4.321797	0.173718	-1.047942	8.611889	0.117318	0.022426	0.321208	-0.484097	0.659758	-8.273898	0.218013	0.140912
0.727229	0.031842	0.026348	-0.449895	-0.029661	0.008755	-0.140325	-0.076353	-0.000020	-0.663037	0.088953	0.063397	-3.905381	0.117558	-0.888257	7.122689	0.094150	0.039621	0.983389	-0.353966	0.693825	-9.181003	0.203395	0.139305
0.694028	0.032922	0.019735	-0.394980	-0.028953	0.009292	-0.123507	-0.077869	0.007477	-0.762350	0.090891	0.064794	-3.320128	0.108017	-0.661263	5.491512	0.070804	0.053799	1.681853	-0.151609	0.749643	-9.931374	0.193816	0.139720
0.667896	0.034468	0.015776	-0.357035	-0.028469	0.009946	-0.099304	-0.076707	0.015591	-0.867493	0.092770	0.066208	-2.613217	0.154537	-0.395927	3.794469	0.048467	0.065343	2.420275	0.116215	0.811404	-10.514257	0.187903	0.141398
0.649503	0.037018	0.014560	-0.335919	-0.028186	0.010698	-0.067355	-0.072384	0.024214	-0.976713	0.094609	0.067638	-1.839311	0.255058	-0.121573	2.111624	0.028314	0.075209	3.194899	0.432252	0.862303	-10.922055	0.183816	0.143026
0.638959	0.040990	0.015902	-0.330723	-0.028073	0.011541	-0.027398	-0.064685	0.033091	-1.088201	0.096405	0.069070	-1.054332	0.397112	0.134242	0.519572	0.011311	0.084281	3.995670	0.769958	0.887732	-11.148742	0.179676	0.143183
0.635840	0.046607	0.019366	-0.339863	-0.028091	0.012467	0.020674	-0.053718	0.041856	-1.200091	0.098143	0.070477	-0.311963	0.561723	0.346333	-0.913989	-0.001858	0.092638	4.807221	1.096693	0.876448	-11.188997	0.173784	0.140654
0.639198	0.053867	0.024322	-0.361175	-0.028199	0.013461	0.076766	-0.039934	0.050065	-1.310472	0.099790	0.071822	0.335847	0.726003	0.495664	-2.131150	-0.010765	0.099395	5.609171	1.378384	0.820927	-11.038171	0.164670	0.134528
0.647559	0.062514	0.030070	-0.391986	-0.028351	0.014494	0.140522	-0.024086	0.057239	-1.417401	0.101301	0.073063	0.836050	0.864702	0.574737	-3.081134	-0.015227	0.103254	6.375588	1.584808	0.717450	-10.692846	0.151079	0.124154
0.658900	0.072053	0.035941	-0.429177	-0.028505	0.015528	0.211266	-0.007145	0.062895	-1.518918	0.102621	0.074154	1.134113	0.953886	0.587179	-3.719086	-0.015406	0.103387	7.074467	1.694080	0.565560	-10.151699	0.132014	0.109100
0.670704	0.081823	0.041341	-0.469286	-0.028625	0.016529	0.287953	0.009808	0.066567	-1.613084	0.103689	0.075046	1.180369	0.977001	0.539905	-4.010912	-0.012022	0.100142	7.668669	1.695335	0.367258	-9.416647	0.106870	0.089191
0.680124	0.091109	0.045714	-0.508720	-0.028690	0.017480	0.369139	0.025698	0.067837	-1.698027	0.104445	0.075692	0.942025	0.928592	0.437371	-3.943410	-0.006491	0.095118	8.118607	1.589010	0.126980	-8.494295	0.075541	0.064584
0.684272	0.099231	0.048570	-0.544060	-0.028697	0.018384	0.453002	0.039547	0.066360	-1.772002	0.104829	0.076050	0.414834	0.812231	0.285557	-3.533939	-0.000719	0.090374	8.386283	1.384895	-0.147766	-7.397448	0.038411	0.035771
0.680560	0.105584	0.049569	-0.572388	-0.028663	0.019256	0.537419	0.050539	0.061897	-1.833463	0.104791	0.076085	-0.371226	0.635317	0.099941	-2.832857	0.003480	0.087205	8.441680	1.099180	-0.446241	-6.146098	-0.003790	0.003496
0.667018	0.109643	0.048641	-0.591544	-0.028614	0.020111	0.620136	0.058063	0.054346	-1.881136	0.104289	0.075771	-1.354148	0.405845	-0.092783	-1.915593	0.004905	0.085536	8.271770	0.752426	-0.755085	-4.767339	-0.050158	-0.031369
0.642524	0.110981	0.046015	-0.600228	-0.028583	0.020956	0.699005	0.061754	0.043753	-1.914074	0.103293	0.075092	-2.449445	0.133810	-0.262664	-0.868351	0.003043	0.084422	7.886876	0.369103	-1.059370	-3.293798	-0.099688	-0.067870
0.606871	0.109331	0.042124	-0.597979	-0.028606	0.021786	0.772181	0.061524	0.030313	-1.931681	0.101781	0.074044	-3.565330	-0.164953	-0.389081	0.224826	-0.002237	0.083021	7.317577	-0.023058	-1.343921	-1.760704	-0.151177	-0.104879
0.560689	0.104648	0.037439	-0.585089	-0.028715	0.022598	0.838219	0.057563	0.014366	-1.933707	0.099750	0.072633	-4.618210	-0.468299	-0.468520	1.289021	-0.010916	0.081187	6.603818	-0.396051	-1.594769	-0.202599	-0.203083	-0.141020
0.505270	0.097122	0.032302	-0.562491	-0.028944	0.023392	0.896067	0.050298	-0.003639	-1.920218	0.097215	0.070886	-5.541813	-0.752591	-0.513665	2.259797	-0.022897	0.079403	5.784757	-0.726511	-1.800445	1.348961	-0.253525	-0.174708
0.442382	0.087137	0.026828	-0.531671	-0.029324	0.024176	0.945006	0.040301	-0.023162	-1.891555	0.094210	0.068843	-6.288890	-0.998545	-0.547375	3.082039	-0.038042	0.078405	4.893934	-0.999715	-1.952314	2.866287	-0.300467	-0.204316
0.374084	0.075198	0.020874	-0.494576	-0.029886	0.024965	0.984588	0.028201	-0.043598	-1.848300	0.090790	0.066559	-6.829801	-1.193891	-0.595389	3.709455	-0.056218	0.078884	3.958227	-1.209991	-2.043599	4.325467	-0.341990	-0.228391
0.302571	0.061872	0.014077	-0.453516	-0.030659	0.025779	1.014571	0.014624	-0.064286	-1.791242	0.087025	0.064101	-7.151269	-1.332580	-0.679780	4.105998	-0.077295	0.081444	2.998310	-1.357672	-2.068786	5.705810	-0.376494	-0.245845
0.230019	0.047747	0.005947	-0.411036	-0.031670	0.026646	1.034871	0.000172	-0.084531	-1.721353	0.082997	0.061540	-7.255217	-1.412555	-0.812947	4.248068	-0.101046	0.086686	2.030010	-1.445232	-2.024518	6.988920	-0.402790	-0.256086
0.158461	0.033410	-0.003964	-0.369785	-0.032939	0.027597	1.045538	-0.014576	-0.103639	-1.639779	0.078796	0.058949	-7.155806	-1.433654	-0.991090	4.125057	-0.126959	0.095156	1.066691	-1.474760	-1.910811	8.157426	-0.420111	-0.259070
0.089722	0.019448	-0.015870	-0.332412	-0.034480	0.028668	1.046763	-0.029051	-0.120954	-1.547842	0.074514	0.056396	-6.873822	-1.396187	-1.190618	3.737264	-0.154109	0.107094	0.122428	-1.447559	-1.731522	9.193666	-0.428174	-0.255286
0.025415	0.006443	-0.029590	-0.301478	-0.036292	0.029891	1.038911	-0.042706	-0.135897	-1.447053	0.070242	0.053940	-6.430709	-1.300525	-1.372039	3.093470	-0.181206	0.122233	-0.785115	-1.365482	-1.494270	10.078878	-0.427225	-0.245644
-0.033043	-0.005033	-0.044487	-0.279373	-0.038360	0.031289	1.022574	-0.055031	-0.148002	-1.339121	0.066063	0.051627	-5.845828	-1.147618	-1.489644	2.210466	-0.206763	0.139808	-1.633736	-1.232528	-1.210485	10.793167	-0.417972	-0.231279
-0.084422	-0.014435	-0.059519	-0.268233	-0.040653	0.032874	0.998590	-0.065586	-0.156959	-1.225961	0.062048	0.049494	-5.137943	-0.940160	-1.503213	1.114004	-0.229263	0.158575	-2.398432	-1.055450	-0.895684	11.316074	-0.401450	-0.213362
-0.127714	-0.021281	-0.073427	-0.269834	-0.043126	0.034643	0.968042	-0.074023	-0.162651	-1.109687	0.058259	0.047564	-4.329116	-0.684588	-1.390812	-0.160100	-0.247343	0.176831	-3.054804	-0.843766	-0.569210	11.627382	-0.378911	-0.193011
-0.162198	-0.025214	-0.085013	-0.285486	-0.045727	0.036570	0.932218	-0.080122	-0.165179	-0.992605	0.054742	0.045851	-3.448430	-0.393351	-1.158604	-1.565251	-0.260117	0.192684	-3.582369	-0.609850	-0.252821	11.708206	-0.351736	-0.171295
-0.187531	-0.026070	-0.093413	-0.315932	-0.048403	0.038616	0.892552	-0.083810	-0.164865	-0.877177	0.051528	0.044358	-2.533308	-0.085571	-0.839952	-3.044526	-0.267587	0.204629	-3.966631	-0.368855	0.031395	11.542789	-0.321310	-0.149230
-0.203793	-0.023925	-0.098254	-0.361272	-0.051112	0.040737	0.850556	-0.085191	-0.162234	-0.765964	0.048640	0.043082	-1.626162	0.214457	-0.484116	-4.534024	-0.270865	0.212149	-4.199530	-0.138041	0.263104	11.121255	-0.288864	-0.127665
-0.211453	-0.019132	-0.099692	-0.420972	-0.053831	0.042896	0.807769	-0.084547	-0.157975	-0.661534	0.046086	0.042011	-0.766006	0.479346	-0.143802	-5.970027	-0.271915	0.215866	-4.278698	0.064353	0.425888	10.443021	-0.255347	-0.107073
-0.211243	-0.012327	-0.098359	-0.493946	-0.056559	0.045067	0.765702	-0.082343	-0.152880	-0.566335	0.043872	0.041137	0.020912	0.680469	0.133267	-7.297387	-0.272854	0.217072	-4.206743	0.220466	0.509548	9.519950	-0.221411	-0.087415
-0.203984	-0.004420	-0.095249	-0.578695	-0.059311	0.047237	0.725789	-0.079199	-0.147760	-0.482555	0.041998	0.040454	0.725949	0.790774	0.311012	-8.474839	-0.275198	0.216987	-3.991282	0.314331	0.511958	8.378012	-0.187467	-0.068228
-0.190415	0.003473	-0.091537	-0.673451	-0.062106	0.049399	0.689337	-0.075862	-0.143361	-0.411988	0.040460	0.039965	1.356928	0.789248	0.371162	-9.475688	-0.279439	0.216272	-3.645204	0.333767	0.439941	7.056609	-0.153774	-0.048945
-0.171081	0.010129	-0.088379	-0.776307	-0.064957	0.051549	0.657470	-0.073134	-0.140273	-0.355927	0.039254	0.039673	1.933385	0.665642	0.315784	-10.285601	-0.285069	0.214919	-3.186664	0.272817	0.308717	5.606118	-0.120563	-0.029226
-0.146273	0.014366	-0.086736	-0.885302	-0.067865	0.053672	0.631082	-0.071793	-0.138874	-0.315079	0.038372	0.039582	2.480781	0.423674	0.164325	-10.899419	-0.290853	0.212371	-2.638872	0.134050	0.139936	4.084861	-0.088201	-0.009075
-0.116022	0.015188	-0.087259	-0.998480	-0.070816	0.055749	0.610785	-0.072499	-0.139278	-0.289519	0.037799	0.039694	3.025066	0.082179	-0.052265	-11.317884	-0.295133	0.207706	-2.029684	-0.070554	-0.040424	2.555961	-0.057350	0.011208
-0.080141	0.011930	-0.090229	-1.113928	-0.073777	0.057748	0.596875	-0.075707	-0.141311	-0.278683	0.037508	0.040004	3.588173	-0.325792	-0.296977	-11.544726	-0.296111	0.199858	-1.390948	-0.320862	-0.203288	1.083613	-0.029079	0.031007
-0.038295	0.004367	-0.095539	-1.229772	-0.076698	0.059626	0.589295	-0.081621	-0.144493	-0.281393	0.037459	0.040497	4.184579	-0.756332	-0.531077	-11.584399	-0.292090	0.187830	-0.758027	-0.591376	-0.318195	-0.271030	-0.004857	0.049238
0.009893	-0.007241	-0.102725	-1.344178	-0.079515	0.061334	0.587595	-0.090162	-0.148073	-0.295921	0.037596	0.041139	4.818812	-1.160760	-0.718569	-11.440649	-0.281659	0.170822	-0.170063	-0.854128	-0.357940	-1.452750	0.013661	0.064281
0.064730	-0.022173	-0.111034	-1.455338	-0.082153	0.062817	0.590884	-0.100962	-0.151150	-0.320046	0.037847	0.041882	5.483723	-1.493229	-0.830900	-11.115960	-0.263825	0.148278	0.328922	-1.079978	-0.307714	-2.412556	0.025106	0.074298
0.126325	-0.039349	-0.119535	-1.561455	-0.084534	0.064016	0.597780	-0.113353	-0.152892	-0.351116	0.038137	0.042661	6.159477	-1.717566	-0.850083	-10.611688	-0.238119	0.119922	0.689663	-1.239093	-0.174210	-3.106973	0.028984	0.077916
0.194462	-0.057466	-0.127226	-1.660743	-0.086581	0.064875	0.606393	-0.126406	-0.152721	-0.386123	0.038398	0.043410	6.813636	-1.811700	-0.769141	-9.928838	-0.204649	0.085843	0.861215	-1.305281	0.017092	-3.500740	0.026117	0.074867
0.268490	-0.075157	-0.133138	-1.751440	-0.088222	0.065340	0.614392	-0.139046	-0.150352	-0.421868	0.038584	0.044072	7.402802	-1.769089	-0.591195	-9.069667	-0.164063	0.046552	0.799904	-1.264001	0.236849	-3.574495	0.018641	0.066138
0.347253	-0.091131	-0.136429	-1.831839	-0.089396	0.065370	0.619206	-0.150207	-0.145743	-0.455205	0.038680	0.044607	7.876325	-1.597458	-0.329105	-8.039938	-0.117411	0.002936	0.481400	-1.116117	0.460927	-3.333622	0.009532	0.053574
0.429088	-0.104292	-0.136481	-1.900349	-0.090056	0.064931	0.618315	-0.158950	-0.139088	-0.483328	0.038699	0.044999	8.183491	-1.316070	-0.005185	-6.850985	-0.065995	-0.043864	-0.089037	-0.874280	0.665531	-2.812315	0.001902	0.039194
0.511933	-0.113819	-0.132965	-1.955557	-0.090168	0.064006	0.609580	-0.164529	-0.130858	-0.504022	0.038683	0.045245	8.284475	-0.952731	0.351642	-5.520789	-0.011282	-0.092508	-0.873515	-0.557914	0.822966	-2.069450	-0.001598	0.024613
0.593540	-0.119226	-0.125849	-1.996296	-0.089717	0.062592	0.591509	-0.166447	-0.121767	-0.515806	0.038692	0.045354	8.160780	-0.540648	0.711599	-4.073876	0.045130	-0.141445	-1.807145	-0.191806	0.909121	-1.178417	0.000963	0.010830
0.671731	-0.120375	-0.115359	-2.021697	-0.088701	0.060702	0.563417	-0.164507	-0.112628	-0.517970	0.038800	0.045338	7.819068	-0.114910	1.048966	-2.540157	0.101567	-0.188982	-2.809142	0.193959	0.913877	-0.216348	0.010798	-0.001520
0.744598	-0.117461	-0.101929	-2.031224	-0.087138	0.058367	0.525462	-0.158841	-0.104193	-0.510533	0.039085	0.045221	7.286708	0.291425	1.343008	-0.952673	0.156336	-0.233454	-3.795474	0.566587	0.843547	0.743726	0.028418	-0.011739
0.810620	-0.110950	-0.086161	-2.024670	-0.085061	0.055634	0.478559	-0.149889	-0.097023	-0.494165	0.039621	0.045032	6.602200	0.651110	1.576784	0.655369	0.207729	-0.273318	-4.690342	0.895261	0.717011	1.636795	0.053617	-0.018941
0.868673	-0.101498	-0.068788	-2.002139	-0.082520	0.052562	0.424218	-0.138335	-0.091413	-0.470097	0.040476	0.044809	5.805268	0.945196	1.737274	2.253117	0.254054	-0.307180	-5.434092	1.155407	0.560911	2.406733	0.085557	-0.022268
0.917977	-0.089863	-0.050619	-1.964007	-0.079583	0.049224	0.364351	-0.125023	-0.087362	-0.440032	0.041706	0.044598	4.930401	1.163474	1.816933	3.813192	0.293762	-0.333853	-5.986747	1.331165	0.405099	3.006485	0.122938	-0.021117
0.958023	-0.076830	-0.032477	-1.910892	-0.076327	0.045699	0.301063	-0.110864	-0.084589	-0.406037	0.043347	0.044446	4.004665	1.303334	1.814216	5.311522	0.325591	-0.352469	-6.328787	1.415931	0.277375	3.399592	0.164119	-0.015194
0.988508	-0.063149	-0.015153	-1.843627	-0.072840	0.042073	0.236460	-0.096748	-0.082617	-0.370411	0.045418	0.044401	3.048433	1.368057	1.732374	6.726510	0.348677	-0.362596	-6.460268	1.411555	0.197188	3.562590	0.207117	-0.004460
1.009285	-0.049496	0.000629	-1.763247	-0.069214	0.038430	0.172491	-0.083480	-0.080910	-0.335554	0.047914	0.044511	2.077719	1.365262	1.578262	8.037929	0.362593	-0.364256	-6.396921	1.326781	0.170694	3.485700	0.249629	0.010953
1.020355	-0.036440	0.014249	-1.670989	-0.065540	0.034852	0.110860	-0.071728	-0.079003	-0.303850	0.050806	0.044818	1.107031	1.305636	1.361953	9.225868	0.367360	-0.357838	-6.163124	1.175287	0.190660	3.170345	0.289150	0.030685
1.021870	-0.024420	0.025211	-1.568290	-0.061906	0.031412	0.053007	-0.061986	-0.076596	-0.277597	0.054037	0.045356	0.151442	1.202017	1.096161	10.269866	0.363437	-0.343991	-5.785216	0.974108	0.240759	2.625358	0.323113	0.053863
1.014143	-0.013733	0.033165	-1.456808	-0.058390	0.028177	0.000122	-0.054558	-0.073577	-0.258945	0.057528	0.046145	-0.772629	1.068640	0.795440	11.148175	0.351625	-0.323557	-5.288588	0.742850	0.301837	1.865145	0.349069	0.078874
0.997669	-0.004535	0.037926	-1.338436	-0.055061	0.025202	-0.046866	-0.049529	-0.069988	-0.249836	0.061178	0.047180	-1.647431	0.919859	0.476116	11.837195	0.332921	-0.297501	-4.698720	0.502900	0.358912	0.910928	0.364990	0.103465
0.973130	0.003144	0.039496	-1.215321	-0.051977	0.022533	-0.087303	-0.046774	-0.065933	-0.251902	0.064875	0.048431	-2.453868	0.767881	0.156968	12.311496	0.308401	-0.266837	-4.043777	0.275510	0.405566	-0.206580	0.369715	0.125156
0.941420	0.009346	0.038093	-1.089873	-0.049185	0.020208	-0.120857	-0.045987	-0.061506	-0.266360	0.068508	0.049850	-3.171029	0.620221	-0.140251	12.544805	0.279189	-0.232571	-3.355344	0.078724	0.442632	-1.445822	0.363370	0.141861
0.903667	0.014132	0.034180	-0.964753	-0.046720	0.018250	-0.147506	-0.046739	-0.056763	-0.293923	0.071984	0.051375	-3.775345	0.478617	-0.391300	12.512062	0.246440	-0.195719	-2.664922	-0.075274	0.474315	-2.756345	0.347563	0.152472
0.861265	0.017539	0.028461	-0.842827	-0.044607	0.016677	-0.167478	-0.048546	-0.051704	-0.334761	0.075236	0.052946	-4.240188	0.340691	-0.571965	12.192551	0.211327	-0.157354	-1.997204	-0.180613	0.505940	-4.083812	0.325192	0.157133
0.815894	0.019580	0.021834	-0.727086	-0.042857	0.015491	-0.181115	-0.050902	-0.046270	-0.388522	0.078235	0.054517	-4.537094	0.204054	-0.662661	11.574086	0.174993	-0.118623	-1.363697	-0.235601	0.543331	-5.376023	0.299865	0.157128
0.769495	0.020292	0.015299	-0.620506	-0.041472	0.014684	-0.188716	-0.053294	-0.040350	-0.454401	0.080986	0.056062	-4.639891	0.071250	-0.653481	10.658067	0.138518	-0.080701	-0.760130	-0.239245	0.592048	-6.587894	0.275132	0.154499
0.724177	0.019825	0.009821	-0.525863	-0.040443	0.014236	-0.190409	-0.055180	-0.033796	-0.531242	0.083524	0.057577	-4.531800	-0.046726	-0.547868	9.464231	0.102930	-0.044753	-0.169239	-0.188570	0.655415	-7.684135	0.253785	0.151468
0.682050	0.018515	0.006184	-0.445535	-0.039749	0.014117	-0.186088	-0.055967	-0.026473	-0.617637	0.085898	0.059075	-4.212733	-0.131009	-0.363697	8.032882	0.069322	-0.011947	0.432092	-0.078737	0.732251	-8.639541	0.237381	0.149781
0.645023	0.016909	0.004876	-0.381303	-0.039360	0.014283	-0.175440	-0.055034	-0.018313	-0.712015	0.088159	0.060576	-3.702614	-0.160608	-0.130737	6.423148	0.038954	0.016678	1.064808	0.093284	0.816019	-9.437737	0.226099	0.150186
0.614633	0.015699	0.006035	-0.334225	-0.039228	0.014689	-0.158016	-0.051801	-0.009356	-0.812707	0.090347	0.062099	-3.039000	-0.120954	0.115907	4.707859	0.013226	0.040534	1.742404	0.323360	0.895749	-10.069205	0.218889	0.152275
0.591927	0.015597	0.009468	-0.304560	-0.039293	0.015286	-0.133319	-0.045833	0.000229	-0.917996	0.092486	0.063647	-2.270658	-0.010202	0.343245	2.966424	-0.006543	0.059693	2.469630	0.596755	0.958451	-10.528951	0.213857	0.154760
0.577423	0.017203	0.014703	-0.291790	-0.039487	0.016032	-0.100884	-0.036948	0.010152	-1.026138	0.094574	0.065207	-1.450351	0.160599	0.523560	1.277072	-0.019399	0.074589	3.243496	0.888522	0.992348	-10.814204	0.208800	0.156025
0.571120	0.020919	0.021044	-0.294680	-0.039737	0.016887	-0.060340	-0.025279	0.020045	-1.135365	0.096591	0.066753	-0.630306	0.371570	0.634121	-0.289016	-0.024959	0.085520	4.054398	1.166930	0.989283	-10.922695	0.201690	0.154621
0.572501	0.026894	0.027641	-0.311376	-0.039971	0.017811	-0.011476	-0.011295	0.029498	-1.243885	0.098500	0.068248	0.138110	0.597509	0.659605	-1.669577	-0.023465	0.092453	4.886451	1.398384	0.945308	-10.851925	0.190908	0.149492
0.580522	0.034989	0.033624	-0.339475	-0.040129	0.018763	0.045694	0.004233	0.038101	-1.349877	0.100253	0.069648	0.802030	0.809508	0.598318	-2.809948	-0.015751	0.095218	5.716963	1.552773	0.860230	-10.599273	0.175258	0.139971
0.593574	0.044760	0.038284	-0.376090	-0.040160	0.019702	0.110848	0.020315	0.045467	-1.451504	0.101792	0.070905	1.305231	0.977135	0.466064	-3.661502	-0.003145	0.093827	6.515452	1.608193	0.736671	-10.162638	0.153941	0.125685
0.609481	0.055496	0.041194	-0.417925	-0.040034	0.020590	0.183284	0.035855	0.051254	-1.546918	0.103058	0.071970	1.590737	1.073509	0.290996	-4.183506	0.012619	0.088797	7.243573	1.553990	0.578677	-9.541400	0.126592	0.106523
0.625581	0.066314	0.042207	-0.461425	-0.039740	0.021405	0.261857	0.049770	0.055160	-1.634296	0.103991	0.072797	1.609954	1.081874	0.101309	-4.349959	0.029434	0.081498	7.857267	1.391496	0.390566	-8.737781	0.093326	0.082674
0.638930	0.076304	0.041377	-0.503010	-0.039291	0.022146	0.344965	0.061099	0.056928	-1.711881	0.104538	0.073343	1.334893	0.998980	-0.083045	-4.158514	0.044867	0.074176	8.310806	1.132939	0.176814	-7.758566	0.054710	0.054653
0.646604	0.084638	0.038891	-0.539376	-0.038726	0.022838	0.430587	0.069094	0.056352	-1.778049	0.104655	0.073576	0.767379	0.833379	-0.248564	-3.636645	0.056503	0.069147	8.562230	0.799487	-0.057580	-6.616805	0.011643	0.023245
0.646024	0.090650	0.035063	-0.567786	-0.038101	0.023514	0.516399	0.073280	0.053284	-1.831377	0.104307	0.073470	-0.058000	0.601175	-0.382842	-2.840963	0.062524	0.067591	8.581188	0.418616	-0.306849	-5.332736	-0.034800	-0.010601
0.635253	0.093868	0.030332	-0.586273	-0.037480	0.024204	0.599980	0.073484	0.047646	-1.870709	0.103472	0.073011	-1.077081	0.321833	-0.473109	-1.848717	0.062062	0.069057	8.358079	0.020347	-0.563771	-3.933274	-0.083502	-0.045856
0.613200	0.094026	0.025229	-0.593726	-0.036930	0.024926	0.679061	0.069816	0.039457	-1.895209	0.102138	0.072197	-2.205245	0.015759	-0.510298	-0.745301	0.055049	0.072140	7.908139	-0.366781	-0.818890	-2.449994	-0.133335	-0.081437
0.579682	0.091066	0.020267	-0.589858	-0.036511	0.025682	0.751718	0.062631	0.028844	-1.904371	0.100307	0.071035	-3.351830	-0.295919	-0.496200	0.386841	0.041853	0.075599	7.265692	-0.718443	-1.061352	-0.916160	-0.183107	-0.116178
0.535333	0.085146	0.015796	-0.575111	-0.036281	0.026472	0.816445	0.052471	0.016034	-1.898010	0.097992	0.069547	-4.434904	-0.592058	-0.447049	1.474695	0.023043	0.079029	6.472741	-1.016074	-1.280973	0.636072	-0.231487	-0.148827
0.481435	0.076598	0.011899	-0.550550	-0.036287	0.027300	0.872142	0.039985	0.001342	-1.876237	0.095223	0.067765	-5.389774	-0.854778	-0.389774	2.456097	-0.000657	0.082775	5.569688	-1.248547	-1.469207	2.177315	-0.276974	-0.178126
0.419731	0.065870	0.008348	-0.517765	-0.036571	0.028174	0.918054	0.025852	-0.014845	-1.839423	0.092043	0.065736	-6.170435	-1.072768	-0.355061	3.278447	-0.028404	0.087445	4.591167	-1.413285	-1.618694	3.681382	-0.317961	-0.202934
0.352249	0.053456	0.004637	-0.478783	-0.037164	0.029110	0.953709	0.010706	-0.032071	-1.788174	0.088514	0.063513	-6.748167	-1.241429	-0.371114	3.898258	-0.059296	0.093541	3.565521	-1.514646	-1.722621	5.124959	-0.352863	-0.222349
0.281148	0.039854	0.000060	-0.435956	-0.038088	0.030124	0.978868	-0.004890	-0.049819	-1.723305	0.084712	0.061155	-7.110133	-1.360189	-0.457673	4.282685	-0.092391	0.101395	2.515935	-1.559630	-1.774759	6.486898	-0.380278	-0.235813
0.208571	0.025562	-0.006136	-0.391844	-0.039354	0.031236	0.993491	-0.020426	-0.067520	-1.645832	0.080721	0.058723	-7.257721	-1.429181	-0.619610	4.411211	-0.126614	0.111236	1.462262	-1.553593	-1.770133	7.747250	-0.399080	-0.243157
0.136538	0.011093	-0.014553	-0.349088	-0.040961	0.032467	0.997725	-0.035411	-0.084576	-1.556970	0.076636	0.056277	-7.203239	-1.446980	-0.841728	4.275548	-0.160625	0.123131	0.423351	-1.498450	-1.705585	8.886224	-0.408502	-0.244595
0.066891	-0.003010	-0.025438	-0.310311	-0.042889	0.033836	0.991919	-0.049350	-0.100378	-1.458135	0.072554	0.053870	-6.964764	-1.410246	-1.088479	3.877755	-0.192796	0.136841	-0.580573	-1.393954	-1.580137	9.883485	-0.408233	-0.240653
0.001278	-0.016162	-0.038551	-0.278029	-0.045102	0.035353	0.976653	-0.061758	-0.114335	-1.350955	0.068569	0.051550	-6.561298	-1.315252	-1.311262	3.228210	-0.221314	0.151697	-1.526536	-1.240750	-1.395724	10.717989	-0.398466	-0.232052
-0.058832	-0.027764	-0.053158	-0.254579	-0.047544	0.037018	0.952763	-0.072187	-0.125918	-1.237273	0.064770	0.049354	-6.010928	-1.160153	-1.460750	2.344957	-0.244280	0.166515	-2.389080	-1.042913	-1.158327	11.368187	-0.379849	-0.219574
-0.112156	-0.037234	-0.068154	-0.242034	-0.050143	0.038813	0.921343	-0.080273	-0.134709	-1.119149	0.061236	0.047314	-5.332475	-0.946996	-1.499585	1.254464	-0.259824	0.179546	-3.141987	-0.808574	-0.879086	11.812440	-0.353410	-0.203999
-0.157646	-0.044067	-0.082276	-0.242105	-0.052807	0.040700	0.883735	-0.085764	-0.140456	-0.998851	0.058031	0.045453	-4.548931	-0.683283	-1.412217	-0.007021	-0.266409	0.188681	-3.760789	-0.549143	-0.574753	12.029743	-0.320494	-0.186109
-0.194549	-0.047895	-0.094358	-0.256029	-0.055440	0.042620	0.841482	-0.088548	-0.143126	-0.878839	0.055204	0.043786	-3.690389	-0.382844	-1.208180	-1.392459	-0.263313	0.192003	-4.225329	-0.278377	-0.266909	12.001212	-0.282694	-0.166704
-0.222488	-0.048552	-0.103536	-0.284481	-0.057951	0.044505	0.796264	-0.088666	-0.142926	-0.761712	0.052787	0.042321	-2.793849	-0.065702	-0.917803	-2.845190	-0.251091	0.188463	-4.521773	-0.011815	0.019968	11.712767	-0.241754	-0.146484
-0.241472	-0.046123	-0.109374	-0.327518	-0.060268	0.046287	0.749826	-0.086329	-0.140316	-0.650123	0.050792	0.041063	-1.898446	0.242910	-0.583840	-4.303653	-0.231696	0.178271	-4.643792	0.233734	0.260950	11.158855	-0.199434	-0.125857
-0.251852	-0.040980	-0.111899	-0.384602	-0.062349	0.047915	0.703896	-0.081917	-0.135983	-0.546662	0.049219	0.040015	-1.037948	0.514285	-0.252452	-5.708474	-0.208102	0.162803	-4.593030	0.441147	0.433369	10.346136	-0.157383	-0.104789
-0.254195	-0.033790	-0.111556	-0.454693	-0.064184	0.049356	0.660105	-0.075973	-0.130786	-0.453706	0.048048	0.039186	-0.234355	0.719034	0.034330	-7.009091	-0.183526	0.144080	-4.379020	0.594461	0.519702	9.295613	-0.117028	-0.082835
-0.249150	-0.025477	-0.109114	-0.536368	-0.065791	0.050597	0.619923	-0.069168	-0.125680	-0.373286	0.047254	0.038592	0.504591	0.831250	0.244119	-8.167515	-0.160652	0.124104	-4.018264	0.680503	0.510579	8.042002	-0.079483	-0.059405
-0.237311	-0.017144	-0.105533	-0.627955	-0.067202	0.051641	0.584599	-0.062263	-0.121606	-0.306978	0.046798	0.038251	1.183880	0.833369	0.358168	-9.158704	-0.141127	0.104337	-3.532383	0.690428	0.407353	6.630775	-0.045539	-0.034110
-0.219134	-0.009944	-0.101802	-0.727643	-0.068456	0.052496	0.555138	-0.056051	-0.119378	-0.255832	0.046641	0.038181	1.817660	0.719927	0.373085	-9.968772	-0.125424	0.085507	-2.946140	0.621275	0.222883	5.114573	-0.015764	-0.006998
-0.194879	-0.004954	-0.098807	-0.833568	-0.069587	0.053173	0.532277	-0.051280	-0.119572	-0.220330	0.046734	0.038395	2.425487	0.499014	0.299468	-10.592477	-0.113053	0.067701	-2.286091	0.477041	-0.019449	3.550205	0.009356	0.021418
-0.164591	-0.003038	-0.097223	-0.943874	-0.070616	0.053679	0.516479	-0.048598	-0.122439	-0.200371	0.047027	0.038897	3.028861	0.191651	0.158457	-11.030623	-0.102969	0.050607	-1.579754	0.268213	-0.286716	1.995865	0.029330	0.050196
-0.128114	-0.004741	-0.097445	-1.056749	-0.071556	0.054016	0.507927	-0.048498	-0.127817	-0.195290	0.047464	0.039676	3.647663	-0.170367	-0.022216	-11.287507	-0.093972	0.033734	-0.855264	0.009980	-0.537814	0.508096	0.043629	0.077907
-0.085150	-0.010224	-0.099563	-1.170435	-0.072406	0.054182	0.506502	-0.051290	-0.135100	-0.203894	0.047980	0.040702	4.296388	-0.548208	-0.211835	-11.368562	-0.084961	0.016579	-0.142465	-0.279165	-0.728318	-0.860374	0.051671	0.102561
-0.035345	-0.019236	-0.103364	-1.283220	-0.073156	0.054169	0.511739	-0.057062	-0.143306	-0.224497	0.048509	0.041920	4.980503	-0.901218	-0.380041	-11.278525	-0.075049	-0.001275	0.523717	-0.577202	-0.820593	-2.060238	0.052907	0.121801
0.021588	-0.031159	-0.108363	-1.393425	-0.073792	0.053968	0.522729	-0.065630	-0.151281	-0.254929	0.048981	0.043255	5.693322	-1.192302	-0.499939	-11.020457	-0.063590	-0.020109	1.098966	-0.856834	-0.797436	-3.043196	0.047118	0.133462
0.085730	-0.045080	-0.113868	-1.499381	-0.074294	0.053567	0.538015	-0.076484	-0.157989	-0.292543	0.049329	0.044618	6.414172	-1.392139	-0.550530	-10.595646	-0.050157	-0.040063	1.528616	-1.085364	-0.670850	-3.761425	0.034871	0.136351
0.156818	-0.059903	-0.119050	-1.599424	-0.074639	0.052957	0.555555	-0.088794	-0.162735	-0.334273	0.049507	0.045926	7.108838	-1.482279	-0.518220	-10.004279	-0.034546	-0.061085	1.753965	-1.231007	-0.474534	-4.173005	0.017809	0.130824
0.234142	-0.074474	-0.123028	-1.691893	-0.074807	0.052128	0.572803	-0.101528	-0.165177	-0.376801	0.049493	0.047114	7.732341	-1.457085	-0.397793	-9.246899	-0.016789	-0.082883	1.724899	-1.273430	-0.244253	-4.252787	-0.001477	0.118738
0.316477	-0.087707	-0.124963	-1.775158	-0.074778	0.051078	0.586942	-0.113622	-0.165240	-0.416834	0.049294	0.048141	8.233524	-1.323341	-0.193502	-8.326553	0.002939	-0.105011	1.413866	-1.209387	-0.006271	-4.003331	-0.019901	0.102711
0.402100	-0.098680	-0.124160	-1.847668	-0.074533	0.049807	0.595202	-0.124116	-0.163060	-0.451428	0.048949	0.048993	8.562345	-1.097272	0.080372	-7.250987	0.024460	-0.127040	0.825956	-1.049400	0.218022	-3.459406	-0.034494	0.085153
0.488906	-0.106685	-0.120150	-1.908009	-0.074057	0.048321	0.595214	-0.132224	-0.159011	-0.478255	0.048519	0.049669	8.680601	-0.800469	0.400949	-6.034045	0.047639	-0.148633	0.001235	-0.810800	0.404912	-2.682728	-0.042955	0.067671
0.574627	-0.111251	-0.112746	-1.954969	-0.073333	0.046626	0.585300	-0.137363	-0.153694	-0.495756	0.048080	0.050180	8.572095	-0.456600	0.740471	-4.696029	0.072354	-0.169490	-0.991420	-0.513863	0.531615	-1.750023	-0.043888	0.051061
0.657087	-0.112151	-0.102033	-1.987600	-0.072348	0.044733	0.564637	-0.139183	-0.147836	-0.503163	0.047714	0.050537	8.246018	-0.090014	1.071242	-3.263115	0.098485	-0.189325	-2.066316	-0.182058	0.585807	-0.740755	-0.036665	0.035725
0.734407	-0.109404	-0.088336	-2.005256	-0.071089	0.042654	0.533290	-0.137608	-0.142128	-0.500449	0.047501	0.050759	7.731986	0.274638	1.369659	-1.765600	0.125878	-0.207864	-3.134633	0.157526	0.570797	0.271405	-0.021237	0.022192
0.805109	-0.103266	-0.072164	-2.007606	-0.069547	0.040407	0.492128	-0.132842	-0.137097	-0.488226	0.047520	0.050872	7.070208	0.613871	1.617204	-0.235021	0.154197	-0.224734	-4.116203	0.476588	0.503178	1.222259	0.001922	0.011319
0.868122	-0.094184	-0.054172	-1.994620	-0.067719	0.038013	0.442657	-0.125345	-0.133026	-0.467658	0.047839	0.050913	6.301231	0.908125	1.799272	1.298683	0.182792	-0.239355	-4.947157	0.749749	0.407046	2.056852	0.031853	0.004037
0.922714	-0.082744	-0.035124	-1.966533	-0.065612	0.035504	0.386826	-0.115767	-0.129933	-0.440376	0.048511	0.050922	5.459203	1.144077	1.904796	2.808650	0.210712	-0.250958	-5.583039	0.957763	0.309344	2.728164	0.067224	0.000986
0.968413	-0.069592	-0.015854	-1.923821	-0.063244	0.032917	0.326832	-0.104877	-0.127576	-0.408398	0.049576	0.050946	4.569919	1.315126	1.926938	4.271194	0.236835	-0.258712	-5.999433	1.089025	0.235689	3.197865	0.106426	0.002392
1.004929	-0.055391	0.002778	-1.867168	-0.060643	0.030298	0.264909	-0.093480	-0.125532	-0.374003	0.051051	0.051028	3.651584	1.420118	1.863194	5.665284	0.260054	-0.261904	-6.192267	1.139702	0.204358	3.439502	0.147544	0.008179
1.032094	-0.040775	0.019927	-1.797451	-0.057849	0.027697	0.203145	-0.082353	-0.123330	-0.339593	0.052935	0.051210	2.716484	1.461635	1.714955	6.971775	0.279440	-0.260075	-6.176446	1.112684	0.220195	3.440979	0.188387	0.018139
1.049831	-0.026324	0.034801	-1.715727	-0.054906	0.025166	0.143341	-0.072194	-0.120599	-0.307559	0.055202	0.051529	1.773700	1.445101	1.487389	8.172370	0.294339	-0.253107	-5.980416	1.015937	0.273142	3.203347	0.226680	0.031989
1.058156	-0.012536	0.046696	-1.623241	-0.051862	0.022753	0.086963	-0.063582	-0.117158	-0.280195	0.057804	0.052021	0.832492	1.378792	1.189532	9.248562	0.304403	-0.241222	-5.637757	0.861198	0.344086	2.736462	0.260285	0.049192
1.057205	0.000203	0.055041	-1.521433	-0.048766	0.020504	0.035164	-0.056944	-0.113009	-0.259645	0.060677	0.052708	-0.095051	1.273919	0.834428	10.180812	0.309570	-0.224910	-5.179938	0.663804	0.414908	2.054933	0.287260	0.068632
1.047275	0.011642	0.059436	-1.411953	-0.045666	0.018456	-0.011173	-0.052514	-0.108248	-0.247872	0.063735	0.053592	-0.993007	1.143905	0.439587	10.948003	0.309987	-0.204841	-4.633711	0.443006	0.476115	1.177329	0.305817	0.088423
1.028856	0.021669	0.059708	-1.296680	-0.042607	0.016638	-0.051403	-0.050303	-0.102963	-0.246587	0.066880	0.054653	-1.841884	1.002700	0.027107	11.527291	0.305927	-0.181804	-4.022960	0.221088	0.528461	0.128466	0.314495	0.106103
1.002665	0.030294	0.055933	-1.177733	-0.039630	0.015072	-0.085116	-0.050097	-0.097168	-0.257166	0.070006	0.055845	-2.619107	0.862437	-0.377494	11.894686	0.297728	-0.156616	-3.371337	0.020555	0.579532	-1.057893	0.312605	0.119217
0.969673	0.037606	0.048461	-1.057470	-0.036772	0.013772	-0.112142	-0.051496	-0.090790	-0.280552	0.073013	0.057106	-3.299222	0.731231	-0.747111	12.026351	0.285753	-0.130027	-2.702540	-0.139859	0.637827	-2.338543	0.300696	0.126055
0.931130	0.043730	0.037912	-0.938465	-0.034069	0.012744	-0.132521	-0.053981	-0.083713	-0.317185	0.075820	0.058368	-3.854272	0.612403	-1.054898	11.900453	0.270341	-0.102722	-2.037954	-0.248568	0.707633	-3.663298	0.280721	0.126190
0.888579	0.048791	0.025146	-0.823466	-0.031551	0.011990	-0.146449	-0.056999	-0.075835	-0.366981	0.078378	0.059573	-4.255087	0.506069	-1.276671	11.499942	0.251750	-0.075399	-1.392767	-0.301742	0.787834	-4.979656	0.255719	0.120577
0.843836	0.052917	0.011206	-0.715298	-0.029250	0.011502	-0.154171	-0.060004	-0.067088	-0.429363	0.080669	0.060686	-4.474320	0.412582	-1.393961	10.816749	0.230148	-0.048813	-0.772209	-0.300529	0.874678	-6.238127	0.229140	0.111249
0.798919	0.056279	-0.002765	-0.616730	-0.027193	0.011264	-0.155873	-0.062471	-0.057436	-0.503327	0.082710	0.061694	-4.491741	0.336209	-1.397098	9.856805	0.205651	-0.023796	-0.170224	-0.246716	0.965177	-7.396426	0.204113	0.100795
0.755912	0.059148	-0.015641	-0.530289	-0.025409	0.011251	-0.151593	-0.063867	-0.046854	-0.587542	0.084539	0.062611	-4.300656	0.286906	-1.287625	8.644165	0.178425	-0.001281	0.428014	-0.139619	1.058194	-8.421488	0.182929	0.091717
0.716786	0.061927	-0.026429	-0.458062	-0.023920	0.011430	-0.141185	-0.063632	-0.035326	-0.680437	0.086207	0.063469	-3.912652	0.277943	-1.078773	7.222695	0.148876	0.017835	1.040811	0.023515	1.152844	-9.289530	0.166757	0.085781
0.683204	0.065119	-0.034355	-0.401515	-0.022742	0.011761	-0.124340	-0.061198	-0.022868	-0.780286	0.087763	0.064304	-3.358154	0.319175	-0.792648	5.654722	0.117842	0.033083	1.684537	0.243388	1.245798	-9.984915	0.155588	0.083568
0.656381	0.069220	-0.038911	-0.361350	-0.021876	0.012209	-0.100639	-0.056065	-0.009571	-0.885270	0.089247	0.065149	-2.682317	0.410153	-0.455595	4.016453	0.086617	0.044846	2.370107	0.513306	1.329651	-10.498385	0.148448	0.084458
0.637000	0.074608	-0.039872	-0.337447	-0.021308	0.012752	-0.069624	-0.047903	0.004362	-0.993520	0.090685	0.066019	-1.938103	0.538779	-0.096031	2.390258	0.056746	0.054284	3.101466	0.816196	1.393311	-10.824992	0.143748	0.087015
0.625203	0.081469	-0.037329	-0.328891	-0.021010	0.013378	-0.030873	-0.036647	0.018597	-1.103141	0.092081	0.066914	-1.179692	0.686028	0.254276	0.855608	0.029755	0.062616	3.875067	1.125626	1.423500	-10.962132	0.139654	0.089512
0.620611	0.089783	-0.031725	-0.334070	-0.020941	0.014081	0.015922	-0.022548	0.032661	-1.212222	0.093425	0.067818	-0.459157	0.831479	0.560393	-0.517834	0.006940	0.070314	4.679487	1.409880	1.406433	-10.908095	0.134361	0.090379
0.622338	0.099338	-0.023822	-0.350792	-0.021048	0.014850	0.070870	-0.006174	0.045957	-1.318837	0.094688	0.068702	0.172654	0.955458	0.790295	-1.672227	-0.010731	0.076852	5.494815	1.637394	1.329629	-10.661436	0.126274	0.088429
0.628970	0.109726	-0.014582	-0.376387	-0.021275	0.015661	0.133789	0.011646	0.057795	-1.421050	0.095829	0.069531	0.663190	1.038846	0.924015	-2.559472	-0.022689	0.081165	6.291900	1.782046	1.183811	-10.221294	0.114125	0.082859
0.638548	0.120369	-0.005007	-0.407782	-0.021564	0.016486	0.204114	0.029915	0.067441	-1.516934	0.096800	0.070262	0.957866	1.064301	0.957467	-3.139555	-0.028883	0.082473	7.032505	1.826924	0.964598	-9.588469	0.097072	0.073137
0.648610	0.130574	0.003958	-0.441622	-0.021863	0.017296	0.280829	0.047573	0.074180	-1.604603	0.097547	0.070852	1.006211	1.020482	0.896518	-3.383972	-0.029936	0.080951	7.671469	1.765794	0.673832	-8.766884	0.074767	0.058957
0.656344	0.139633	0.011449	-0.474462	-0.022135	0.018074	0.362436	0.063598	0.077383	-1.682255	0.098021	0.071255	0.773360	0.905878	0.749080	-3.284055	-0.027197	0.077863	8.160746	1.602518	0.320311	-7.765150	0.047355	0.040289
0.658862	0.146911	0.016710	-0.503056	-0.022361	0.018824	0.446985	0.077091	0.076575	-1.748235	0.098175	0.071429	0.251776	0.727767	0.526132	-2.859337	-0.022540	0.074933	8.454888	1.349223	-0.080776	-6.598019	0.015357	0.017409
0.653552	0.151880	0.019206	-0.524661	-0.022539	0.019556	0.532178	0.087327	0.071482	-1.801107	0.097970	0.071337	-0.530982	0.496943	0.249538	-2.160549	-0.017861	0.073212	8.519265	1.023632	-0.509263	-5.287221	-0.020478	-0.009153
0.638442	0.154111	0.018761	-0.537302	-0.022685	0.020279	0.615585	0.093790	0.062073	-1.839718	0.097377	0.070950	-1.510974	0.223131	-0.044480	-1.264064	-0.014599	0.072363	8.340721	0.646335	-0.940908	-3.861127	-0.059315	-0.038700
0.612481	0.153268	0.015633	-0.539895	-0.022821	0.020990	0.694924	0.096186	0.048587	-1.863249	0.096374	0.070247	-2.596117	-0.084374	-0.312801	-0.259258	-0.013596	0.071117	7.933930	0.239584	-1.348640	-2.353026	-0.100270	-0.070380
0.575639	0.149149	0.010425	-0.532243	-0.022974	0.021674	0.768285	0.094461	0.031526	-1.871230	0.094950	0.069215	-3.684171	-0.411828	-0.520802	0.765156	-0.015295	0.068384	7.336091	-0.172488	-1.706145	-0.798137	-0.142342	-0.103102
0.528811	0.141764	0.003879	-0.514942	-0.023174	0.022314	0.834217	0.088813	0.011600	-1.863533	0.093108	0.067861	-4.682869	-0.738583	-0.654547	1.730086	-0.019940	0.063922	6.593182	-0.564829	-1.992542	0.769725	-0.184284	-0.135458
0.473586	0.131355	-0.003341	-0.489249	-0.023450	0.022896	0.891695	0.079664	-0.010351	-1.840329	0.090862	0.066203	-5.522431	-1.040822	-0.722033	2.569285	-0.027660	0.058266	5.747846	-0.914870	-2.195100	2.320335	-0.224568	-0.165763
0.412000	0.118379	-0.010809	-0.456954	-0.023835	0.023420	0.940033	0.067602	-0.033441	-1.802054	0.088247	0.064281	-6.158596	-1.297635	-0.746751	3.229487	-0.038494	0.052361	4.833802	-1.206242	-2.309000	3.827503	-0.261526	-0.192249
0.346292	0.103434	-0.018401	-0.420251	-0.024359	0.023893	0.978784	0.053304	-0.056794	-1.749370	0.085311	0.062148	-6.570880	-1.494460	-0.759264	3.670332	-0.052403	0.047276	3.875087	-1.429833	-2.335312	5.268438	-0.293585	-0.213326
0.278694	0.087204	-0.026285	-0.381599	-0.025052	0.024334	1.007661	0.037485	-0.079586	-1.683143	0.082116	0.059869	-6.759724	-1.623042	-0.788395	3.865163	-0.069273	0.044135	2.887659	-1.581837	-2.279201	6.622702	-0.319453	-0.227826
0.211266	0.070406	-0.034805	-0.343581	-0.025941	0.024776	1.026483	0.020874	-0.101075	-1.604434	0.078734	0.057517	-6.742888	-1.679817	-0.852001	3.801883	-0.088876	0.044163	1.882270	-1.661137	-2.148895	7.870915	-0.338223	-0.235180
0.145769	0.053762	-0.044301	-0.308762	-0.027049	0.025261	1.035167	0.004192	-0.120620	-1.514501	0.075240	0.055163	-6.549689	-1.664342	-0.949552	3.481859	-0.110808	0.048556	0.868368	-1.668188	-1.954538	8.993315	-0.349429	-0.235488
0.083638	0.037979	-0.054905	-0.279598	-0.028393	0.025842	1.033753	-0.011863	-0.137689	-1.414816	0.071709	0.052868	-6.213048	-1.578356	-1.060408	2.916358	-0.134375	0.058078	-0.141369	-1.605512	-1.706842	9.968508	-0.353063	-0.229476
0.026016	0.023722	-0.066403	-0.258367	-0.029978	0.026569	1.022483	-0.026651	-0.151854	-1.307088	0.068214	0.050685	-5.762248	-1.425695	-1.149834	2.123151	-0.158520	0.072699	-1.127092	-1.478739	-1.416507	10.772793	-0.349514	-0.218311
-0.026180	0.011591	-0.078221	-0.247112	-0.031796	0.027484	1.001879	-0.039624	-0.162803	-1.193284	0.064820	0.048651	-5.219614	-1.213063	-1.181807	1.125523	-0.181865	0.091486	-2.060362	-1.297374	-1.094902	11.380389	-0.339423	-0.203333
-0.072203	0.002080	-0.089549	-0.247577	-0.033825	0.028610	0.972815	-0.050373	-0.170356	-1.075637	0.061584	0.046793	-4.602242	-0.951156	-1.132820	-0.046535	-0.202870	0.112635	-2.906355	-1.074823	-0.755333	11.764667	-0.323534	-0.185813
-0.111473	-0.004473	-0.099539	-0.261120	-0.036026	0.029947	0.936529	-0.058648	-0.174494	-0.956634	0.058558	0.045125	-3.926978	-0.655246	-0.998918	-1.354263	-0.220103	0.133726	-3.628594	-0.827534	-0.413803	11.900336	-0.302615	-0.166809
-0.143614	-0.007921	-0.107483	-0.288613	-0.038353	0.031470	0.894590	-0.064385	-0.175382	-0.838969	0.055784	0.043655	-3.214096	-0.344795	-0.794457	-2.749347	-0.232630	0.152312	-4.193899	-0.573723	-0.088770	11.766483	-0.277457	-0.147060
-0.168475	-0.008347	-0.112954	-0.330378	-0.040756	0.033136	0.848829	-0.067708	-0.173381	-0.725466	0.053295	0.042385	-2.486153	-0.042658	-0.547073	-4.176493	-0.240326	0.166592	-4.576128	-0.332337	0.200052	11.350239	-0.248883	-0.126933
-0.186104	-0.006091	-0.115875	-0.386170	-0.043194	0.034894	0.801244	-0.068931	-0.169044	-0.618961	0.051117	0.041321	-1.762860	0.225657	-0.292092	-5.579191	-0.243870	0.175768	-4.758558	-0.122224	0.433739	10.650529	-0.217794	-0.106454
-0.196662	-0.001759	-0.116538	-0.455233	-0.045639	0.036693	0.753889	-0.068540	-0.163078	-0.522150	0.049265	0.040466	-1.055843	0.433186	-0.066295	-6.906305	-0.244416	0.179935	-4.735410	0.039049	0.596627	9.681117	-0.185239	-0.085433
-0.200329	0.003782	-0.115550	-0.536400	-0.048070	0.038490	0.708761	-0.067169	-0.156294	-0.437431	0.047740	0.039829	-0.366718	0.554108	0.098761	-8.116656	-0.243148	0.179673	-4.512849	0.137091	0.678381	8.471897	-0.152432	-0.063692
-0.197221	0.009465	-0.113725	-0.628202	-0.050480	0.040247	0.667671	-0.065539	-0.149541	-0.366754	0.046534	0.039417	0.310873	0.568315	0.182543	-9.180197	-0.240960	0.175657	-4.108988	0.163064	0.675285	7.067701	-0.120673	-0.041292
-0.187347	0.014135	-0.111934	-0.728968	-0.052863	0.041932	0.632149	-0.064380	-0.143631	-0.311502	0.045622	0.039231	0.987346	0.466964	0.179096	-10.076616	-0.238323	0.168481	-3.552260	0.115877	0.590999	5.525224	-0.091190	-0.018571
-0.170608	0.016698	-0.110961	-0.836900	-0.055216	0.043518	0.603361	-0.064345	-0.139267	-0.272406	0.044971	0.039271	1.673879	0.256272	0.097232	-10.793178	-0.235291	0.158645	-2.878780	0.003500	0.436458	3.909540	-0.065028	0.004037
-0.146806	0.016274	-0.111387	-0.950128	-0.057532	0.044984	0.582059	-0.065922	-0.136970	-0.249500	0.044541	0.039532	2.380278	-0.042334	-0.042588	-11.322883	-0.231585	0.146599	-2.130133	-0.157675	0.229699	2.290593	-0.043081	0.026123
-0.115674	0.012322	-0.113516	-1.066757	-0.059799	0.046312	0.568542	-0.069391	-0.136984	-0.242112	0.044278	0.040003	3.113140	-0.395213	-0.212880	-11.662861	-0.226709	0.132760	-1.351718	-0.346938	-0.001425	0.738866	-0.026212	0.047071
-0.076935	0.004706	-0.117351	-1.184884	-0.061999	0.047487	0.562630	-0.074842	-0.139148	-0.248907	0.044125	0.040660	3.873880	-0.761583	-0.383479	-11.812752	-0.220059	0.117500	-0.591181	-0.545057	-0.216373	-0.679481	-0.015312	0.065653
-0.030367	-0.006292	-0.122604	-1.302618	-0.064110	0.048498	0.563650	-0.082203	-0.142831	-0.267960	0.044014	0.041459	4.656833	-1.099832	-0.525320	-11.773327	-0.211061	0.101105	0.101942	-0.736120	-0.368305	-1.905334	-0.011142	0.079966
0.024109	-0.020025	-0.128742	-1.418074	-0.066103	0.049335	0.570394	-0.091240	-0.147041	-0.296817	0.043874	0.042340	5.447596	-1.373304	-0.613821	-11.545642	-0.199284	0.083733	0.674433	-0.903705	-0.421023	-2.885723	-0.013959	0.088019
0.086327	-0.035566	-0.135053	-1.529382	-0.067947	0.049989	0.581081	-0.101515	-0.150676	-0.332547	0.043643	0.043226	6.221847	-1.554139	-0.631105	-11.130771	-0.184455	0.065381	1.068695	-1.027479	-0.363530	-3.572965	-0.023095	0.088696
0.155780	-0.051823	-0.140722	-1.634684	-0.069611	0.050448	0.593368	-0.112381	-0.152764	-0.371846	0.043276	0.044050	6.945223	-1.625655	-0.566871	-10.530177	-0.166392	0.045920	1.228727	-1.086627	-0.208766	-3.929914	-0.036753	0.082387
0.231530	-0.067655	-0.144913	-1.732153	-0.071061	0.050700	0.604505	-0.123055	-0.152575	-0.411262	0.042754	0.044758	7.575003	-1.583242	-0.419058	-9.746947	-0.144990	0.025157	1.113648	-1.067438	0.018828	-3.941621	-0.052195	0.070776
0.312175	-0.081984	-0.146860	-1.820030	-0.072263	0.050728	0.611624	-0.132716	-0.149685	-0.447516	0.042092	0.045319	8.064520	-1.432844	-0.194789	-8.787735	-0.120220	0.002870	0.711943	-0.966044	0.289076	-3.625342	-0.066232	0.056064
0.395887	-0.093861	-0.145966	-1.896676	-0.073185	0.050517	0.612104	-0.140565	-0.144053	-0.477820	0.041333	0.045721	8.371197	-1.187733	0.089495	-7.664568	-0.092145	-0.021146	0.047981	-0.784936	0.563136	-3.030433	-0.075874	0.040250
0.480553	-0.102523	-0.141866	-1.960633	-0.073795	0.050048	0.603886	-0.145873	-0.136089	-0.500102	0.040544	0.045969	8.466618	-0.866170	0.409980	-6.395691	-0.060976	-0.046905	-0.821835	-0.530825	0.796421	-2.228182	-0.078855	0.024780
0.563990	-0.107437	-0.134467	-2.010687	-0.074066	0.049307	0.585688	-0.148051	-0.126579	-0.513086	0.039807	0.046075	8.343751	-0.491460	0.739875	-5.005348	-0.027122	-0.074052	-1.819783	-0.217737	0.951003	-1.298454	-0.073731	0.010574
0.644166	-0.108364	-0.123923	-2.045914	-0.073978	0.048289	0.557092	-0.146756	-0.116514	-0.516277	0.039210	0.046058	8.017594	-0.092679	1.054413	-3.522738	0.008797	-0.101819	-2.859542	0.129476	1.006561	-0.319039	-0.059706	-0.001660
0.719363	-0.105393	-0.110590	-2.065714	-0.073518	0.046998	0.518516	-0.141988	-0.106890	-0.509873	0.038844	0.045947	7.519681	0.297126	1.333301	-1.979959	0.045951	-0.129148	-3.857676	0.476814	0.962310	0.640362	-0.036564	-0.011095
0.788256	-0.098937	-0.094988	-2.069805	-0.072686	0.045449	0.471095	-0.134114	-0.098564	-0.494677	0.038797	0.045780	6.889284	0.645614	1.560231	-0.409196	0.083288	-0.154821	-4.742032	0.787376	0.832629	1.519647	-0.004678	-0.016738
0.849904	-0.089673	-0.077764	-2.058210	-0.071489	0.043673	0.416532	-0.123831	-0.092144	-0.472005	0.039148	0.045603	6.164782	0.926400	1.722332	1.159543	0.119609	-0.177644	-5.456372	1.028316	0.641968	2.267108	0.035043	-0.017690
0.903686	-0.078444	-0.059654	-2.031217	-0.069952	0.041706	0.356908	-0.112069	-0.087934	-0.443619	0.039960	0.045468	5.378232	1.122859	1.811045	2.699322	0.153741	-0.196665	-5.962402	1.176234	0.421029	2.838625	0.081173	-0.013515
0.949222	-0.066148	-0.041424	-1.989353	-0.068105	0.039593	0.294497	-0.099866	-0.085903	-0.411624	0.041277	0.045424	4.553597	1.229660	1.823000	4.186389	0.184684	-0.211295	-6.241042	1.220278	0.203109	3.199516	0.131743	-0.004380
0.986294	-0.053628	-0.023826	-1.933353	-0.065988	0.037380	0.231564	-0.088238	-0.085712	-0.378342	0.043119	0.045516	3.707141	1.251970	1.759774	5.599998	0.211672	-0.221288	-6.293280	1.162746	0.019142	3.328215	0.184246	0.009151
1.014783	-0.041598	-0.007554	-1.864136	-0.063647	0.035114	0.170177	-0.078065	-0.086794	-0.346158	0.045477	0.045779	2.848944	1.202986	1.627191	6.921685	0.234167	-0.226657	-6.138741	1.017323	-0.108215	3.218371	0.235724	0.026375
1.034636	-0.030588	0.006794	-1.782796	-0.061128	0.032838	0.112074	-0.070007	-0.088476	-0.317391	0.048306	0.046243	1.985284	1.100955	1.434779	8.134032	0.251879	-0.227614	-5.810287	0.805794	-0.168231	2.876734	0.282976	0.046423
1.045849	-0.020922	0.018744	-1.690601	-0.058480	0.030593	0.058613	-0.064460	-0.090086	-0.294209	0.051535	0.046923	1.121339	0.966698	1.195074	9.219490	0.264775	-0.224481	-5.346157	0.554751	-0.161018	2.318133	0.322857	0.067969
1.048485	-0.012705	0.027970	-1.589005	-0.055750	0.028417	0.010778	-0.061530	-0.091024	-0.278593	0.055061	0.047814	0.263570	0.821688	0.922546	10.159566	0.273051	-0.217592	-4.783424	0.293012	-0.093741	1.561642	0.352583	0.089090
1.042699	-0.005846	0.034295	-1.479664	-0.052979	0.026345	-0.030774	-0.061038	-0.090796	-0.272293	0.058761	0.048889	-0.578551	0.685819	0.632502	10.934144	0.277036	-0.207236	-4.155190	0.049143	0.022804	0.630051	0.370052	0.107508
1.028786	-0.000101	0.037699	-1.364453	-0.050208	0.024408	-0.065680	-0.062554	-0.089033	-0.276779	0.062504	0.050100	-1.391361	0.574561	0.340382	11.521106	0.277087	-0.193641	-3.490689	-0.151556	0.176225	-0.448623	0.374226	0.121106
1.007226	0.004862	0.038314	-1.245485	-0.047473	0.022639	-0.093839	-0.065457	-0.085494	-0.293176	0.066159	0.051385	-2.155964	0.496241	0.061550	11.896754	0.273526	-0.176962	-2.815844	-0.290292	0.353908	-1.639711	0.365517	0.128505
0.978753	0.009367	0.036428	-1.125116	-0.044807	0.021065	-0.115364	-0.069030	-0.080049	-0.322194	0.069619	0.052680	-2.847284	0.450548	-0.188607	12.036962	0.266614	-0.157345	-2.152529	-0.357341	0.544558	-2.901799	0.346003	0.129506
0.944414	0.013660	0.032480	-1.005928	-0.042241	0.019714	-0.130530	-0.072559	-0.072663	-0.364079	0.072811	0.053933	-3.433970	0.429321	-0.394802	11.918788	0.256561	-0.135098	-1.516539	-0.352926	0.738546	-4.188464	0.319238	0.125223
0.905612	0.017861	0.027053	-0.890698	-0.039806	0.018605	-0.139681	-0.075416	-0.063398	-0.418597	0.075707	0.055111	-3.880128	0.420086	-0.542684	11.522953	0.243513	-0.110901	-0.915147	-0.285711	0.926533	-5.451832	0.289578	0.117870
0.864116	0.021974	0.020850	-0.782317	-0.037531	0.017746	-0.143132	-0.077106	-0.052409	-0.485068	0.078320	0.056214	-4.149646	0.411246	-0.620299	10.838081	0.227550	-0.085883	-0.345087	-0.168962	1.098941	-6.647135	0.261314	0.110287
0.821984	0.025945	0.014646	-0.683652	-0.035444	0.017131	-0.141054	-0.077263	-0.039935	-0.562435	0.080699	0.057267	-4.213166	0.397188	-0.620395	9.866509	0.208729	-0.061542	0.207769	-0.015703	1.247399	-7.736651	0.237909	0.105327
0.781421	0.029762	0.009210	-0.597354	-0.033572	0.016735	-0.133398	-0.075612	-0.026273	-0.649352	0.082914	0.058319	-4.056348	0.381616	-0.543635	8.629875	0.187187	-0.039589	0.765668	0.165071	1.366118	-8.691720	0.221448	0.105159
0.744555	0.033528	0.005200	-0.525630	-0.031938	0.016519	-0.119866	-0.071921	-0.011761	-0.744278	0.085037	0.059426	-3.686617	0.376626	-0.400969	7.172388	0.163339	-0.021580	1.353159	0.369100	1.451236	-9.492582	0.212339	0.110666
0.713202	0.037488	0.003075	-0.470026	-0.030557	0.016436	-0.099963	-0.065985	0.003224	-0.845543	0.087131	0.060638	-3.135294	0.396010	-0.212518	5.560356	0.138109	-0.008313	1.990336	0.593616	1.498536	-10.126500	0.209390	0.121225
0.688664	0.041953	0.003042	-0.431255	-0.029427	0.016442	-0.073083	-0.057665	0.018244	-0.951393	0.089234	0.061988	-2.453750	0.446503	-0.003344	3.877138	0.113033	0.000625	2.687908	0.832054	1.502001	-10.585038	0.210329	0.135024
0.671613	0.047194	0.005038	-0.409117	-0.028527	0.016508	-0.038631	-0.046961	0.032791	-1.060008	0.091359	0.063485	-1.705145	0.524069	0.199584	2.213754	0.090033	0.006580	3.445231	1.070377	1.454677	-10.861514	0.212452	0.149677
0.662056	0.053366	0.008714	-0.402536	-0.027817	0.016617	0.003874	-0.034087	0.046297	-1.169504	0.093490	0.065113	-0.955634	0.617193	0.367656	0.658140	0.070927	0.010914	4.250507	1.287390	1.350574	-10.949559	0.213101	0.162780
0.659363	0.060481	0.013448	-0.409656	-0.027247	0.016759	0.054693	-0.019499	0.058159	-1.277935	0.095589	0.066835	-0.269368	0.711508	0.473436	-0.712031	0.056996	0.014203	5.081921	1.458788	1.186167	-10.843088	0.209925	0.172227
0.662275	0.068392	0.018438	-0.427964	-0.026759	0.016920	0.113779	-0.003872	0.067773	-1.383307	0.097600	0.068598	0.291263	0.791097	0.498906	-1.830758	0.048800	0.016095	5.908597	1.562754	0.961476	-10.537184	0.201048	0.176309
0.668919	0.076784	0.022849	-0.454393	-0.026298	0.017079	0.180691	0.011975	0.074578	-1.483599	0.099452	0.070336	0.664329	0.839204	0.441120	-2.642950	0.046178	0.015881	6.691230	1.584674	0.680515	-10.029233	0.185212	0.173762
0.676846	0.085202	0.025927	-0.485466	-0.025815	0.017214	0.254528	0.027168	0.078085	-1.576800	0.101070	0.071974	0.792694	0.841795	0.307793	-3.107323	0.048250	0.013446	7.383653	1.519315	0.350651	-9.320104	0.161808	0.163830
0.683201	0.093111	0.027027	-0.517514	-0.025281	0.017312	0.333891	0.040870	0.077903	-1.660956	0.102378	0.073437	0.635549	0.790976	0.110036	-3.204742	0.053440	0.009872	7.936324	1.370200	-0.018165	-8.415627	0.130813	0.146298
0.685018	0.099953	0.025659	-0.546992	-0.024684	0.017382	0.416908	0.052342	0.073772	-1.734240	0.103305	0.074651	0.181700	0.684174	-0.136776	-2.947803	0.059671	0.006956	8.301716	1.147179	-0.413149	-7.328374	0.092673	0.121437
0.679595	0.105160	0.021591	-0.570834	-0.024035	0.017442	0.501333	0.060979	0.065592	-1.795029	0.103787	0.075550	-0.542310	0.520697	-0.406844	-2.384228	0.064846	0.005971	8.442518	0.863675	-0.817984	-6.078929	0.048194	0.089914
0.664862	0.108166	0.014955	-0.586729	-0.023362	0.017511	0.584753	0.066332	0.053460	-1.841986	0.103771	0.076078	-1.473296	0.300580	-0.663586	-1.589489	0.067345	0.006910	8.341999	0.535316	-1.213155	-4.695665	-0.001530	0.052725
0.639638	0.108447	0.006264	-0.593249	-0.022700	0.017599	0.664853	0.068139	0.037684	-1.874112	0.103220	0.076190	-2.522430	0.028125	-0.869139	-0.651989	0.066178	0.008881	8.009925	0.180672	-1.577596	-3.212604	-0.055151	0.011189
0.603706	0.105617	-0.003713	-0.589839	-0.022093	0.017710	0.739630	0.066359	0.018773	-1.890771	0.102110	0.075860	-3.593179	-0.283072	-0.997692	0.340997	0.060762	0.011068	7.477681	-0.177946	-1.891144	-1.665920	-0.111004	-0.032984
0.557717	0.099522	-0.014149	-0.576725	-0.021586	0.017843	0.807490	0.061197	-0.002600	-1.891676	0.100440	0.075083	-4.598925	-0.609403	-1.043568	1.311405	0.050681	0.013310	6.786026	-0.516194	-2.137277	-0.090513	-0.166987	-0.077651
0.502984	0.090299	-0.024349	-0.554797	-0.021230	0.018004	0.867234	0.053081	-0.025652	-1.876856	0.098234	0.073880	-5.473280	-0.922377	-1.020017	2.192792	0.035621	0.016073	5.974372	-0.811673	-2.305233	1.482047	-0.220598	-0.120374
0.441263	0.078342	-0.033867	-0.525497	-0.021075	0.018205	0.917993	0.042603	-0.049557	-1.846615	0.095542	0.072292	-6.172046	-1.195704	-0.951790	2.929980	0.015436	0.020124	5.075931	-1.047790	-2.390443	3.024042	-0.269234	-0.158740
0.374556	0.064243	-0.042534	-0.490712	-0.021173	0.018468	0.959167	0.030451	-0.073493	-1.801504	0.092436	0.070385	-6.670688	-1.409843	-0.866708	3.478487	-0.009808	0.026235	4.117468	-1.215182	-2.393632	4.511117	-0.310586	-0.190706
0.304943	0.048718	-0.050428	-0.452660	-0.021572	0.018819	0.990377	0.017349	-0.096693	-1.742290	0.089007	0.068237	-6.961316	-1.552516	-0.789383	3.805257	-0.039858	0.035096	3.120961	-1.310160	-2.320045	5.921374	-0.342861	-0.214848
0.234444	0.032548	-0.057800	-0.413758	-0.022315	0.019292	1.011433	0.004028	-0.118484	-1.669946	0.085359	0.065932	-7.049900	-1.617017	-0.737190	3.890134	-0.074292	0.047389	2.105636	-1.332105	-2.179118	7.234398	-0.364808	-0.230460
0.164924	0.016538	-0.064965	-0.376500	-0.023439	0.019930	1.022336	-0.008795	-0.138319	-1.585643	0.081602	0.063557	-6.952001	-1.601000	-0.716538	3.725804	-0.112412	0.063747	1.090257	-1.282322	-1.983484	8.430346	-0.375709	-0.237530
0.098055	0.001474	-0.072160	-0.343347	-0.024969	0.020774	1.023290	-0.020442	-0.155790	-1.490750	0.077848	0.061190	-6.686930	-1.506377	-0.719460	3.315357	-0.153043	0.084452	0.095360	-1.164664	-1.747048	9.489272	-0.375398	-0.236638
0.035325	-0.011920	-0.079412	-0.316651	-0.026914	0.021866	1.014733	-0.030306	-0.170624	-1.386843	0.074205	0.058902	-6.272986	-1.339398	-0.725165	2.669561	-0.194440	0.109132	-0.855637	-0.986429	-1.483378	10.390766	-0.364272	-0.228803
-0.021939	-0.023023	-0.086502	-0.298592	-0.029258	0.023232	0.997361	-0.037891	-0.182674	-1.275704	0.070773	0.056749	-5.726392	-1.110275	-0.709021	1.805949	-0.234427	0.136633	-1.737220	-0.758557	-1.205025	11.113848	-0.343242	-0.215304
-0.072584	-0.031347	-0.093031	-0.291091	-0.031965	0.024882	0.972119	-0.042843	-0.191909	-1.159334	0.067636	0.054774	-5.064559	-0.832479	-0.652969	0.750017	-0.270694	0.165023	-2.524193	-0.495153	-0.923563	11.637024	-0.313633	-0.197519
-0.115701	-0.036565	-0.098533	-0.295713	-0.034977	0.026801	0.940174	-0.044967	-0.198412	-1.039946	0.064865	0.053006	-4.311704	-0.521802	-0.550143	-0.462202	-0.301165	0.191837	-3.194489	-0.212413	-0.650212	11.938798	-0.277108	-0.176841
-0.150724	-0.038519	-0.102566	-0.313537	-0.038221	0.028948	0.902864	-0.044241	-0.202375	-0.919956	0.062509	0.051460	-3.502284	-0.195314	-0.403301	-1.782316	-0.324409	0.214718	-3.731066	0.072610	-0.396355	11.999023	-0.235602	-0.154610
-0.177505	-0.037228	-0.104790	-0.345055	-0.041620	0.031269	0.861640	-0.040814	-0.204108	-0.801942	0.060597	0.050139	-2.678109	0.129085	-0.222442	-3.151843	-0.339961	0.232087	-4.122365	0.342705	-0.173251	11.801354	-0.191265	-0.132041
-0.196298	-0.032911	-0.105043	-0.390150	-0.045104	0.033703	0.818025	-0.035006	-0.204021	-0.688576	0.059133	0.049038	-1.879286	0.431714	-0.025305	-4.509517	-0.348366	0.243418	-4.361502	0.580761	0.008702	11.336576	-0.146383	-0.110086
-0.207639	-0.026013	-0.103418	-0.448153	-0.048612	0.036193	0.773575	-0.027303	-0.202617	-0.582516	0.058100	0.048145	-1.134089	0.689797	0.162569	-5.800260	-0.350827	0.249018	-4.444983	0.770360	0.140380	10.606013	-0.103279	-0.089298
-0.212175	-0.017232	-0.100291	-0.517965	-0.052099	0.038688	0.729851	-0.018332	-0.200477	-0.486275	0.057458	0.047447	-0.453638	0.878032	0.312681	-6.981246	-0.348636	0.249543	-4.372415	0.897026	0.214030	9.624154	-0.064165	-0.069792
-0.210508	-0.007511	-0.096276	-0.598199	-0.055526	0.041144	0.688373	-0.008836	-0.198233	-0.402080	0.057149	0.046934	0.166785	0.972099	0.401453	-8.023327	-0.342702	0.245585	-4.147814	0.949693	0.224347	8.419490	-0.030950	-0.051384
-0.203084	0.002029	-0.092114	-0.687292	-0.058860	0.043519	0.650562	0.000385	-0.196523	-0.331751	0.057098	0.046595	0.742341	0.954053	0.416202	-8.909337	-0.333386	0.237455	-3.781059	0.922052	0.171053	7.032931	-0.005042	-0.033839
-0.190156	0.010202	-0.088546	-0.783606	-0.062065	0.045770	0.617682	0.008522	-0.195909	-0.276606	0.057226	0.046424	1.292850	0.817284	0.356859	-9.631430	-0.320587	0.225152	-3.288031	0.813721	0.061349	5.514489	0.012752	-0.017079
-0.171769	0.015892	-0.086204	-0.885491	-0.065105	0.047855	0.590784	0.014828	-0.196798	-0.237407	0.057448	0.046412	1.838653	0.568955	0.234173	-10.188489	-0.303945	0.208477	-2.689785	0.630547	-0.088920	3.919866	0.022190	-0.001239
-0.147789	0.018187	-0.085544	-0.991329	-0.067936	0.049727	0.570666	0.018662	-0.199349	-0.214331	0.057682	0.046545	2.398053	0.229560	0.066031	-10.583767	-0.283101	0.187230	-2.011835	0.383446	-0.255077	2.307617	0.023443	0.013346
-0.117935	0.016492	-0.086808	-1.099555	-0.070515	0.051342	0.557827	0.019533	-0.203404	-0.206967	0.057851	0.046806	2.985366	-0.169566	-0.126447	-10.822655	-0.257938	0.161414	-1.283821	0.087041	-0.405464	0.736386	0.016889	0.026070
-0.081845	0.010592	-0.090026	-1.208662	-0.072802	0.052655	0.552432	0.017125	-0.208466	-0.214343	0.057881	0.047166	3.609000	-0.589988	-0.321764	-10.910667	-0.228689	0.131352	-0.539541	-0.240741	-0.506280	-0.737608	0.002949	0.035971
-0.039147	0.000683	-0.095024	-1.317181	-0.074762	0.053632	0.554253	0.011340	-0.213755	-0.234957	0.057701	0.047584	4.269816	-0.990871	-0.499787	-10.851917	-0.195963	0.097721	0.182083	-0.578525	-0.528848	-2.061412	-0.017958	0.041820
0.010452	-0.012657	-0.101453	-1.423666	-0.076369	0.054247	0.562600	0.002334	-0.218348	-0.266795	0.057249	0.048008	4.959837	-1.334031	-0.642952	-10.648469	-0.160693	0.061486	0.834662	-0.900570	-0.459285	-3.183824	-0.045227	0.042415
0.067063	-0.028540	-0.108823	-1.526671	-0.077609	0.054485	0.576224	-0.009431	-0.221407	-0.307335	0.056471	0.048377	5.661112	-1.588219	-0.737026	-10.300508	-0.124015	0.023746	1.362430	-1.176482	-0.305948	-4.053913	-0.077747	0.036928
0.130516	-0.045859	-0.116532	-1.624740	-0.078480	0.054341	0.593251	-0.023194	-0.222346	-0.353570	0.055335	0.048630	6.345302	-1.731962	-0.770898	-9.806909	-0.087101	-0.014356	1.702689	-1.376334	-0.093852	-4.623564	-0.113641	0.025266
0.200266	-0.063410	-0.123894	-1.716402	-0.078990	0.053825	0.611206	-0.038001	-0.220819	-0.402129	0.053833	0.048714	6.975077	-1.755107	-0.736129	-9.166203	-0.051025	-0.051618	1.795498	-1.480690	0.152714	-4.855910	-0.150217	0.008378
0.275343	-0.079997	-0.130178	-1.800186	-0.079157	0.052956	0.627202	-0.052859	-0.216622	-0.449503	0.051991	0.048596	7.507627	-1.658684	-0.628454	-8.378400	-0.016652	-0.086842	1.599592	-1.485766	0.419657	-4.737354	-0.184184	-0.011798
0.354343	-0.094523	-0.134685	-1.874659	-0.079001	0.051766	0.638278	-0.066839	-0.209682	-0.492369	0.049869	0.048267	7.899995	-1.452580	-0.450725	-7.447258	0.015519	-0.119040	1.107600	-1.398070	0.693964	-4.286615	-0.212150	-0.032892
0.435506	-0.106049	-0.136824	-1.938478	-0.078547	0.050290	0.641787	-0.079103	-0.200164	-0.527906	0.047557	0.047738	8.116341	-1.152566	-0.213882	-6.381884	0.045452	-0.147599	0.350938	-1.226331	0.951866	-3.553718	-0.231285	-0.052864
0.516863	-0.113843	-0.136169	-1.990449	-0.077812	0.048568	0.635704	-0.088911	-0.188543	-0.553996	0.045160	0.047034	8.135704	-0.779412	0.065571	-5.197153	0.073492	-0.172242	-0.608325	-0.980821	1.162093	-2.609036	-0.239693	-0.070435
0.596427	-0.117442	-0.132471	-2.029581	-0.076811	0.046639	0.618784	-0.095697	-0.175550	-0.569296	0.042797	0.046184	7.956342	-0.359923	0.369776	-3.913177	0.100134	-0.192879	-1.691944	-0.678620	1.299325	-1.529945	-0.236305	-0.084951
0.672368	-0.116706	-0.125650	-2.055121	-0.075553	0.044544	0.590597	-0.099156	-0.162024	-0.573212	0.040590	0.045225	7.594102	0.073558	0.682069	-2.554021	0.125790	-0.209499	-2.818738	-0.345888	1.352523	-0.391592	-0.220681	-0.095930
0.743132	-0.111834	-0.115786	-2.066578	-0.074046	0.042323	0.551464	-0.099297	-0.148785	-0.565842	0.038660	0.044198	7.076455	0.487226	0.986408	-1.145661	0.150649	-0.222091	-3.913336	-0.014067	1.323966	0.736968	-0.192973	-0.102760
0.807487	-0.103320	-0.103126	-2.063715	-0.072300	0.040017	0.502359	-0.096438	-0.136533	-0.547914	0.037121	0.043151	6.435495	0.851375	1.266039	0.286233	0.174594	-0.230574	-4.910436	0.285811	1.225158	1.792779	-0.153895	-0.104707
0.864510	-0.091877	-0.088086	-2.046539	-0.070328	0.037669	0.444797	-0.091164	-0.125792	-0.520737	0.036075	0.042139	5.702299	1.144303	1.504016	1.717630	0.197206	-0.234808	-5.756210	0.527394	1.074096	2.717695	-0.104614	-0.101149
0.913551	-0.078341	-0.071234	-2.015275	-0.068150	0.035322	0.380707	-0.084244	-0.116857	-0.486151	0.035608	0.041221	4.904053	1.353580	1.685117	3.126380	0.217873	-0.234702	-6.408980	0.692009	0.893478	3.458676	-0.046748	-0.091820
0.954188	-0.063586	-0.053261	-1.970354	-0.065790	0.033019	0.312300	-0.076537	-0.109776	-0.446440	0.035783	0.040452	4.063762	1.475560	1.797295	4.492130	0.235930	-0.230305	-6.840745	0.770766	0.708129	3.971113	0.017524	-0.076854
0.986198	-0.048447	-0.034940	-1.912391	-0.063283	0.030801	0.241907	-0.068887	-0.104367	-0.404202	0.036637	0.039886	3.200964	1.513904	1.832151	5.796308	0.250750	-0.221820	-7.039298	0.764953	0.540918	4.223708	0.085387	-0.056596
1.009522	-0.033669	-0.017086	-1.842172	-0.060665	0.028705	0.171819	-0.062042	-0.100282	-0.362188	0.038172	0.039572	2.332387	1.477756	1.785436	7.021880	0.261769	-0.209569	-7.008738	0.684528	0.408527	4.201435	0.153513	-0.031417
1.024245	-0.019865	-0.000507	-1.760646	-0.057980	0.026766	0.104153	-0.056582	-0.097088	-0.323145	0.040356	0.039554	1.472339	1.380395	1.657841	8.152593	0.268481	-0.193912	-6.766667	0.545986	0.319395	3.904337	0.218377	-0.001816
1.030576	-0.007481	0.014046	-1.668927	-0.055275	0.025014	0.040764	-0.052876	-0.094341	-0.289711	0.043121	0.039867	0.633084	1.238414	1.455339	9.171900	0.270477	-0.175191	-6.338916	0.370612	0.274714	3.343331	0.276593	0.031253
1.028830	0.003224	0.025936	-1.568308	-0.052600	0.023477	-0.016784	-0.051049	-0.091629	-0.264346	0.046373	0.040528	-0.174554	1.070469	1.188994	10.061957	0.267544	-0.153708	-5.754750	0.182669	0.271194	2.536515	0.325176	0.066126
1.019426	0.012174	0.034684	-1.460280	-0.050002	0.022179	-0.067234	-0.050981	-0.088589	-0.249262	0.049991	0.041533	-0.940415	0.895070	0.874770	10.802746	0.259765	-0.129808	-5.045026	0.006868	0.303968	1.508436	0.361803	0.100543
1.002885	0.019456	0.040018	-1.346565	-0.047527	0.021139	-0.109663	-0.052326	-0.084900	-0.246346	0.053842	0.042854	-1.654173	0.728133	0.533417	11.371530	0.247513	-0.103961	-4.242862	-0.134528	0.368898	0.291585	0.385107	0.132034
0.979843	0.025267	0.041917	-1.229134	-0.045214	0.020371	-0.143503	-0.054568	-0.080263	-0.257070	0.057792	0.044438	-2.304116	0.581102	0.189906	11.743093	0.231365	-0.076804	-3.383997	-0.224212	0.463741	-1.072357	0.394939	0.158400
0.951089	0.029865	0.040633	-1.110224	-0.043093	0.019880	-0.168550	-0.057087	-0.074395	-0.282399	0.061717	0.046220	-2.875441	0.459888	-0.128458	11.891029	0.212012	-0.049134	-2.504729	-0.251869	0.586714	-2.532935	0.392526	0.178195
0.917601	0.033514	0.036681	-0.992323	-0.041192	0.019661	-0.184925	-0.059243	-0.067066	-0.322731	0.065521	0.048131	-3.348751	0.364860	-0.395200	11.790005	0.190147	-0.021908	-1.637489	-0.215585	0.732924	-4.033235	0.380402	0.191144
0.880603	0.036439	0.030799	-0.878134	-0.039528	0.019699	-0.192980	-0.060457	-0.058140	-0.377872	0.069141	0.050113	-3.699843	0.292506	-0.588175	11.418954	0.166356	0.003774	-0.805546	-0.121427	0.892651	-5.514048	0.362003	0.198217
0.841586	0.038828	0.023873	-0.770479	-0.038118	0.019966	-0.193169	-0.060262	-0.047609	-0.447062	0.072551	0.052126	-3.901751	0.238883	-0.692567	10.765457	0.141080	0.026733	-0.018842	0.019497	1.053023	-6.919058	0.340983	0.201323
0.802287	0.040864	0.016844	-0.672165	-0.036971	0.020425	-0.185895	-0.058307	-0.035598	-0.529057	0.075756	0.054154	-3.929838	0.203568	-0.702889	9.831420	0.114675	0.045856	0.727394	0.195436	1.201153	-8.199427	0.320506	0.202757
0.764594	0.042786	0.010603	-0.585777	-0.036095	0.021027	-0.171393	-0.054332	-0.022331	-0.622221	0.078783	0.056199	-3.769324	0.192229	-0.624133	8.638792	0.087581	0.060255	1.450220	0.397583	1.326674	-9.316400	0.302718	0.204540
0.730366	0.044942	0.005884	-0.513449	-0.035490	0.021721	-0.149665	-0.048127	-0.008112	-0.724635	0.081668	0.058277	-3.422815	0.215571	-0.471911	7.232857	0.060503	0.069408	2.172763	0.620481	1.421942	-10.241475	0.288452	0.207788
0.701219	0.047773	0.003185	-0.456635	-0.035144	0.022454	-0.120501	-0.039541	0.006690	-0.834184	0.084439	0.060401	-2.914702	0.283174	-0.269855	5.681364	0.034571	0.073333	2.916351	0.858627	1.480146	-10.954815	0.277181	0.212332
0.678317	0.051724	0.002745	-0.415944	-0.035031	0.023182	-0.083559	-0.028524	0.021628	-0.948614	0.087112	0.062569	-2.290206	0.395095	-0.044015	4.069121	0.011343	0.072739	3.694202	1.101649	1.493814	-11.443059	0.267257	0.216808
0.662227	0.057108	0.004557	-0.391057	-0.035106	0.023871	-0.038477	-0.015208	0.036180	-1.065586	0.089676	0.064760	-1.609012	0.538365	0.181230	2.488722	-0.007468	0.068897	4.508213	1.331634	1.455187	-11.697204	0.256419	0.219168
0.652864	0.064022	0.008380	-0.380759	-0.035310	0.024502	0.015004	0.000037	0.049755	-1.182697	0.092099	0.066933	-0.936275	0.691428	0.382224	1.029722	-0.020450	0.063068	5.348167	1.524448	1.357549	-11.711057	0.242311	0.217304
0.649502	0.072325	0.013736	-0.383052	-0.035579	0.025060	0.076925	0.016578	0.061721	-1.297504	0.094328	0.069028	-0.336180	0.830308	0.535652	-0.229218	-0.026852	0.055887	6.192046	1.654081	1.196588	-11.480731	0.222896	0.209484
0.650793	0.081630	0.019983	-0.395277	-0.035845	0.025533	0.146993	0.033557	0.071434	-1.407557	0.096296	0.070973	0.129085	0.930499	0.624666	-1.222553	-0.026665	0.047263	7.006830	1.697899	0.971320	-11.005258	0.196746	0.194506
0.654786	0.091311	0.026422	-0.414261	-0.036051	0.025903	0.224495	0.049968	0.078271	-1.510436	0.097927	0.072690	0.399362	0.968092	0.643918	-1.898397	-0.020572	0.036974	7.750156	1.641111	0.683660	-10.287949	0.163143	0.171691
0.659006	0.100558	0.032373	-0.436492	-0.036150	0.026158	0.308226	0.064761	0.081644	-1.603815	0.099148	0.074099	0.421996	0.924652	0.595097	-2.223116	-0.009942	0.025490	8.373123	1.479323	0.337293	-9.337911	0.122060	0.140882
0.660631	0.108483	0.037183	-0.458388	-0.036118	0.026300	0.396464	0.076953	0.081021	-1.685529	0.099889	0.075124	0.162496	0.792543	0.480973	-2.189562	0.003203	0.014227	8.823783	1.219245	-0.062289	-8.171368	0.074139	0.102519
0.656787	0.114246	0.040257	-0.476626	-0.035953	0.026347	0.486990	0.085735	0.075958	-1.753655	0.100096	0.075701	-0.384430	0.576254	0.307387	-1.823825	0.016492	0.004745	9.052643	0.878129	-0.506306	-6.812635	0.020639	0.057692
0.644913	0.117139	0.041150	-0.488477	-0.035676	0.026323	0.577220	0.090546	0.066154	-1.806595	0.099729	0.075782	-1.187409	0.289292	0.089307	-1.185116	0.027775	-0.002397	9.022936	0.481180	-0.980346	-5.294002	-0.036694	0.008103
0.623129	0.116629	0.039675	-0.492042	-0.035320	0.026244	0.664448	0.091114	0.051535	-1.843136	0.098771	0.075342	-2.178360	-0.050924	-0.147461	-0.356519	0.035581	-0.007912	8.722863	0.056744	-1.461947	-3.654106	-0.095775	-0.044045
0.590499	0.112375	0.035935	-0.486350	-0.034928	0.026114	0.746151	0.087432	0.032328	-1.862489	0.097228	0.074380	-3.263053	-0.425452	-0.373994	0.569282	0.039161	-0.012984	8.170334	-0.368184	-1.920720	-1.935234	-0.154279	-0.096215
0.547098	0.104252	0.030216	-0.471326	-0.034546	0.025931	0.820204	0.079733	0.009100	-1.864290	0.095131	0.072922	-4.340101	-0.812246	-0.571859	1.502383	0.038248	-0.018320	7.405291	-0.769911	-2.322810	-0.180156	-0.209714	-0.145717
0.493898	0.092396	0.022811	-0.447697	-0.034217	0.025693	0.884962	0.068449	-0.017273	-1.848584	0.092535	0.071023	-5.320008	-1.185681	-0.740560	2.362860	0.032876	-0.023806	6.475768	-1.128347	-2.637237	1.570676	-0.259541	-0.189917
0.432534	0.077196	0.013873	-0.416860	-0.033984	0.025406	0.939232	0.054175	-0.045676	-1.815776	0.089521	0.068758	-6.136361	-1.519936	-0.893765	3.083675	0.023319	-0.028699	5.427040	-1.427442	-2.840322	3.280755	-0.301413	-0.226553
0.365054	0.059263	0.003372	-0.380744	-0.033884	0.025087	0.982207	0.037616	-0.074849	-1.766597	0.086186	0.066217	-6.748035	-1.793282	-1.050110	3.611680	0.009994	-0.031952	4.297482	-1.655875	-2.917308	4.917924	-0.333502	-0.254054
0.293694	0.039358	-0.008868	-0.341661	-0.033951	0.024762	1.013400	0.019546	-0.103473	-1.702057	0.082639	0.063499	-7.135975	-1.990532	-1.224020	3.908244	-0.006680	-0.032434	3.119259	-1.807051	-2.862409	6.453944	-0.354743	-0.271775
0.220710	0.018326	-0.023044	-0.302164	-0.034214	0.024472	1.032608	0.000766	-0.130261	-1.623422	0.078990	0.060699	-7.298400	-2.103199	-1.417545	3.949732	-0.026346	-0.029038	1.920829	-1.877941	-2.678826	7.863582	-0.364865	-0.280035
0.148243	-0.002950	-0.039174	-0.264888	-0.034700	0.024264	1.039902	-0.017907	-0.154050	-1.532186	0.075348	0.057899	-7.246751	-2.127618	-1.613023	3.727593	-0.048623	-0.020792	0.729384	-1.867314	-2.378885	9.123526	-0.364268	-0.279955
0.078225	-0.023570	-0.056896	-0.232416	-0.035430	0.024194	1.035630	-0.035654	-0.173880	-1.430073	0.071809	0.055168	-7.001777	-2.061977	-1.772209	3.247199	-0.072959	-0.007049	-0.427204	-1.774764	-1.983004	10.211304	-0.353865	-0.273154
0.012340	-0.042615	-0.075373	-0.207166	-0.036415	0.024316	1.020441	-0.051672	-0.189050	-1.319028	0.068460	0.052554	-6.588458	-1.904525	-1.847688	2.524961	-0.098513	0.012242	-1.518901	-1.601767	-1.516929	11.104485	-0.334936	-0.261341
-0.047980	-0.059165	-0.093374	-0.191312	-0.037655	0.024678	0.995307	-0.065215	-0.199136	-1.201223	0.065370	0.050095	-6.031995	-1.655001	-1.800079	1.585424	-0.124025	0.036235	-2.513354	-1.354254	-1.008641	11.780536	-0.308940	-0.245936
-0.101560	-0.072348	-0.109481	-0.186706	-0.039133	0.025309	0.961529	-0.075663	-0.204001	-1.079049	0.062596	0.047816	-5.357990	-1.318323	-1.610764	0.460617	-0.147763	0.063078	-3.377889	-1.044794	-0.486499	12.217445	-0.277385	-0.227933
-0.147518	-0.081425	-0.122349	-0.194793	-0.040811	0.026211	0.920700	-0.082592	-0.203786	-0.955099	0.060179	0.045736	-4.595870	-0.907674	-1.286826	-0.808686	-0.167768	0.090188	-4.082900	-0.692942	0.021465	12.394942	-0.241766	-0.208003
-0.185327	-0.085879	-0.130937	-0.216519	-0.042635	0.027359	0.874650	-0.085828	-0.198906	-0.832134	0.058143	0.043869	-3.780886	-0.445379	-0.858783	-2.172591	-0.182391	0.114824	-4.604996	-0.323595	0.488004	12.296510	-0.203574	-0.186649
-0.214836	-0.085499	-0.134680	-0.252271	-0.044543	0.028706	0.825362	-0.085468	-0.190031	-0.713011	0.056500	0.042227	-2.950847	0.037965	-0.374282	-3.575184	-0.190812	0.134698	-4.928732	0.035967	0.887567	11.912322	-0.164311	-0.164230
-0.236221	-0.080446	-0.133586	-0.301878	-0.046476	0.030190	0.774890	-0.081875	-0.178052	-0.600583	0.055245	0.040818	-2.138536	0.505279	0.109358	-4.960715	-0.193286	0.148370	-5.047193	0.359362	1.197835	11.242767	-0.125492	-0.140893
-0.249870	-0.071288	-0.128241	-0.364674	-0.048386	0.031744	0.725264	-0.075636	-0.164040	-0.497566	0.054359	0.039653	-1.364924	0.915848	0.534537	-6.279659	-0.191015	0.155411	-4.962673	0.623882	1.401182	10.301754	-0.088606	-0.116543
-0.256242	-0.058989	-0.119698	-0.439596	-0.050244	0.033308	0.678386	-0.067512	-0.149184	-0.406382	0.053809	0.038743	-0.637166	1.229927	0.854292	-7.492152	-0.185783	0.156359	-4.687750	0.812433	1.485687	9.118402	-0.055019	-0.090967
-0.255752	-0.044840	-0.109292	-0.525284	-0.052038	0.034832	0.635935	-0.058365	-0.134718	-0.329023	0.053550	0.038102	0.048970	1.414821	1.040624	-8.568807	-0.179468	0.152439	-4.245126	0.914628	1.446584	7.735853	-0.025831	-0.064073
-0.248704	-0.030335	-0.098423	-0.620184	-0.053774	0.036283	0.599283	-0.049093	-0.121837	-0.266945	0.053533	0.037742	0.704857	1.450585	1.086862	-9.489994	-0.173565	0.145134	-3.665135	0.927195	1.288094	6.207770	-0.001765	-0.036022
-0.235254	-0.017001	-0.088377	-0.722628	-0.055463	0.037641	0.569462	-0.040553	-0.111596	-0.221001	0.053701	0.037671	1.345004	1.333327	1.004610	-10.244427	-0.168870	0.135746	-2.982187	0.854017	1.024051	4.594459	0.016868	-0.007121
-0.215413	-0.006245	-0.080194	-0.830903	-0.057116	0.038892	0.547143	-0.033503	-0.104815	-0.191408	0.054002	0.037894	1.984061	1.075605	0.818366	-10.827475	-0.165368	0.125123	-2.231879	0.705005	0.678100	2.959249	0.030078	0.022273
-0.189064	0.000800	-0.074592	-0.943297	-0.058740	0.040028	0.532652	-0.028574	-0.101958	-0.177764	0.054382	0.038409	2.634909	0.704518	0.560132	-11.239415	-0.162378	0.113595	-1.449126	0.492942	0.285760	1.364453	0.037979	0.051571
-0.155991	0.003385	-0.071944	-1.058132	-0.060329	0.041039	0.525977	-0.026269	-0.103000	-0.179090	0.054788	0.039205	3.307313	0.258461	0.264818	-11.483528	-0.158873	0.101112	-0.667469	0.230444	-0.104250	-0.132596	0.040572	0.079593
-0.115926	0.001215	-0.072277	-1.173772	-0.061867	0.041914	0.526773	-0.026964	-0.107359	-0.193903	0.055164	0.040250	4.006514	-0.216930	-0.033291	-11.563965	-0.153859	0.087468	0.079599	-0.069461	-0.435857	-1.481297	0.037658	0.104453
-0.068610	-0.005524	-0.075309	-1.288610	-0.063334	0.042639	0.534322	-0.030859	-0.113958	-0.220263	0.055454	0.041489	4.731580	-0.673877	-0.303187	-11.483850	-0.146670	0.072508	0.754907	-0.389506	-0.659954	-2.636004	0.029002	0.123924
-0.013875	-0.016205	-0.080499	-1.401054	-0.064704	0.043201	0.547454	-0.037906	-0.121468	-0.255787	0.055601	0.042850	5.473463	-1.068187	-0.519031	-11.244345	-0.137046	0.056179	1.313159	-0.704698	-0.750938	-3.552450	0.014700	0.136078
0.048254	-0.029847	-0.087108	-1.509501	-0.065954	0.043585	0.564449	-0.047737	-0.128612	-0.297655	0.055557	0.044249	6.212937	-1.364158	-0.660886	-10.844708	-0.124967	0.038463	1.699557	-0.983081	-0.714413	-4.186740	-0.004429	0.139903
0.117449	-0.045229	-0.094255	-1.612330	-0.067059	0.043779	0.583004	-0.059672	-0.134382	-0.342661	0.055290	0.045605	6.919508	-1.538189	-0.714657	-10.282945	-0.110458	0.019342	1.855522	-1.193576	-0.576982	-4.500650	-0.026672	0.135649
0.192977	-0.061040	-0.100982	-1.707904	-0.067994	0.043767	0.600328	-0.072839	-0.138052	-0.387389	0.054795	0.046853	7.552787	-1.581073	-0.672760	-9.557335	-0.093524	-0.001206	1.732328	-1.316651	-0.367080	-4.472802	-0.049528	0.124809
0.273646	-0.076016	-0.106345	-1.794592	-0.068735	0.043534	0.613408	-0.086314	-0.139142	-0.428492	0.054095	0.047950	8.066866	-1.497616	-0.536276	-8.668791	-0.074130	-0.023290	1.308004	-1.347549	-0.108921	-4.110335	-0.070021	0.109665
0.357822	-0.089042	-0.109513	-1.870821	-0.069257	0.043062	0.619395	-0.099211	-0.137466	-0.463027	0.053242	0.048875	8.417577	-1.302627	-0.316813	-7.622959	-0.052140	-0.047146	0.598776	-1.289623	0.167513	-3.453442	-0.085247	0.092537
0.443542	-0.099198	-0.109866	-1.935134	-0.069530	0.042332	0.615983	-0.110683	-0.133253	-0.488717	0.052313	0.049627	8.572036	-1.015557	-0.035256	-6.431302	-0.027317	-0.073023	-0.341265	-1.147251	0.421380	-2.569034	-0.092977	0.075171
0.528713	-0.105776	-0.107033	-1.986248	-0.069525	0.041323	0.601673	-0.119949	-0.127133	-0.504094	0.051393	0.050213	8.517139	-0.657840	0.283294	-5.111402	0.000524	-0.100935	-1.431016	-0.926545	0.611936	-1.537642	-0.091917	0.058609
0.611330	-0.108316	-0.100882	-2.023112	-0.069211	0.040018	0.575894	-0.126359	-0.120006	-0.508501	0.050577	0.050648	8.261641	-0.254040	0.615108	-3.686404	0.031322	-0.130451	-2.577840	-0.640995	0.712712	-0.440767	-0.081593	0.043515
0.689634	-0.106646	-0.091485	-2.044946	-0.068565	0.038412	0.538974	-0.129501	-0.112846	-0.502031	0.049956	0.050954	7.830461	0.167050	0.939611	-2.183353	0.064626	-0.160618	-3.692001	-0.314208	0.716020	0.647058	-0.062119	0.030581
0.762190	-0.100897	-0.079110	-2.051254	-0.067570	0.036512	0.492009	-0.129271	-0.106547	-0.485423	0.049615	0.051160	7.255557	0.574854	1.237575	-0.630837	0.099538	-0.190006	-4.696472	0.022919	0.629880	1.660797	-0.034074	0.020636
0.827874	-0.091484	-0.064208	-2.041825	-0.066222	0.034343	0.436695	-0.125895	-0.101805	-0.459982	0.049631	0.051305	6.568422	0.941359	1.490215	0.942901	0.134765	-0.216882	-5.531476	0.337689	0.474232	2.544094	0.001547	0.014447
0.885835	-0.079040	-0.047398	-2.016718	-0.064534	0.031948	0.375137	-0.119888	-0.099022	-0.427497	0.050064	0.051430	5.796127	1.244354	1.680991	2.510765	0.168782	-0.239486	-6.155720	0.600684	0.278281	3.248500	0.043308	0.012464
0.935437	-0.064349	-0.029423	-1.976247	-0.062534	0.029385	0.309668	-0.111990	-0.098254	-0.390146	0.050957	0.051577	4.960140	1.469108	1.797420	4.047015	0.200056	-0.256319	-6.546961	0.789762	0.076814	3.735080	0.089269	0.014732
0.976202	-0.048262	-0.011109	-1.920973	-0.060262	0.026722	0.242641	-0.103065	-0.099210	-0.350368	0.052327	0.051787	4.076518	1.608723	1.831468	5.527408	0.227214	-0.266306	-6.702668	0.892540	-0.095573	3.977818	0.136979	0.021002
1.007770	-0.031632	0.006687	-1.851683	-0.057770	0.024033	0.176250	-0.093998	-0.101328	-0.310707	0.054163	0.052096	3.156823	1.663011	1.779580	6.929059	0.249157	-0.268865	-6.639077	0.906625	-0.211869	3.966047	0.183626	0.030897
1.029869	-0.015263	0.023116	-1.769385	-0.055118	0.021394	0.112384	-0.085616	-0.103919	-0.273675	0.056426	0.052535	2.209930	1.636890	1.642863	8.229777	0.265152	-0.263911	-6.386638	0.838222	-0.259105	3.703286	0.226311	0.043921
1.042320	0.000135	0.037387	-1.675314	-0.052370	0.018876	0.052563	-0.078610	-0.106306	-0.241649	0.059049	0.053128	1.245008	1.539784	1.427167	9.407073	0.274881	-0.251800	-5.982114	0.700597	-0.238668	3.202601	0.262346	0.059251
1.045069	0.013992	0.048821	-1.570942	-0.049586	0.016544	-0.002044	-0.073479	-0.107901	-0.216829	0.061944	0.053883	0.274924	1.385659	1.143383	10.437213	0.278384	-0.233205	-5.460645	0.513142	-0.159507	2.481910	0.289494	0.075530
1.038252	0.025912	0.056903	-1.457997	-0.046826	0.014454	-0.050564	-0.070477	-0.108220	-0.201204	0.065005	0.054792	-0.681673	1.192039	0.808205	11.294537	0.275950	-0.209007	-4.852027	0.300134	-0.031888	1.562570	0.306079	0.090929
1.022247	0.035686	0.061346	-1.338483	-0.044146	0.012652	-0.092384	-0.069600	-0.106892	-0.196492	0.068116	0.055826	-1.600469	0.977393	0.444297	11.951369	0.268035	-0.180216	-4.182012	0.087752	0.132801	0.471154	0.311082	0.103416
0.997719	0.043266	0.062132	-1.214694	-0.041594	0.011173	-0.127132	-0.070599	-0.103668	-0.204076	0.071160	0.056938	-2.452827	0.757988	0.078579	12.378902	0.255238	-0.147934	-3.474810	-0.099866	0.322407	-0.758403	0.304411	0.111179
0.965650	0.048722	0.059523	-1.089205	-0.039211	0.010039	-0.154664	-0.073036	-0.098395	-0.224920	0.074033	0.058070	-3.206880	0.545654	-0.260845	12.548904	0.238271	-0.113312	-2.753224	-0.243769	0.527307	-2.084371	0.287323	0.113188
0.927368	0.052195	0.054049	-0.964845	-0.037032	0.009264	-0.175029	-0.076359	-0.090996	-0.259508	0.076659	0.059167	-3.828202	0.347280	-0.547431	12.436039	0.217898	-0.077570	-2.036451	-0.332244	0.739866	-3.458857	0.262575	0.109668
0.884554	0.053857	0.046470	-0.844633	-0.035083	0.008844	-0.188398	-0.079973	-0.081488	-0.307822	0.078999	0.060188	-4.281389	0.166152	-0.757867	12.021172	0.194860	-0.042004	-1.336919	-0.361451	0.950802	-4.831350	0.234014	0.102110
0.839215	0.053906	0.037733	-0.731672	-0.033385	0.008764	-0.194974	-0.083308	-0.070001	-0.369355	0.081056	0.061116	-4.533961	0.004903	-0.873732	11.296062	0.169811	-0.007966	-0.657621	-0.333514	1.148754	-6.153311	0.205709	0.092782
0.793587	0.052599	0.028889	-0.628983	-0.031952	0.008996	-0.194890	-0.085831	-0.056770	-0.443176	0.082867	0.061957	-4.562754	-0.130660	-0.884445	10.268926	0.143328	0.023192	0.008461	-0.252290	1.323020	-7.382068	0.181101	0.084159
0.749976	0.050310	0.020980	-0.539291	-0.030792	0.009498	-0.188131	-0.087026	-0.042111	-0.528004	0.084493	0.062742	-4.361157	-0.228893	-0.790858	8.969169	0.115994	0.050208	0.675871	-0.119462	1.465992	-8.482813	0.162534	0.078473
0.710535	0.047572	0.014912	-0.464800	-0.029907	0.010220	-0.174514	-0.086369	-0.026377	-0.622291	0.086003	0.063515	-3.944052	-0.273853	-0.606795	7.449175	0.088531	0.072156	1.361676	0.065735	1.573393	-9.428734	0.151072	0.077257
0.677059	0.045051	0.011351	-0.406982	-0.029288	0.011108	-0.153713	-0.083345	-0.009949	-0.724291	0.087468	0.064324	-3.347579	-0.252095	-0.356153	5.781755	0.061906	0.088830	2.080128	0.302393	1.642792	-10.199972	0.146475	0.080942
0.650823	0.043445	0.010679	-0.366449	-0.028914	0.012117	-0.125321	-0.077520	0.006770	-0.832113	0.088942	0.065211	-2.623669	-0.160610	-0.067121	4.053268	0.037316	0.100948	2.839171	0.582445	1.671874	-10.782183	0.147349	0.088728
0.632500	0.043350	0.012990	-0.342912	-0.028754	0.013215	-0.088932	-0.068643	0.023345	-0.943764	0.090456	0.066200	-1.832260	-0.009487	0.231079	2.353767	0.016007	0.109751	3.638930	0.887684	1.657485	-11.165083	0.151463	0.098843
0.622154	0.045168	0.018065	-0.335240	-0.028764	0.014376	-0.044220	-0.056737	0.039300	-1.057175	0.092018	0.067290	-1.034586	0.181785	0.507494	0.767200	-0.000940	0.116140	4.471176	1.190662	1.595528	-11.341119	0.156184	0.109070
0.619255	0.049061	0.025370	-0.341584	-0.028891	0.015577	0.008972	-0.042149	0.054114	-1.170223	0.093607	0.068463	-0.289945	0.389315	0.730519	-0.634386	-0.012751	0.120057	5.319228	1.458743	1.481408	-11.304789	0.158875	0.117234
0.622687	0.054933	0.034113	-0.359491	-0.029081	0.016783	0.070551	-0.025550	0.067221	-1.280752	0.095178	0.069677	0.343266	0.587282	0.874275	-1.790769	-0.019011	0.120625	6.157884	1.659970	1.310667	-11.052885	0.157158	0.121424
0.630736	0.062426	0.043363	-0.385999	-0.029278	0.017952	0.140082	-0.007861	0.078016	-1.386603	0.096669	0.070878	0.804846	0.749283	0.925004	-2.650727	-0.019704	0.116906	6.953090	1.768868	1.079509	-10.585137	0.149093	0.120078
0.641081	0.070943	0.052166	-0.417725	-0.029432	0.019040	0.216706	0.009842	0.085872	-1.485651	0.098003	0.071999	1.034515	0.851632	0.880237	-3.172674	-0.015326	0.108786	7.662392	1.770329	0.785646	-9.904782	0.133384	0.112107
0.650897	0.079724	0.059594	-0.451044	-0.029502	0.020015	0.299081	0.026450	0.090175	-1.575844	0.099098	0.072969	0.981548	0.878131	0.742875	-3.331887	-0.007054	0.097477	8.237477	1.660731	0.430248	-9.019357	0.109514	0.097032
0.657083	0.087949	0.064797	-0.482352	-0.029470	0.020866	0.385370	0.040920	0.090382	-1.655264	0.099876	0.073719	0.618607	0.822538	0.520287	-3.130809	0.003236	0.085141	8.628914	1.446996	0.020682	-7.941988	0.077743	0.075003
0.656615	0.094820	0.067104	-0.508407	-0.029336	0.021603	0.473308	0.052367	0.086106	-1.722190	0.100265	0.074186	-0.046753	0.687084	0.230654	-2.605460	0.013354	0.073709	8.793775	1.144733	-0.427534	-6.692606	0.038972	0.046721
0.646942	0.099611	0.066177	-0.526632	-0.029122	0.022242	0.560374	0.060126	0.077199	-1.775174	0.100211	0.074320	-0.967309	0.479066	-0.092689	-1.822551	0.021443	0.063839	8.706687	0.775857	-0.890694	-5.298328	-0.005487	0.013317
0.626332	0.101704	0.062108	-0.535310	-0.028858	0.022791	0.644071	0.063790	0.063806	-1.813100	0.099669	0.074082	-2.060989	0.209338	-0.406857	-0.867768	0.026351	0.054940	8.369644	0.366430	-1.339357	-3.792643	-0.054105	-0.023782
0.594076	0.100648	0.055370	-0.533626	-0.028583	0.023252	0.722196	0.063242	0.046374	-1.835233	0.098618	0.073452	-3.225631	-0.105584	-0.673870	0.168429	0.027515	0.046070	7.812464	-0.054779	-1.743213	-2.213312	-0.105183	-0.062930
0.550492	0.096228	0.046630	-0.521613	-0.028336	0.023620	0.793020	0.058657	0.025611	-1.841224	0.097050	0.072430	-4.358386	-0.442029	-0.873928	1.201244	0.024694	0.036829	7.082476	-0.458500	-2.076255	-0.599041	-0.156757	-0.102261
0.496776	0.088503	0.036543	-0.500049	-0.028158	0.023896	0.855328	0.050469	0.002409	-1.831085	0.094984	0.071033	-5.371564	-0.772497	-1.008706	2.156472	0.017842	0.027632	6.230800	-0.818814	-2.320187	1.013878	-0.206564	-0.139708
0.434773	0.077792	0.025580	-0.470334	-0.028087	0.024091	0.908356	0.039304	-0.022250	-1.805150	0.092462	0.069301	-6.200361	-1.071155	-1.096279	2.971425	0.007047	0.019439	5.302746	-1.116473	-2.465932	2.593445	-0.252203	-0.173177
0.366736	0.064617	0.013953	-0.434388	-0.028163	0.024224	0.951698	0.025908	-0.047382	-1.764028	0.089548	0.067293	-6.803674	-1.317410	-1.162730	3.594593	-0.007527	0.013353	4.334198	-1.339616	-2.513223	4.112209	-0.291404	-0.200789
0.295116	0.049647	0.001626	-0.394525	-0.028419	0.024328	0.985216	0.011085	-0.072068	-1.708561	0.086326	0.065082	-7.162028	-1.497064	-1.232745	3.986347	-0.025671	0.010401	3.351791	-1.482313	-2.468602	5.546670	-0.322253	-0.221095
0.222360	0.033628	-0.011587	-0.353314	-0.028891	0.024444	1.008959	-0.004340	-0.095502	-1.639799	0.082892	0.062750	-7.275539	-1.601839	-1.321278	4.121065	-0.047111	0.011583	2.374380	-1.542509	-2.343377	6.876215	-0.343354	-0.233242
0.150745	0.017350	-0.025861	-0.313429	-0.029605	0.024623	1.023108	-0.019546	-0.117024	-1.558982	0.079353	0.060379	-7.161554	-1.627888	-1.427339	3.988528	-0.071426	0.017887	1.414872	-1.520631	-2.152213	8.081771	-0.353935	-0.237057
0.082246	0.001606	-0.041177	-0.277508	-0.030584	0.024923	1.027935	-0.033742	-0.136141	-1.467536	0.075814	0.058049	-6.849845	-1.574340	-1.531610	3.592142	-0.097892	0.029980	0.482656	-1.419505	-1.911649	9.144541	-0.353896	-0.233010
0.018493	-0.012823	-0.057193	-0.248058	-0.031838	0.025401	1.023804	-0.046195	-0.152527	-1.367085	0.072376	0.055828	-6.375363	-1.442953	-1.601682	2.944953	-0.125383	0.047784	-0.413077	-1.245309	-1.638652	10.045116	-0.343769	-0.222086
-0.039225	-0.025213	-0.073230	-0.227389	-0.033362	0.026104	1.011205	-0.056279	-0.166026	-1.259455	0.069130	0.053772	-5.771750	-1.238964	-1.603649	2.066875	-0.152405	0.070329	-1.259898	-1.008394	-1.349906	10.763024	-0.324598	-0.205600
-0.089911	-0.034935	-0.088365	-0.217544	-0.035134	0.027062	0.990805	-0.063510	-0.176643	-1.146688	0.066152	0.051922	-5.068624	-0.972232	-1.513489	0.984555	-0.177212	0.095812	-2.039978	-0.723093	-1.061669	11.276713	-0.297797	-0.185030
-0.132839	-0.041512	-0.101606	-0.220215	-0.037114	0.028280	0.963504	-0.067574	-0.184539	-1.031047	0.063502	0.050303	-4.292833	-0.657626	-1.324102	-0.267104	-0.198016	0.121795	-2.730153	-0.406465	-0.789636	11.564114	-0.265040	-0.161900
-0.167554	-0.044653	-0.112070	-0.236649	-0.039248	0.029737	0.930461	-0.068341	-0.190024	-0.915004	0.061220	0.048926	-3.471416	-0.314166	-1.046401	-1.643395	-0.213369	0.145653	-3.304297	-0.076729	-0.548481	11.604252	-0.228188	-0.137699
-0.193879	-0.044289	-0.119127	-0.267555	-0.041474	0.031388	0.893089	-0.065865	-0.193534	-0.801199	0.059328	0.047788	-2.632540	0.036384	-0.705736	-3.090608	-0.222601	0.165166	-3.737194	0.247608	-0.350984	11.380459	-0.189193	-0.113760
-0.211905	-0.040588	-0.122505	-0.313059	-0.043734	0.033177	0.853004	-0.060387	-0.195605	-0.692352	0.057828	0.046878	-1.802562	0.370135	-0.337789	-4.550439	-0.226058	0.178910	-4.008518	0.547862	-0.207153	10.884703	-0.149976	-0.091072
-0.221920	-0.033978	-0.122350	-0.372721	-0.045984	0.035041	0.811943	-0.052332	-0.196843	-0.591136	0.056705	0.046176	-1.001542	0.660967	0.015534	-5.966183	-0.224985	0.186391	-4.106031	0.805444	-0.123760	10.121679	-0.112315	-0.070156
-0.224326	-0.025165	-0.119225	-0.445601	-0.048195	0.036921	0.771662	-0.042306	-0.197881	-0.500020	0.055928	0.045665	-0.240615	0.881359	0.312507	-7.288041	-0.221123	0.187963	-4.028107	1.002665	-0.103838	9.111526	-0.077748	-0.051063
-0.219549	-0.015112	-0.114030	-0.530364	-0.050357	0.038766	0.733810	-0.031069	-0.199334	-0.421119	0.055453	0.045330	0.477678	1.005258	0.519474	-8.476272	-0.216170	0.184510	-3.785242	1.123642	-0.145220	7.890174	-0.047479	-0.033547
-0.207978	-0.004986	-0.107860	-0.625385	-0.052470	0.040536	0.699816	-0.019515	-0.201719	-0.356050	0.055230	0.045157	1.157164	1.012610	0.617015	-9.502075	-0.211351	0.177050	-3.399418	1.155462	-0.238575	6.506832	-0.022310	-0.017316
-0.189922	0.003955	-0.101834	-0.728853	-0.054542	0.042201	0.670802	-0.008611	-0.205390	-0.305853	0.055204	0.045135	1.805603	0.894103	0.602541	-10.346809	-0.207200	0.166442	-2.901320	1.090365	-0.367098	5.019744	-0.002631	-0.002161
-0.165592	0.010497	-0.096944	-0.838857	-0.056578	0.043734	0.647535	0.000670	-0.210474	-0.270934	0.055318	0.045256	2.432959	0.654243	0.489078	-11.000407	-0.203572	0.153261	-2.326738	0.928099	-0.508336	3.491870	0.011489	0.012097
-0.135091	0.013614	-0.093935	-0.953451	-0.058577	0.045112	0.630405	0.007433	-0.216832	-0.251069	0.055520	0.045512	3.050155	0.311631	0.300831	-11.459436	-0.199836	0.137828	-1.713051	0.676279	-0.635809	1.986530	0.020166	0.025633
-0.098413	0.012582	-0.093260	-1.070701	-0.060528	0.046315	0.619442	0.010923	-0.224035	-0.245442	0.055755	0.045896	3.667722	-0.103165	0.067497	-11.724929	-0.195170	0.120316	-1.096258	0.348986	-0.720300	0.562678	0.023529	0.038393
-0.055472	0.007073	-0.095060	-1.188703	-0.062416	0.047324	0.614349	0.010583	-0.231370	-0.252732	0.055971	0.046394	4.294123	-0.550927	-0.179986	-11.800228	-0.188808	0.100879	-0.509279	-0.033923	-0.733549	-0.728974	0.021564	0.049767
-0.006133	-0.002804	-0.099178	-1.305596	-0.064218	0.048121	0.614527	0.006126	-0.237925	-0.271201	0.056111	0.046979	4.933902	-0.987718	-0.411805	-11.689314	-0.180135	0.079729	0.017740	-0.445741	-0.655502	-1.846936	0.014013	0.058497
0.049722	-0.016504	-0.105193	-1.419555	-0.065904	0.048692	0.619077	-0.002386	-0.242764	-0.298766	0.056117	0.047609	5.585562	-1.369984	-0.601442	-11.395937	-0.168686	0.057095	0.455024	-0.851229	-0.483902	-2.756498	0.000540	0.062971
0.112114	-0.033108	-0.112471	-1.528791	-0.067446	0.049023	0.626777	-0.014464	-0.245165	-0.333028	0.055928	0.048226	6.239108	-1.660413	-0.727870	-10.923502	-0.154105	0.033128	0.769989	-1.207727	-0.240031	-3.426213	-0.018823	0.061754
0.180854	-0.051434	-0.120233	-1.631546	-0.068807	0.049102	0.636036	-0.029195	-0.244772	-0.371302	0.055497	0.048768	6.874068	-1.832546	-0.776142	-10.275536	-0.136149	0.007872	0.925922	-1.473158	0.039302	-3.827328	-0.043161	0.054168
0.255446	-0.070162	-0.127600	-1.726112	-0.069954	0.048916	0.644891	-0.045376	-0.241568	-0.410684	0.054793	0.049176	7.459154	-1.872765	-0.736753	-9.456641	-0.114736	-0.018643	0.885543	-1.618064	0.320392	-3.938253	-0.070412	0.040834
0.334988	-0.087963	-0.133662	-1.810852	-0.070854	0.048452	0.651103	-0.061699	-0.235733	-0.448217	0.053817	0.049414	7.954178	-1.780173	-0.606127	-8.473995	-0.089939	-0.046324	0.621121	-1.632308	0.583492	-3.753324	-0.097526	0.023770
0.418138	-0.103620	-0.137547	-1.884242	-0.071473	0.047702	0.652381	-0.076928	-0.227560	-0.481137	0.052607	0.049471	8.314997	-1.565672	-0.388501	-7.338976	-0.061908	-0.075017	0.127848	-1.522900	0.817313	-3.291916	-0.121043	0.005654
0.503157	-0.116127	-0.138517	-1.944922	-0.071782	0.046658	0.646697	-0.090005	-0.217478	-0.507143	0.051228	0.049357	8.501988	-1.250723	-0.097009	-6.068013	-0.030873	-0.104448	-0.568359	-1.307727	1.008142	-2.600613	-0.137891	-0.011335
0.588051	-0.124778	-0.136038	-1.991745	-0.071754	0.045317	0.632553	-0.100114	-0.206102	-0.524595	0.049768	0.049096	8.489312	-0.865087	0.247861	-4.682325	0.002713	-0.134027	-1.414449	-1.010889	1.137567	-1.745240	-0.145979	-0.026120
0.670751	-0.129212	-0.129815	-2.023818	-0.071374	0.043690	0.609135	-0.106730	-0.194194	-0.532582	0.048326	0.048712	8.270008	-0.443356	0.622269	-3.207220	0.038078	-0.162756	-2.341827	-0.661619	1.190867	-0.798720	-0.144211	-0.038446
0.749302	-0.129422	-0.119791	-2.040530	-0.070632	0.041796	0.576349	-0.109665	-0.182538	-0.530899	0.047004	0.048230	7.855116	-0.021028	1.002474	-1.671284	0.074180	-0.189374	-3.278549	-0.293517	1.165599	0.168284	-0.132201	-0.048189
0.821986	-0.125727	-0.106136	-2.041579	-0.069534	0.039670	0.534765	-0.109077	-0.171815	-0.519977	0.045903	0.047681	7.268456	0.369507	1.365481	-0.104892	0.109801	-0.212564	-4.158396	0.058831	1.072240	1.092223	-0.110096	-0.054861
0.887379	-0.118698	-0.089247	-2.026961	-0.068098	0.037359	0.485496	-0.105433	-0.162510	-0.500799	0.045118	0.047105	6.539295	0.702935	1.688898	1.461824	0.143625	-0.231108	-4.926938	0.364424	0.930515	1.917825	-0.078518	-0.057644
0.944339	-0.109059	-0.069725	-1.996956	-0.066354	0.034919	0.430049	-0.099434	-0.154851	-0.474824	0.044732	0.046547	5.696017	0.963884	1.952157	3.000479	0.174379	-0.244020	-5.544728	0.599867	0.765965	2.597454	-0.038562	-0.055770
0.991975	-0.097586	-0.048347	-1.952107	-0.064344	0.032412	0.370171	-0.091915	-0.148790	-0.443910	0.044814	0.046059	4.763524	1.147280	2.137780	4.484978	0.201002	-0.250690	-5.987768	0.751919	0.606018	3.091422	0.008210	-0.048787
1.029615	-0.085025	-0.026033	-1.893192	-0.062116	0.029903	0.307705	-0.083740	-0.144041	-0.410208	0.045413	0.045694	3.764057	1.256058	2.231406	5.891446	0.222742	-0.250960	-6.246564	0.817462	0.474988	3.370264	0.059820	-0.036542
1.056808	-0.072047	-0.003813	-1.821213	-0.059725	0.027452	0.244464	-0.075724	-0.140142	-0.376037	0.046553	0.045503	2.719306	1.297786	2.222048	7.197914	0.239158	-0.245105	-6.324122	0.801620	0.389900	3.417011	0.114008	-0.019061
1.073332	-0.059226	0.017225	-1.737373	-0.057224	0.025114	0.182144	-0.068568	-0.136549	-0.343768	0.048237	0.045538	1.652401	1.282142	2.103764	8.383963	0.250092	-0.233729	-6.231963	0.715647	0.359298	3.226951	0.168382	0.003473
1.079223	-0.047026	0.035999	-1.643069	-0.054667	0.022938	0.122295	-0.062812	-0.132703	-0.315720	0.050442	0.045843	0.589041	1.219987	1.877458	9.430401	0.255642	-0.217650	-5.984928	0.575583	0.384525	2.804788	0.220542	0.030511
1.074794	-0.035796	0.051518	-1.539880	-0.052106	0.020960	0.066318	-0.058798	-0.128106	-0.294102	0.053123	0.046451	-0.442838	1.123048	1.551888	10.318915	0.256109	-0.197779	-5.597725	0.401355	0.459773	2.161779	0.268081	0.060833
1.060647	-0.025765	0.062961	-1.429565	-0.049587	0.019210	0.015462	-0.056649	-0.122396	-0.280949	0.056209	0.047376	-1.414787	1.003051	1.144249	11.031525	0.251922	-0.175038	-5.085562	0.214977	0.570972	1.315365	0.308604	0.092468
1.037646	-0.017060	0.069762	-1.314065	-0.047151	0.017706	-0.029214	-0.056274	-0.115404	-0.278041	0.059610	0.048606	-2.300072	0.870502	0.680090	11.549951	0.243591	-0.150336	-4.467589	0.037402	0.699192	0.290796	0.340073	0.123010
1.006894	-0.009722	0.071680	-1.195511	-0.044834	0.016461	-0.066909	-0.057420	-0.107125	-0.286815	0.063223	0.050107	-3.075173	0.733849	0.191820	11.855394	0.231696	-0.124578	-3.769562	-0.114536	0.827913	-0.877426	0.361348	0.150130
0.969693	-0.003730	0.068837	-1.076217	-0.042665	0.015474	-0.097140	-0.059718	-0.097661	-0.308272	0.066948	0.051828	-3.720085	0.599131	-0.284247	11.929482	0.216886	-0.098638	-3.023044	-0.229800	0.946406	-2.145702	0.372527	0.172113
0.927514	0.000971	0.061719	-0.958651	-0.040667	0.014741	-0.119750	-0.062751	-0.087186	-0.342908	0.070698	0.053711	-4.217920	0.470162	-0.711798	11.756520	0.199859	-0.073293	-2.261042	-0.303359	1.047500	-3.463637	0.374968	0.188282
0.881969	0.004466	0.051136	-0.845387	-0.038854	0.014249	-0.134871	-0.066100	-0.075933	-0.390690	0.074408	0.055702	-4.554518	0.349491	-1.058333	11.326398	0.181315	-0.049176	-1.512079	-0.334828	1.125252	-4.778202	0.371009	0.199109
0.834781	0.006868	0.038155	-0.739012	-0.037235	0.013981	-0.142820	-0.069357	-0.064177	-0.451077	0.078042	0.057762	-4.718774	0.240142	-1.298145	10.637552	0.161897	-0.026846	-0.794933	-0.325681	1.175585	-6.038625	0.363416	0.205983
0.787738	0.008345	0.024005	-0.642014	-0.035813	0.013912	-0.143978	-0.072120	-0.052197	-0.523083	0.081589	0.059870	-4.704284	0.147741	-1.414953	9.699784	0.142133	-0.006901	-0.115771	-0.276315	1.198012	-7.200641	0.354707	0.210770
0.742617	0.009167	0.009958	-0.556649	-0.034589	0.014012	-0.138665	-0.073965	-0.040235	-0.605375	0.085055	0.062022	-4.512121	0.082168	-1.404711	8.536512	0.122410	0.009964	0.531267	-0.184508	1.196240	-8.229199	0.346619	0.215211
0.701081	0.009736	-0.002818	-0.484791	-0.033559	0.014242	-0.127062	-0.074428	-0.028467	-0.696368	0.088453	0.064225	-4.153565	0.056955	-1.277574	7.185797	0.103046	0.023057	1.160285	-0.046310	1.176796	-9.099335	0.339793	0.220302
0.664568	0.010585	-0.013381	-0.427792	-0.032714	0.014562	-0.109179	-0.073021	-0.017006	-0.794323	0.091791	0.066484	-3.651292	0.084845	-1.056351	5.699905	0.084457	0.032025	1.788364	0.140655	1.146048	-9.795436	0.333747	0.225898
0.634188	0.012295	-0.021087	-0.386363	-0.032041	0.014935	-0.084868	-0.069291	-0.005930	-0.897417	0.095062	0.068791	-3.038094	0.171052	-0.770599	4.142897	0.067281	0.037265	2.431054	0.373013	1.107615	-10.309450	0.327088	0.230738
0.610653	0.015385	-0.025592	-0.360507	-0.031518	0.015335	-0.053873	-0.062904	0.004685	-1.003803	0.098241	0.071120	-2.353413	0.308963	-0.450486	2.585588	0.052326	0.039973	3.099534	0.638710	1.061484	-10.638563	0.317920	0.232854
0.594260	0.020197	-0.026842	-0.349521	-0.031114	0.015751	-0.015884	-0.053739	0.014729	-1.111631	0.101284	0.073421	-1.639309	0.481188	-0.124958	1.098590	0.040408	0.041609	3.798876	0.916550	1.004487	-10.782820	0.304283	0.230147
0.584881	0.026837	-0.025069	-0.352060	-0.030792	0.016182	0.029384	-0.041956	0.024044	-1.219064	0.104129	0.075630	-0.937924	0.664069	0.177289	-0.253888	0.032176	0.043124	4.526778	1.178226	0.931462	-10.743297	0.284479	0.220840
0.581962	0.035159	-0.020781	-0.366227	-0.030512	0.016627	0.082109	-0.028032	0.032410	-1.324276	0.106701	0.077667	-0.291872	0.832131	0.428746	-1.416661	0.027998	0.044523	5.272513	1.392439	0.836586	-10.521166	0.257244	0.203718
0.584488	0.044770	-0.014708	-0.389647	-0.030233	0.017078	0.142267	-0.012728	0.039552	-1.425451	0.108919	0.079449	0.252561	0.961161	0.607329	-2.342021	0.027922	0.045043	6.015790	1.530376	0.714248	-10.117506	0.221844	0.178207
0.590916	0.055077	-0.007707	-0.419521	-0.029917	0.017516	0.209527	0.002981	0.045144	-1.520788	0.110701	0.080893	0.642806	1.030665	0.700136	-2.987443	0.031635	0.043803	6.726079	1.570887	0.559125	-9.533733	0.178182	0.144399
0.599154	0.065342	-0.000680	-0.452700	-0.029533	0.017922	0.283165	0.018015	0.048808	-1.608515	0.111970	0.081924	0.823779	1.026470	0.702724	-3.317885	0.038374	0.040584	7.363795	1.503422	0.366484	-8.772661	0.126874	0.103061
0.606654	0.074766	0.005493	-0.485845	-0.029065	0.018285	0.362002	0.031297	0.050149	-1.686916	0.112662	0.082480	0.750019	0.942415	0.617293	-3.314484	0.046802	0.036337	7.883684	1.328258	0.134042	-7.840137	0.069214	0.055611
0.610660	0.082565	0.010053	-0.515697	-0.028514	0.018613	0.444399	0.041852	0.048792	-1.754386	0.112732	0.082519	0.400554	0.779949	0.455941	-2.985224	0.055072	0.032830	8.239655	1.055425	-0.135672	-6.747012	0.006972	0.003969
0.608544	0.088031	0.012508	-0.539400	-0.027902	0.018928	0.528316	0.048887	0.044445	-1.809494	0.112153	0.082022	-0.211525	0.546519	0.245544	-2.370268	0.061266	0.031483	8.391745	0.703536	-0.434691	-5.510765	-0.057891	-0.049704
0.598164	0.090573	0.012762	-0.554774	-0.027262	0.019252	0.611479	0.051870	0.036937	-1.851053	0.110918	0.080990	-1.037986	0.254243	0.025412	-1.537376	0.063972	0.032390	8.316277	0.298309	-0.750850	-4.155929	-0.123454	-0.103272
0.578141	0.089772	0.011125	-0.560470	-0.026637	0.019596	0.691625	0.050574	0.026244	-1.878180	0.109039	0.079443	-2.002296	-0.080051	-0.163721	-0.569673	0.062518	0.034437	8.014605	-0.129585	-1.069243	-2.712723	-0.187918	-0.154708
0.548005	0.085434	0.008196	-0.555994	-0.026069	0.019959	0.766745	0.045101	0.012513	-1.890321	0.106544	0.077422	-3.013673	-0.433886	-0.292953	0.447617	0.056782	0.036221	7.512043	-0.547378	-1.373100	-1.214070	-0.249565	-0.202055
0.508158	0.077632	0.004662	-0.541630	-0.025599	0.020327	0.835212	0.035860	-0.003937	-1.887243	0.103477	0.074988	-3.984691	-0.780176	-0.353370	1.436419	0.046942	0.036879	6.846621	-0.924105	-1.644987	0.307820	-0.306642	-0.243371
0.459709	0.066715	0.001095	-0.518331	-0.025266	0.020691	0.895780	0.023508	-0.022628	-1.869006	0.099904	0.072220	-4.844897	-1.091655	-0.356689	2.329923	0.033384	0.036324	6.056841	-1.235125	-1.869191	1.823684	-0.357308	-0.276818
0.404249	0.053254	-0.002211	-0.487600	-0.025099	0.021041	0.947531	0.008853	-0.042969	-1.835928	0.095906	0.069211	-5.546024	-1.346167	-0.330601	3.073069	0.016660	0.035022	5.175126	-1.465573	-2.034026	3.307760	-0.399804	-0.300890
0.343640	0.037955	-0.005321	-0.451380	-0.025125	0.021377	0.989797	-0.007259	-0.064290	-1.788555	0.091579	0.066064	-6.060882	-1.529888	-0.310995	3.621989	-0.002589	0.033648	4.226608	-1.611171	-2.132128	4.737331	-0.432746	-0.314689
0.279837	0.021580	-0.008647	-0.411936	-0.025362	0.021706	1.022102	-0.024019	-0.085883	-1.727636	0.087025	0.062883	-6.380235	-1.637465	-0.332627	3.944412	-0.023703	0.032897	3.230434	-1.676012	-2.159266	6.091892	-0.455315	-0.318104
0.214739	0.004882	-0.012843	-0.371725	-0.025822	0.022041	1.044121	-0.040705	-0.107019	-1.654115	0.082353	0.059765	-6.509853	-1.669777	-0.419625	4.021062	-0.045978	0.033455	2.201971	-1.668550	-2.113649	7.352083	-0.467245	-0.311829
0.150073	-0.011427	-0.018610	-0.333265	-0.026507	0.022401	1.055681	-0.056684	-0.126979	-1.569131	0.077666	0.056793	-6.466605	-1.630936	-0.576667	3.846065	-0.068556	0.035964	1.155996	-1.597900	-1.995969	8.498455	-0.468738	-0.297242
0.087352	-0.026685	-0.026449	-0.299018	-0.027411	0.022809	1.056791	-0.071401	-0.145073	-1.474027	0.073061	0.054031	-6.272114	-1.525746	-0.783877	3.424691	-0.090342	0.040814	0.110913	-1.471734	-1.809442	9.510322	-0.460414	-0.276195
0.027893	-0.040268	-0.036447	-0.271318	-0.028512	0.023288	1.047713	-0.084361	-0.160673	-1.370375	0.068629	0.051523	-5.945834	-1.358335	-0.999769	2.769980	-0.110109	0.047972	-0.907717	-1.296007	-1.560022	10.365250	-0.443259	-0.250716
-0.027122	-0.051593	-0.048173	-0.252309	-0.029779	0.023858	1.029046	-0.095123	-0.173247	-1.259980	0.064444	0.049296	-5.501511	-1.132468	-1.172659	1.900902	-0.126692	0.056990	-1.866782	-1.076198	-1.257395	11.039496	-0.418534	-0.222711
-0.076607	-0.060127	-0.060742	-0.243886	-0.031170	0.024528	1.001756	-0.103315	-0.182408	-1.144889	0.060567	0.047359	-4.948494	-0.853442	-1.256874	0.842276	-0.139119	0.066988	-2.728943	-0.819192	-0.916030	11.509150	-0.387627	-0.193762
-0.119570	-0.065435	-0.073021	-0.247629	-0.032637	0.025295	0.967179	-0.108663	-0.187958	-1.027374	0.057048	0.045708	-4.296337	-0.530801	-1.227868	-0.374226	-0.146714	0.076669	-3.457737	-0.534783	-0.555067	11.751462	-0.351963	-0.165067
-0.155171	-0.067240	-0.083906	-0.264714	-0.034130	0.026141	0.926957	-0.111027	-0.189929	-0.909911	0.053918	0.044333	-3.560078	-0.180474	-1.088521	-1.708492	-0.149338	0.084643	-4.022172	-0.236439	-0.197042	11.746314	-0.312946	-0.137496
-0.182805	-0.065490	-0.092549	-0.295828	-0.035607	0.027041	0.882957	-0.110440	-0.188592	-0.795127	0.051199	0.043216	-2.763379	0.175008	-0.864324	-3.111429	-0.147669	0.089956	-4.400047	0.058727	0.133719	11.478405	-0.271921	-0.111665
-0.202176	-0.060409	-0.098489	-0.341102	-0.037040	0.027965	0.837157	-0.107130	-0.184463	-0.685723	0.048898	0.042337	-1.937117	0.508097	-0.593955	-4.527379	-0.143285	0.092439	-4.579934	0.331031	0.412887	10.940376	-0.230122	-0.087902
-0.213308	-0.052525	-0.101703	-0.400100	-0.038424	0.028892	0.791540	-0.101526	-0.178281	-0.584360	0.047011	0.041676	-1.113209	0.788381	-0.321462	-5.899852	-0.138403	0.092706	-4.561774	0.560340	0.618184	10.136343	-0.188650	-0.066148
-0.216475	-0.042672	-0.102604	-0.471885	-0.039777	0.029811	0.747975	-0.094241	-0.170963	-0.493512	0.045527	0.041217	-0.316682	0.985260	-0.090032	-7.178532	-0.135342	0.091843	-4.356407	0.728555	0.731792	9.084792	-0.148450	-0.045941
-0.212081	-0.031949	-0.101953	-0.555127	-0.041137	0.030720	0.708132	-0.086027	-0.163524	-0.415317	0.044424	0.040951	0.439405	1.072281	0.065074	-8.324158	-0.135933	0.090953	-3.984329	0.821349	0.743867	7.819415	-0.110280	-0.026593
-0.200541	-0.021622	-0.100717	-0.648222	-0.042548	0.031628	0.673397	-0.077739	-0.156956	-0.351446	0.043677	0.040876	1.153933	1.032751	0.123593	-9.309451	-0.141102	0.090765	-3.473534	0.828835	0.656807	6.387136	-0.074683	-0.007490
-0.182198	-0.012982	-0.099881	-0.749396	-0.044055	0.032542	0.644827	-0.070272	-0.152089	-0.303000	0.043257	0.040992	1.834375	0.864020	0.083547	-10.117404	-0.150732	0.091453	-2.857031	0.746659	0.486683	4.844619	-0.042040	0.011678
-0.157268	-0.007196	-0.100286	-0.856786	-0.045693	0.033469	0.623115	-0.064489	-0.149494	-0.270449	0.043129	0.041302	2.492933	0.578532	-0.040484	-10.739010	-0.163785	0.092646	-2.171196	0.578360	0.259555	3.255135	-0.012732	0.030913
-0.125837	-0.005175	-0.102504	-0.968496	-0.047479	0.034405	0.608565	-0.061122	-0.149427	-0.253593	0.043256	0.041801	3.143109	0.202137	-0.221768	-11.171075	-0.178578	0.093569	-1.454968	0.336672	0.006650	1.685593	0.012706	0.049968
-0.087870	-0.007464	-0.106770	-1.082637	-0.049410	0.035337	0.601078	-0.060709	-0.151796	-0.251568	0.043592	0.042484	3.796672	-0.228910	-0.426574	-11.414053	-0.193108	0.093250	-0.748691	0.041337	-0.236841	0.202429	0.033542	0.068259
-0.043256	-0.014181	-0.112962	-1.197339	-0.051463	0.036244	0.600153	-0.063554	-0.156120	-0.262897	0.044081	0.043331	4.461397	-0.671673	-0.619262	-11.470187	-0.205361	0.090717	-0.092476	-0.284483	-0.432434	-1.132899	0.048929	0.084681
0.008137	-0.024995	-0.120631	-1.310761	-0.053599	0.037096	0.604896	-0.069702	-0.161578	-0.285560	0.044662	0.044307	5.139391	-1.081396	-0.766831	-11.342261	-0.213592	0.085141	0.474255	-0.614837	-0.545805	-2.266250	0.058075	0.097655
0.066389	-0.039166	-0.129055	-1.421091	-0.055764	0.037855	0.614009	-0.078892	-0.167173	-0.317063	0.045267	0.045363	5.825149	-1.417139	-0.842438	-11.032928	-0.216474	0.075896	0.911308	-0.918990	-0.559512	-3.150312	0.060558	0.105610
0.131422	-0.055633	-0.137327	-1.526536	-0.057895	0.038480	0.625778	-0.090521	-0.171957	-0.354509	0.045835	0.046440	6.503304	-1.646719	-0.827246	-10.544504	-0.213105	0.062581	1.176943	-1.162947	-0.478351	-3.744609	0.056748	0.107664
0.202895	-0.073135	-0.144440	-1.625329	-0.059925	0.038931	0.638095	-0.103695	-0.175166	-0.394709	0.046315	0.047480	7.147312	-1.750149	-0.711265	-9.879376	-0.202972	0.045045	1.231671	-1.317414	-0.320900	-4.020022	0.048033	0.104041
0.280097	-0.090346	-0.149389	-1.715743	-0.061784	0.039165	0.648572	-0.117354	-0.176252	-0.434384	0.046682	0.048440	7.720189	-1.721099	-0.494935	-9.041367	-0.185942	0.023385	1.047694	-1.365826	-0.108654	-3.967511	0.036655	0.095962
0.361877	-0.106004	-0.151301	-1.796121	-0.063406	0.039143	0.654773	-0.130407	-0.174908	-0.470442	0.046935	0.049292	8.177980	-1.565763	-0.191121	-8.037833	-0.162192	-0.002147	0.620121	-1.305354	0.134445	-3.605811	0.025288	0.085169
0.446645	-0.119005	-0.149548	-1.864935	-0.064727	0.038831	0.654505	-0.141835	-0.171142	-0.500263	0.047100	0.050025	8.476802	-1.300136	0.175308	-6.881353	-0.132119	-0.031198	-0.026842	-1.142745	0.376625	-2.982096	0.016528	0.073340
0.532472	-0.128480	-0.143828	-1.920837	-0.065691	0.038199	0.646076	-0.150750	-0.165338	-0.521902	0.047225	0.050642	8.582676	-0.947550	0.571920	-5.590243	-0.096318	-0.063226	-0.842885	-0.891523	0.580395	-2.163875	0.012473	0.061643
0.617269	-0.133847	-0.134171	-1.962718	-0.066247	0.037226	0.628461	-0.156472	-0.158194	-0.534168	0.047371	0.051149	8.479763	-0.536672	0.965728	-4.188087	-0.055625	-0.097345	-1.761520	-0.572249	0.714331	-1.226539	0.014611	0.050741
0.698996	-0.134839	-0.120875	-1.989745	-0.066358	0.035903	0.601351	-0.158597	-0.150552	-0.536599	0.047610	0.051561	8.172725	-0.099218	1.329588	-2.702630	-0.011149	-0.132250	-2.710969	-0.212445	0.764269	-0.243164	0.023874	0.041194
0.775826	-0.131512	-0.104427	-2.001384	-0.066001	0.034241	0.565125	-0.157036	-0.143196	-0.529394	0.048016	0.051899	7.682931	0.332732	1.644824	-1.163985	0.035707	-0.166254	-3.622634	0.156084	0.735596	0.720492	0.040600	0.033801
0.846233	-0.124214	-0.085434	-1.997408	-0.065169	0.032266	0.520751	-0.152021	-0.136717	-0.513327	0.048660	0.052194	7.040727	0.729847	1.899308	0.397681	0.083255	-0.197415	-4.437317	0.501502	0.647863	1.606759	0.064427	0.029500
0.909005	-0.113522	-0.064594	-1.977867	-0.063872	0.030029	0.469659	-0.144059	-0.131435	-0.489678	0.049603	0.052484	6.277222	1.069175	2.083940	1.954050	0.129620	-0.223766	-5.109293	0.796149	0.528174	2.364899	0.094349	0.028966
0.963198	-0.100152	-0.042683	-1.943073	-0.062143	0.027593	0.413577	-0.133863	-0.127364	-0.460170	0.050892	0.052807	5.419248	1.336930	2.191108	3.479400	0.172951	-0.243604	-5.608172	1.019646	0.407097	2.950803	0.128893	0.032338
1.008082	-0.084868	-0.020532	-1.893569	-0.060026	0.025035	0.354380	-0.122260	-0.124212	-0.426875	0.052555	0.053199	4.488388	1.528398	2.215178	4.950393	0.211663	-0.255723	-5.919717	1.160320	0.315250	3.329420	0.166230	0.039251
1.043105	-0.068415	0.001000	-1.830115	-0.057580	0.022440	0.293921	-0.110108	-0.121439	-0.392090	0.054597	0.053691	3.502333	1.645301	2.153143	6.345444	0.244594	-0.259568	-6.045852	1.215200	0.277310	3.478568	0.204193	0.049118
1.067877	-0.051488	0.021052	-1.753676	-0.054870	0.019887	0.233901	-0.098218	-0.118385	-0.358184	0.057001	0.054304	2.477181	1.692748	2.005239	7.643921	0.271045	-0.255264	-6.001997	1.188991	0.305358	3.390541	0.240399	0.061386
1.082179	-0.034713	0.038812	-1.665422	-0.051963	0.017452	0.175791	-0.087295	-0.114418	-0.327488	0.059726	0.055060	1.430198	1.677460	1.775944	8.825339	0.290727	-0.243520	-5.811030	1.092281	0.396745	3.069616	0.272507	0.075527
1.085999	-0.018638	0.053558	-1.566735	-0.048926	0.015197	0.120824	-0.077897	-0.109049	-0.302212	0.062710	0.055967	0.381990	1.607535	1.474592	9.868701	0.303683	-0.225462	-5.496702	0.939842	0.536865	2.527592	0.298450	0.090767
1.079569	-0.003711	0.064711	-1.459214	-0.045824	0.013173	0.070024	-0.070402	-0.102023	-0.284403	0.065875	0.057026	-0.643003	1.492705	1.115343	10.752095	0.310191	-0.202437	-5.080030	0.749440	0.702662	1.780930	0.316465	0.105863
1.063393	0.009727	0.071882	-1.344688	-0.042717	0.011415	0.024229	-0.064997	-0.093365	-0.275895	0.069125	0.058217	-1.617565	1.343842	0.717136	11.452631	0.310672	-0.175840	-4.579502	0.540484	0.865782	0.850831	0.325063	0.119116
1.038261	0.021445	0.074911	-1.225220	-0.039661	0.009945	-0.015902	-0.061677	-0.083377	-0.278246	0.072358	0.059504	-2.513191	1.171768	0.302894	11.946807	0.305618	-0.146951	-4.013047	0.332034	0.998778	-0.235146	0.323272	0.128674
1.005251	0.031307	0.073887	-1.103107	-0.036706	0.008777	-0.049895	-0.060269	-0.072542	-0.292663	0.075470	0.060835	-3.301038	0.986197	-0.102433	12.211298	0.295540	-0.116840	-3.399264	0.140840	1.083474	-1.441681	0.311191	0.133097
0.965727	0.039260	0.069150	-0.980865	-0.033896	0.007913	-0.077465	-0.060468	-0.061393	-0.319920	0.078374	0.062154	-3.952413	0.795252	-0.473740	12.224195	0.280934	-0.086372	-2.757046	-0.019949	1.114916	-2.725676	0.290387	0.131924
0.921331	0.045317	0.061278	-0.861195	-0.031274	0.007350	-0.098500	-0.061881	-0.050396	-0.360304	0.081011	0.063413	-4.439555	0.605718	-0.787207	11.966971	0.262240	-0.056282	-2.103525	-0.141282	1.099737	-4.038423	0.263762	0.125880
0.873958	0.049560	0.051053	-0.746919	-0.028876	0.007078	-0.113007	-0.064056	-0.039868	-0.413601	0.083362	0.064580	-4.737258	0.424294	-1.022419	11.427572	0.239821	-0.027235	-1.450676	-0.217490	1.052719	-5.329678	0.235015	0.116725
0.825699	0.052157	0.039402	-0.640873	-0.026736	0.007079	-0.121029	-0.066499	-0.029945	-0.479125	0.085441	0.065649	-4.825925	0.259703	-1.165111	10.604608	0.213995	0.000117	-0.802157	-0.244318	0.992348	-6.552440	0.207976	0.106916
0.778737	0.053402	0.027310	-0.545756	-0.024884	0.007329	-0.122555	-0.068667	-0.020588	-0.555795	0.087301	0.066640	-4.696255	0.124508	-1.209269	9.511705	0.185149	0.025042	-0.152596	-0.216764	0.935716	-7.667016	0.185930	0.099077
0.735196	0.053749	0.015730	-0.463951	-0.023345	0.007797	-0.117457	-0.069953	-0.011643	-0.642226	0.089011	0.067593	-4.354076	0.034764	-1.157981	8.180578	0.153877	0.046717	0.509728	-0.128638	0.894512	-8.643120	0.171020	0.095322
0.696967	0.053810	0.005502	-0.397333	-0.022134	0.008441	-0.105477	-0.069705	-0.002914	-0.736823	0.090650	0.068560	-3.822895	0.006060	-1.022780	6.661776	0.121110	0.064429	1.198014	0.024773	0.872857	-9.459682	0.163865	0.096653
0.665539	0.054279	-0.002708	-0.347106	-0.021253	0.009220	-0.086255	-0.067285	0.005756	-0.837855	0.092285	0.069587	-3.142781	0.046918	-0.820992	5.022664	0.088162	0.077948	1.922246	0.242040	0.867000	-10.103205	0.163508	0.102671
0.641881	0.055815	-0.008432	-0.313684	-0.020687	0.010098	-0.059393	-0.062168	0.014427	-0.943511	0.093962	0.070704	-2.365775	0.153543	-0.572408	3.342228	0.056606	0.087760	2.686204	0.511702	0.867141	-10.565558	0.167707	0.111710
0.626386	0.058912	-0.011415	-0.296652	-0.020407	0.011046	-0.024531	-0.054056	0.023036	-1.051928	0.095697	0.071917	-1.549578	0.309741	-0.298267	1.703223	0.028019	0.094840	3.486149	0.811194	0.860860	-10.841733	0.173489	0.121347
0.618864	0.063827	-0.011639	-0.294810	-0.020369	0.012047	0.018575	-0.042963	0.031400	-1.161209	0.097474	0.073208	-0.752194	0.491536	-0.022405	0.184141	0.003728	0.100066	4.310586	1.109345	0.836373	-10.928054	0.177786	0.129041
0.618570	0.070554	-0.009345	-0.306271	-0.020523	0.013084	0.069982	-0.029245	0.039240	-1.269423	0.099254	0.074534	-0.029390	0.672642	0.229349	-1.146118	-0.015353	0.103658	5.140712	1.371754	0.784054	-10.821415	0.177924	0.132608
0.624218	0.078830	-0.005005	-0.328568	-0.020811	0.014134	0.129491	-0.013577	0.046202	-1.374618	0.100972	0.075838	0.564863	0.827609	0.433989	-2.229616	-0.028790	0.105056	5.950958	1.566780	0.696223	-10.519522	0.171862	0.130420
0.633988	0.088158	0.000766	-0.358750	-0.021177	0.015168	0.196585	0.003124	0.051867	-1.474835	0.102555	0.077052	0.976976	0.932834	0.577109	-3.018271	-0.036645	0.103381	6.709399	1.670110	0.566424	-10.021712	0.158246	0.121450
0.645546	0.097842	0.007299	-0.393496	-0.021572	0.016150	0.270374	0.019798	0.055761	-1.568135	0.103919	0.078105	1.155787	0.968345	0.653300	-3.474527	-0.039477	0.098237	7.378900	1.667368	0.389398	-9.330007	0.136437	0.105261
0.656155	0.107055	0.013910	-0.429267	-0.021956	0.017054	0.349571	0.035346	0.057381	-1.652640	0.104984	0.078925	1.060921	0.921330	0.661133	-3.577106	-0.038371	0.090337	7.919632	1.554887	0.162072	-8.450428	0.106501	0.081993
0.662899	0.114942	0.019922	-0.462566	-0.022305	0.017867	0.432496	0.048737	0.056232	-1.726585	0.105676	0.079448	0.674399	0.788675	0.601203	-3.329886	-0.034893	0.081376	8.292495	1.339093	-0.114914	-7.394498	0.069142	0.052321
0.662994	0.120706	0.024732	-0.490245	-0.022613	0.018599	0.517134	0.059090	0.051878	-1.788390	0.105931	0.079622	0.009525	0.576373	0.480970	-2.767945	-0.030852	0.073113	8.463836	1.035279	-0.435445	-6.180543	0.025560	0.017353
0.654126	0.123675	0.027924	-0.509800	-0.022892	0.019262	0.601262	0.065750	0.044011	-1.836730	0.105704	0.079407	-0.886834	0.296904	0.319278	-1.955472	-0.027872	0.066349	8.412760	0.666015	-0.786674	-4.833976	-0.022732	-0.021510
0.634731	0.123345	0.029361	-0.519555	-0.023163	0.019869	0.682648	0.068340	0.032517	-1.870590	0.104963	0.078779	-1.939461	-0.032918	0.143628	-0.975528	-0.027076	0.060703	8.138594	0.258956	-1.149444	-3.386011	-0.074105	-0.062705
0.604164	0.119423	0.029164	-0.518726	-0.023453	0.020422	0.759269	0.066781	0.017512	-1.889300	0.103694	0.077734	-3.056751	-0.392224	-0.019692	0.082931	-0.029078	0.055254	7.662100	-0.155884	-1.500456	-1.870988	-0.126912	-0.104533
0.562701	0.111862	0.027595	-0.507373	-0.023795	0.020915	0.829450	0.061287	-0.000645	-1.892532	0.101900	0.076283	-4.146343	-0.756113	-0.156897	1.135277	-0.034127	0.049380	7.018149	-0.549372	-1.815678	-0.323173	-0.179400	-0.145135
0.511411	0.100879	0.024877	-0.486304	-0.024217	0.021347	0.891901	0.052318	-0.021387	-1.880273	0.099603	0.074458	-5.128958	-1.098307	-0.271814	2.106893	-0.042232	0.043181	6.245070	-0.896892	-2.074176	1.225848	-0.229632	-0.182526
0.451952	0.086920	0.021056	-0.456952	-0.024749	0.021721	0.945670	0.040505	-0.043993	-1.852788	0.096848	0.072310	-5.945933	-1.395880	-0.382076	2.935199	-0.053238	0.037365	5.376900	-1.181334	-2.260648	2.748510	-0.275560	-0.214767
0.386346	0.070594	0.015952	-0.421252	-0.025418	0.022050	0.990077	0.026566	-0.067651	-1.810575	0.093696	0.069908	-6.560561	-1.632660	-0.510424	3.570027	-0.066912	0.032912	4.440689	-1.393885	-2.365823	4.221303	-0.315214	-0.240149
0.316782	0.052601	0.009196	-0.381509	-0.026249	0.022358	1.024651	0.011244	-0.091507	-1.754336	0.090227	0.067335	-6.956388	-1.799303	-0.675566	3.974277	-0.083036	0.030846	3.457412	-1.532195	-2.385600	5.623884	-0.346899	-0.257384
0.245436	0.033690	0.000355	-0.340257	-0.027263	0.022681	1.049093	-0.004728	-0.114708	-1.684960	0.086533	0.064677	-7.134659	-1.891020	-0.884120	4.125192	-0.101468	0.032211	2.444222	-1.597195	-2.320107	6.937654	-0.369354	-0.265790
0.174331	0.014639	-0.010888	-0.300112	-0.028484	0.023061	1.063263	-0.020635	-0.136438	-1.603517	0.082714	0.062022	-7.110441	-1.905096	-1.124290	4.014542	-0.122050	0.038036	1.417025	-1.590681	-2.172984	8.144238	-0.381894	-0.265414
0.105265	-0.003756	-0.024529	-0.263649	-0.029928	0.023551	1.067195	-0.035783	-0.155944	-1.511274	0.078869	0.059452	-6.906644	-1.839509	-1.364105	3.646245	-0.144361	0.049057	0.393194	-1.514838	-1.950624	9.224293	-0.384512	-0.257057
0.039792	-0.020687	-0.040110	-0.233323	-0.031603	0.024205	1.061132	-0.049517	-0.172563	-1.409704	0.075090	0.057031	-6.547285	-1.693090	-1.558104	3.032586	-0.167545	0.065369	-0.606270	-1.373417	-1.661865	10.156987	-0.377863	-0.242136
-0.020738	-0.035360	-0.056719	-0.211408	-0.033506	0.025068	1.045572	-0.061253	-0.185751	-1.300503	0.071459	0.054806	-6.052975	-1.467375	-1.660935	2.191560	-0.190319	0.086243	-1.556082	-1.173557	-1.318769	10.920093	-0.363125	-0.222441
-0.075147	-0.047053	-0.073126	-0.199941	-0.035617	0.026168	1.021294	-0.070522	-0.195127	-1.185600	0.068041	0.052807	-5.440871	-1.169228	-1.640609	1.146687	-0.211046	0.110073	-2.427727	-0.926929	-0.937615	11.490393	-0.341787	-0.199869
-0.122431	-0.055179	-0.087990	-0.200652	-0.037895	0.027513	0.989377	-0.077016	-0.200513	-1.067156	0.064887	0.051045	-4.728484	-0.812619	-1.486459	-0.071130	-0.227875	0.134483	-3.191764	-0.649441	-0.538630	11.844381	-0.315472	-0.176231
-0.161813	-0.059364	-0.100100	-0.214867	-0.040286	0.029081	0.951169	-0.080614	-0.201958	-0.947559	0.062029	0.049514	-3.938122	-0.418510	-1.210991	-1.421458	-0.239104	0.156747	-3.820729	-0.359807	-0.144476	11.959685	-0.285787	-0.153108
-0.192797	-0.059497	-0.108566	-0.243408	-0.042724	0.030825	0.908252	-0.081392	-0.199744	-0.829383	0.059487	0.048197	-3.098452	-0.013256	-0.846578	-2.854129	-0.243715	0.174432	-4.291726	-0.077752	0.221410	11.817567	-0.254196	-0.131700
-0.215211	-0.055764	-0.112965	-0.286533	-0.045141	0.032684	0.862371	-0.079615	-0.194383	-0.715320	0.057267	0.047071	-2.241396	0.373261	-0.439888	-4.312525	-0.241766	0.185937	-4.588120	0.177687	0.536069	11.406292	-0.221929	-0.112634
-0.229170	-0.048672	-0.113415	-0.343929	-0.047485	0.034592	0.815365	-0.075721	-0.186602	-0.608073	0.055368	0.046112	-1.395902	0.709193	-0.045026	-5.739532	-0.234415	0.190739	-4.700586	0.389392	0.778150	10.724740	-0.189965	-0.095854
-0.234994	-0.039044	-0.110556	-0.414763	-0.049721	0.036485	0.769082	-0.070294	-0.177306	-0.510219	0.053778	0.045305	-0.582373	0.962790	0.285925	-7.083485	-0.223594	0.189343	-4.628339	0.542728	0.929602	9.785429	-0.159030	-0.080693
-0.233099	-0.027986	-0.105424	-0.497784	-0.051836	0.038315	0.725277	-0.064037	-0.167519	-0.424060	0.052481	0.044644	0.189517	1.105824	0.513182	-8.302057	-0.211473	0.182979	-4.380431	0.625701	0.978673	8.615891	-0.129610	-0.066118
-0.223902	-0.016805	-0.099265	-0.591422	-0.053835	0.040046	0.685520	-0.057742	-0.158283	-0.351484	0.051461	0.044134	0.919716	1.118074	0.615890	-9.363766	-0.199907	0.173118	-3.975726	0.629469	0.923544	7.257523	-0.101995	-0.051054
-0.207751	-0.006890	-0.093333	-0.693898	-0.055736	0.041656	0.651110	-0.052245	-0.150541	-0.293860	0.050698	0.043787	1.615029	0.991531	0.593168	-10.247641	-0.190062	0.161030	-3.441063	0.549755	0.774251	5.762417	-0.076373	-0.034691
-0.184890	0.000439	-0.088723	-0.803316	-0.057558	0.043132	0.623023	-0.048358	-0.145023	-0.251964	0.050168	0.043620	2.286139	0.732904	0.461059	-10.941783	-0.182274	0.147536	-2.808696	0.388645	0.551790	4.189617	-0.053007	-0.016701
-0.155439	0.004076	-0.086247	-0.917730	-0.059320	0.044462	0.601882	-0.046806	-0.142160	-0.225949	0.049844	0.043646	2.945126	0.363682	0.247606	-11.441363	-0.176131	0.132980	-2.114014	0.155217	0.286337	2.601494	-0.032401	0.002652
-0.119404	0.003257	-0.086373	-1.035193	-0.061027	0.045636	0.587947	-0.048160	-0.142003	-0.215350	0.049690	0.043871	3.603435	-0.081953	-0.012651	-11.746373	-0.170753	0.117408	-1.393586	-0.135444	0.015702	1.059931	-0.015359	0.022462
-0.076704	-0.002349	-0.089210	-1.153788	-0.062679	0.046643	0.581109	-0.052790	-0.144188	-0.219122	0.049661	0.044283	4.270045	-0.560598	-0.283682	-11.859468	-0.165166	0.100777	-0.683769	-0.462986	-0.218535	-0.377212	-0.002928	0.041209
-0.027207	-0.012590	-0.094524	-1.271631	-0.064265	0.047474	0.580902	-0.060802	-0.147979	-0.235701	0.049698	0.044852	4.949688	-1.024096	-0.531380	-11.784336	-0.158555	0.083084	-0.020726	-0.801145	-0.379090	-1.657905	0.003730	0.056957
0.029201	-0.026842	-0.101781	-1.386879	-0.065768	0.048118	0.586477	-0.071972	-0.152414	-0.263053	0.049734	0.045530	5.640784	-1.425178	-0.725730	-11.524787	-0.150335	0.064358	0.557545	-1.117000	-0.443528	-2.735225	0.003617	0.067780
0.092530	-0.044077	-0.110207	-1.497723	-0.067169	0.048564	0.596562	-0.085697	-0.156532	-0.298710	0.049698	0.046253	6.332894	-1.723505	-0.842630	-11.084431	-0.140111	0.044593	1.008451	-1.372551	-0.411744	-3.565722	-0.003621	0.072316
0.162575	-0.062980	-0.118858	-1.602391	-0.068445	0.048801	0.609410	-0.101013	-0.159547	-0.339817	0.049526	0.046955	7.004471	-1.890249	-0.865075	-10.466797	-0.127599	0.023730	1.284862	-1.531539	-0.301538	-4.110620	-0.017223	0.070178
0.238797	-0.082086	-0.126698	-1.699151	-0.069571	0.048818	0.622822	-0.116714	-0.160880	-0.383237	0.049174	0.047576	7.622214	-1.910639	-0.784020	-9.676005	-0.112613	0.001721	1.341191	-1.570130	-0.133256	-4.342063	-0.035171	0.062104
0.320226	-0.099935	-0.132699	-1.786334	-0.070522	0.048604	0.634275	-0.131544	-0.160090	-0.425764	0.048629	0.048074	8.142908	-1.784845	-0.600084	-8.718241	-0.095050	-0.021416	1.145290	-1.482985	0.078908	-4.252625	-0.054468	0.049827
0.405413	-0.115203	-0.135953	-1.862371	-0.071270	0.048148	0.641190	-0.144341	-0.156900	-0.464395	0.047912	0.048430	8.518691	-1.526847	-0.325425	-7.603730	-0.074861	-0.045645	0.691481	-1.279669	0.319093	-3.863108	-0.071758	0.035585
0.492479	-0.126817	-0.135785	-1.925853	-0.071791	0.047439	0.641263	-0.154114	-0.151300	-0.496622	0.047072	0.048644	8.706605	-1.161382	0.016884	-6.348186	-0.052047	-0.070913	0.007298	-0.977372	0.559976	-3.222699	-0.084026	0.021376
0.579279	-0.134023	-0.131810	-1.975585	-0.072058	0.046468	0.632763	-0.160096	-0.143627	-0.520621	0.046182	0.048729	8.680009	-0.720654	0.397466	-4.973176	-0.026711	-0.097021	-0.849998	-0.598205	0.767279	-2.399972	-0.089004	0.008465
0.663635	-0.136443	-0.123937	-2.010640	-0.072049	0.045233	0.614718	-0.161806	-0.134490	-0.535322	0.045330	0.048704	8.435625	-0.241996	0.787273	-3.505507	0.000917	-0.123494	-1.804439	-0.170930	0.913692	-1.470054	-0.085164	-0.002479
0.743555	-0.134095	-0.112318	-2.030396	-0.071744	0.043738	0.586970	-0.159113	-0.124618	-0.540365	0.044614	0.048596	7.991969	0.234806	1.161929	-1.975641	0.030456	-0.149583	-2.774803	0.269209	0.987206	-0.504359	-0.071625	-0.010836
0.817364	-0.127373	-0.097302	-2.034547	-0.071131	0.041994	0.550105	-0.152265	-0.114716	-0.536022	0.044132	0.048439	7.380887	0.672190	1.501579	-0.415057	0.061303	-0.174322	-3.686562	0.684843	0.990157	0.434379	-0.048161	-0.015687
0.883735	-0.116969	-0.079412	-2.023081	-0.070205	0.040029	0.505301	-0.141845	-0.105361	-0.523096	0.043981	0.048279	6.637140	1.040452	1.789018	1.146556	0.092569	-0.196567	-4.480371	1.042027	0.935497	1.292561	-0.015147	-0.016008
0.941641	-0.103755	-0.059315	-1.996253	-0.068974	0.037878	0.454136	-0.128699	-0.096926	-0.502850	0.044246	0.048168	5.790608	1.321396	2.009654	2.682824	0.123143	-0.215095	-5.116487	1.314610	0.843500	2.024609	0.026546	-0.011077
0.990277	-0.088669	-0.037788	-1.954546	-0.067455	0.035590	0.398382	-0.113833	-0.089548	-0.476919	0.045002	0.048162	4.863629	1.508548	2.152717	4.170668	0.151852	-0.228790	-5.575422	1.486552	0.737893	2.593140	0.075592	-0.000636
1.029004	-0.072621	-0.015674	-1.898651	-0.065679	0.033222	0.339820	-0.098313	-0.083134	-0.447208	0.046304	0.048314	3.872663	1.604872	2.211440	5.589499	0.177632	-0.236812	-5.856194	1.552045	0.641402	2.971052	0.130179	0.015228
1.057318	-0.056423	0.006149	-1.829449	-0.063683	0.030834	0.280089	-0.083169	-0.077422	-0.415772	0.048184	0.048676	2.831425	1.619743	2.182268	6.920258	0.199643	-0.238729	-5.973115	1.514418	0.571149	3.143631	0.187997	0.036262
1.074856	-0.040760	0.026798	-1.748004	-0.061509	0.028489	0.220587	-0.069322	-0.072063	-0.384693	0.050647	0.049297	1.753794	1.566290	2.064953	8.144441	0.217336	-0.234586	-5.950140	1.384671	0.535856	3.107858	0.246342	0.062090
1.081421	-0.026164	0.045440	-1.655572	-0.059205	0.026240	0.162458	-0.057522	-0.066693	-0.356008	0.053670	0.050218	0.656473	1.459611	1.864135	9.243259	0.230470	-0.224877	-5.812922	1.180025	0.537005	2.868482	0.302309	0.092036
1.077030	-0.013005	0.061346	-1.553601	-0.056814	0.024136	0.106638	-0.048292	-0.060976	-0.331671	0.057199	0.051466	-0.439058	1.315921	1.590588	10.197043	0.239060	-0.210411	-5.581978	0.922979	0.571721	2.433700	0.352890	0.124795
1.061967	-0.001485	0.073951	-1.443751	-0.054381	0.022214	0.053934	-0.041889	-0.054636	-0.313536	0.061149	0.053048	-1.506292	1.152001	1.260528	10.985006	0.243281	-0.192156	-5.270451	0.640301	0.633973	1.813528	0.395021	0.158233
1.036816	0.008354	0.082888	-1.327897	-0.051947	0.020503	0.005070	-0.038284	-0.047490	-0.303323	0.065408	0.054943	-2.515160	0.983901	0.893756	11.585416	0.243372	-0.171096	-4.886382	0.360518	0.714610	1.021340	0.425819	0.189544
1.002476	0.016599	0.088010	-1.208136	-0.049552	0.019022	-0.039295	-0.037187	-0.039473	-0.302556	0.069838	0.057100	-3.433950	0.824502	0.512172	11.976157	0.239578	-0.148111	-4.436560	0.109708	0.801707	0.076623	0.443063	0.215705
0.960171	0.023409	0.089400	-1.086780	-0.047230	0.017783	-0.078586	-0.038115	-0.030655	-0.312487	0.074295	0.059441	-4.230517	0.681038	0.139011	12.135607	0.232165	-0.123933	-3.929046	-0.092842	0.881831	-0.993056	0.445727	0.234100
0.911443	0.028950	0.087382	-0.966340	-0.045015	0.016791	-0.112317	-0.040487	-0.021220	-0.334006	0.078639	0.061872	-4.872813	0.554073	-0.201854	12.043959	0.221463	-0.099205	-3.373127	-0.237163	0.943491	-2.151891	0.434365	0.243094
0.858144	0.033340	0.082508	-0.849486	-0.042936	0.016045	-0.140091	-0.043707	-0.011405	-0.367583	0.082751	0.064296	-5.329900	0.439012	-0.487417	11.685361	0.207897	-0.074575	-2.777357	-0.322058	0.981538	-3.357744	0.411159	0.242378
0.802397	0.036641	0.075530	-0.738974	-0.041016	0.015537	-0.161564	-0.047223	-0.001422	-0.413241	0.086546	0.066626	-5.574743	0.330103	-0.697777	11.051277	0.191993	-0.050778	-2.147366	-0.351591	0.998282	-4.565815	0.379573	0.233027
0.746507	0.038894	0.067345	-0.637525	-0.039273	0.015251	-0.176412	-0.050526	0.008585	-0.470572	0.089984	0.068799	-5.588982	0.225329	-0.818519	10.144883	0.174382	-0.028633	-1.484726	-0.330300	1.000708	-5.733043	0.343709	0.217276
0.692824	0.040193	0.058910	-0.547672	-0.037715	0.015161	-0.184286	-0.053124	0.018548	-0.538789	0.093059	0.070780	-5.368290	0.129863	-0.843463	8.985224	0.155813	-0.008986	-0.787453	-0.259831	0.996316	-6.821739	0.307581	0.198048
0.643562	0.040758	0.051133	-0.471578	-0.036343	0.015235	-0.184808	-0.054514	0.028437	-0.616804	0.095804	0.072563	-4.926150	0.056452	-0.777679	7.609408	0.137178	0.007394	-0.052158	-0.138935	0.988854	-7.801482	0.274504	0.178342
0.600620	0.040977	0.044747	-0.410859	-0.035148	0.015435	-0.177575	-0.054180	0.038192	-0.703298	0.098271	0.074169	-4.294257	0.021910	-0.638618	6.071910	0.119503	0.019982	0.723261	0.033325	0.975511	-8.649365	0.246683	0.160631
0.565429	0.041381	0.040218	-0.366448	-0.034109	0.015722	-0.162196	-0.051647	0.047670	-0.796790	0.100521	0.075633	-3.519124	0.040401	-0.452888	4.441165	0.103903	0.028752	1.537949	0.253309	0.947759	-9.349259	0.224963	0.146368
0.538867	0.042549	0.037719	-0.338507	-0.033194	0.016065	-0.138317	-0.046547	0.056624	-0.895695	0.102609	0.076990	-2.656201	0.116800	-0.249870	2.794106	0.091499	0.034297	2.387851	0.510019	0.895428	-9.890485	0.208803	0.135724
0.521230	0.044993	0.037145	-0.326414	-0.032361	0.016441	-0.105658	-0.038699	0.064732	-0.998355	0.104574	0.078267	-1.763636	0.244395	-0.057398	1.209269	0.083244	0.037563	3.265904	0.784856	0.810847	-10.266014	0.196506	0.127673
0.512250	0.049069	0.038132	-0.328813	-0.031564	0.016833	-0.064045	-0.028166	0.071636	-1.103060	0.106430	0.079471	-0.898039	0.407618	0.098663	-0.239877	0.079709	0.039251	4.161363	1.053273	0.690359	-10.470497	0.185656	0.120415
0.511111	0.054930	0.040088	-0.343700	-0.030755	0.017227	-0.013464	-0.015288	0.076973	-1.208048	0.108166	0.080590	-0.113918	0.586075	0.195620	-1.488751	0.080905	0.039379	5.058007	1.287783	0.533752	-10.498758	0.173584	0.111901
0.516452	0.062500	0.042273	-0.368519	-0.029892	0.017601	0.045858	-0.000669	0.080407	-1.311501	0.109744	0.081592	0.534156	0.757055	0.218424	-2.481911	0.086271	0.037348	5.932198	1.461861	0.343376	-10.345344	0.157748	0.100228
0.526358	0.071474	0.043901	-0.400245	-0.028944	0.017925	0.113380	0.014869	0.081641	-1.411553	0.111104	0.082431	0.990538	0.897396	0.162824	-3.172560	0.094793	0.032487	6.752244	1.553862	0.123427	-10.005147	0.136045	0.083852
0.538385	0.081335	0.044232	-0.435498	-0.027893	0.018174	0.188179	0.030367	0.080435	-1.506299	0.112175	0.083049	1.202753	0.986052	0.033159	-3.525312	0.105125	0.024814	7.479863	1.549791	-0.120622	-9.474646	0.107112	0.061785
0.549703	0.091400	0.042622	-0.470734	-0.026737	0.018329	0.268911	0.044809	0.076611	-1.593835	0.112881	0.083387	1.131768	1.006527	-0.161066	-3.523599	0.115619	0.015571	8.073215	1.444144	-0.382420	-8.753536	0.070522	0.033789
0.557340	0.100880	0.038586	-0.502520	-0.025493	0.018399	0.353816	0.057201	0.070063	-1.672303	0.113149	0.083391	0.763772	0.947980	-0.403597	-3.178552	0.124383	0.006923	8.490502	1.239206	-0.654780	-7.846803	0.026797	0.000433
0.558512	0.108932	0.031915	-0.527851	-0.024198	0.018407	0.440764	0.066640	0.060775	-1.739969	0.112921	0.083020	0.117137	0.805229	-0.667024	-2.533189	0.129545	0.000834	8.694778	0.943970	-0.928831	-6.766668	-0.022788	-0.037075
0.550935	0.114719	0.022787	-0.544429	-0.022901	0.018387	0.527383	0.072374	0.048848	-1.795305	0.112155	0.082248	-0.757700	0.578737	-0.912883	-1.657767	0.129670	-0.001951	8.661954	0.573404	-1.192700	-5.533590	-0.076521	-0.077224
0.533098	0.117479	0.011795	-0.550812	-0.021661	0.018367	0.611285	0.073859	0.034534	-1.837063	0.110830	0.081063	-1.783710	0.275915	-1.099124	-0.638270	0.123986	-0.002021	8.390201	0.148468	-1.431435	-4.175737	-0.132538	-0.118463
0.504422	0.116618	-0.000127	-0.546450	-0.020539	0.018361	0.690318	0.070824	0.018244	-1.864329	0.108941	0.079471	-2.867592	-0.086020	-1.192206	0.436178	0.112203	-0.000587	7.903288	-0.303459	-1.628963	-2.726653	-0.188933	-0.159249
0.465274	0.111832	-0.011910	-0.531623	-0.019597	0.018375	0.762750	0.063327	0.000528	-1.876545	0.106503	0.077492	-3.914777	-0.478646	-1.178339	1.482738	0.094224	0.001393	7.243248	-0.749745	-1.771589	-1.221582	-0.243750	-0.197941
0.416833	0.103170	-0.022590	-0.507324	-0.018896	0.018412	0.827325	0.051758	-0.017987	-1.873485	0.103553	0.075164	-4.844122	-0.866157	-1.068008	2.429825	0.070052	0.003671	6.457474	-1.156914	-1.851461	0.305949	-0.295011	-0.232791
0.360870	0.091036	-0.031505	-0.475139	-0.018497	0.018478	0.883212	0.036791	-0.036665	-1.855227	0.100145	0.072543	-5.596326	-1.213393	-0.891482	3.218498	0.039895	0.006636	5.588647	-1.496717	-1.867824	1.825886	-0.340808	-0.262110
0.299512	0.076105	-0.038396	-0.437115	-0.018455	0.018589	0.929914	0.019284	-0.054921	-1.822107	0.096351	0.069698	-6.135793	-1.493141	-0.689093	3.802446	0.004247	0.011036	4.670242	-1.750636	-1.825642	3.311922	-0.379450	-0.284473
0.235018	0.059211	-0.043408	-0.395630	-0.018816	0.018766	0.967172	0.000174	-0.072255	-1.774697	0.092254	0.066709	-6.449403	-1.689387	-0.501190	4.148501	-0.036110	0.017788	3.725806	-1.911018	-1.733370	4.741053	-0.409608	-0.298878
0.169576	0.041245	-0.047004	-0.353251	-0.019617	0.019046	0.994874	-0.019616	-0.088268	-1.713770	0.087950	0.063660	-6.544170	-1.796652	-0.359597	4.237913	-0.080108	0.027960	2.770221	-1.979059	-1.601338	6.092640	-0.430420	-0.304877
0.105146	0.023075	-0.049813	-0.312585	-0.020881	0.019473	1.013000	-0.039230	-0.102675	-1.640300	0.083535	0.060634	-6.442964	-1.816996	-0.280883	4.066597	-0.126386	0.042725	1.812586	-1.961346	-1.440678	7.347015	-0.441578	-0.302658
0.043375	0.005506	-0.052439	-0.276162	-0.022614	0.020103	1.021606	-0.057903	-0.115295	-1.555461	0.079101	0.057703	-6.177077	-1.756829	-0.262646	3.642317	-0.173270	0.063008	0.860574	-1.867291	-1.262041	8.483973	-0.443367	-0.293050
-0.014398	-0.010746	-0.055298	-0.246364	-0.024802	0.020993	1.020856	-0.074988	-0.126037	-1.460643	0.074735	0.054929	-5.777306	-1.625268	-0.285880	2.979745	-0.218827	0.088957	-0.075044	-1.708489	-1.074162	9.481772	-0.436616	-0.277396
-0.067077	-0.025087	-0.058542	-0.225393	-0.027412	0.022190	1.011078	-0.089977	-0.134869	-1.357473	0.070509	0.052357	-5.267924	-1.434106	-0.324446	2.097092	-0.261021	0.119681	-0.977734	-1.498963	-0.883199	10.316965	-0.422541	-0.257262
-0.113741	-0.037066	-0.062097	-0.215227	-0.030391	0.023723	0.992828	-0.102525	-0.141802	-1.247825	0.066484	0.050015	-4.666374	-1.197889	-0.355508	1.016584	-0.297866	0.153342	-1.824975	-1.254754	-0.693244	10.964856	-0.402515	-0.234124
-0.153616	-0.046396	-0.065746	-0.217553	-0.033667	0.025597	0.966932	-0.112450	-0.146875	-1.133822	0.062705	0.047924	-3.987495	-0.932983	-0.364866	-0.232509	-0.327564	0.187404	-2.589681	-0.992499	-0.507355	11.400259	-0.377864	-0.209174
-0.186101	-0.052956	-0.069227	-0.233661	-0.037154	0.027787	0.934505	-0.119729	-0.150159	-1.017836	0.059208	0.046090	-3.248586	-0.655994	-0.348076	-1.610874	-0.348783	0.219013	-3.242626	-0.727869	-0.328385	11.598633	-0.349754	-0.183324
-0.210822	-0.056782	-0.072318	-0.264343	-0.040765	0.030243	0.896949	-0.124479	-0.151752	-0.902455	0.056016	0.044517	-2.472026	-0.382576	-0.309107	-3.068216	-0.361030	0.245554	-3.755640	-0.474993	-0.159324	11.538049	-0.319192	-0.157304
-0.227660	-0.058055	-0.074894	-0.309801	-0.044413	0.032895	0.855900	-0.126949	-0.151785	-0.790433	0.053145	0.043200	-1.683804	-0.127310	-0.257643	-4.545794	-0.364884	0.265180	-4.104906	-0.247008	-0.003302	11.202184	-0.287064	-0.131737
-0.236742	-0.057103	-0.076967	-0.369627	-0.048032	0.035665	0.813165	-0.127517	-0.150425	-0.684591	0.050604	0.042129	-0.908246	0.095152	-0.207292	-5.982544	-0.361873	0.277064	-4.273521	-0.056833	0.136012	10.584203	-0.254155	-0.107104
-0.238358	-0.054419	-0.078712	-0.442853	-0.051572	0.038479	0.770630	-0.126690	-0.147889	-0.587681	0.048392	0.041292	-0.161623	0.268480	-0.174494	-7.322608	-0.354000	0.281346	-4.253431	0.082734	0.253591	9.690996	-0.221133	-0.083668
-0.232845	-0.050673	-0.080469	-0.528063	-0.055003	0.041266	0.730156	-0.125092	-0.144459	-0.502216	0.046507	0.040678	0.551378	0.374563	-0.175695	-8.521012	-0.343107	0.278762	-4.047430	0.159767	0.343062	8.546533	-0.188525	-0.061464
-0.220479	-0.046706	-0.082691	-0.623520	-0.058307	0.043968	0.693450	-0.123443	-0.140472	-0.430289	0.044940	0.040274	1.236524	0.396658	-0.222202	-9.545665	-0.330386	0.270175	-3.670653	0.164843	0.398662	7.192715	-0.156690	-0.040391
-0.201421	-0.043456	-0.085845	-0.727282	-0.061470	0.046531	0.661948	-0.122504	-0.136293	-0.373417	0.043682	0.040071	1.905815	0.325068	-0.315390	-10.376188	-0.316243	0.256265	-3.150189	0.093953	0.417931	5.687177	-0.125871	-0.020306
-0.175691	-0.041835	-0.090303	-0.837296	-0.064475	0.048906	0.636720	-0.122980	-0.132269	-0.332425	0.042718	0.040061	2.573034	0.162058	-0.445798	-11.001421	-0.300528	0.237469	-2.522784	-0.047639	0.402333	4.099208	-0.096326	-0.001013
-0.143185	-0.042598	-0.096260	-0.951466	-0.067303	0.051046	0.618400	-0.125411	-0.128709	-0.307374	0.042033	0.040238	3.250558	-0.076260	-0.595685	-11.417002	-0.282859	0.214092	-1.831958	-0.243050	0.356067	2.505141	-0.068519	0.017742
-0.103715	-0.046209	-0.103678	-1.067699	-0.069932	0.052911	0.607146	-0.130073	-0.125839	-0.297543	0.041600	0.040598	3.947036	-0.361166	-0.741840	-11.623352	-0.262829	0.186435	-1.125429	-0.466177	0.286966	0.983067	-0.043270	0.036037
-0.057063	-0.052768	-0.112262	-1.183938	-0.072333	0.054460	0.602616	-0.136957	-0.123742	-0.301474	0.041383	0.041131	4.665199	-0.655877	-0.858359	-11.623896	-0.240105	0.154910	-0.452961	-0.688434	0.209701	-0.393142	-0.021737	0.053287
-0.003065	-0.061991	-0.121465	-1.298173	-0.074478	0.055661	0.603965	-0.145800	-0.122295	-0.317060	0.041331	0.041811	5.399766	-0.922330	-0.920351	-11.423497	-0.214480	0.120061	0.134842	-0.884271	0.144685	-1.558505	-0.005183	0.068006
0.058292	-0.073265	-0.130540	-1.408447	-0.076336	0.056486	0.609830	-0.156115	-0.121202	-0.341646	0.041386	0.042594	6.135744	-1.127364	-0.907438	-11.027336	-0.185870	0.082522	0.586563	-1.031516	0.109332	-2.458663	0.005459	0.078248
0.126768	-0.085734	-0.138597	-1.512852	-0.077879	0.056915	0.618342	-0.167221	-0.120098	-0.372155	0.041487	0.043420	6.847626	-1.246918	-0.805752	-10.440587	-0.154281	0.042932	0.851187	-1.110632	0.110352	-3.050876	0.010099	0.082605
0.201768	-0.098418	-0.144683	-1.609543	-0.079077	0.056934	0.627183	-0.178301	-0.118632	-0.405239	0.041585	0.044229	7.499948	-1.268346	-0.608589	-9.669102	-0.119791	0.001885	0.884070	-1.107968	0.146614	-3.308386	0.009809	0.080957
0.282263	-0.110321	-0.147858	-1.696754	-0.079903	0.056533	0.633760	-0.188499	-0.116475	-0.437522	0.041652	0.044973	8.049541	-1.190332	-0.317510	-8.721001	-0.082576	-0.040103	0.657736	-1.019779	0.215714	-3.228352	0.006693	0.074408
0.366768	-0.120525	-0.147307	-1.772838	-0.080332	0.055707	0.635485	-0.197009	-0.113362	-0.465900	0.041686	0.045620	8.450431	-1.020360	0.055083	-7.608444	-0.042903	-0.082623	0.172482	-0.851019	0.311334	-2.837782	0.003366	0.064611
0.453389	-0.128240	-0.142460	-1.836324	-0.080343	0.054454	0.630088	-0.203115	-0.109204	-0.487814	0.041709	0.046150	8.662133	-0.771510	0.484788	-6.348614	-0.001160	-0.125291	-0.539737	-0.610584	0.415766	-2.191401	0.002349	0.053091
0.539979	-0.132845	-0.133073	-1.885960	-0.079923	0.052779	0.615884	-0.206211	-0.104183	-0.501431	0.041766	0.046560	8.659045	-0.460535	0.938661	-4.963626	0.042051	-0.167518	-1.420389	-0.309659	0.502119	-1.361737	0.005665	0.040946
0.624341	-0.133919	-0.119256	-1.920758	-0.079064	0.050695	0.591935	-0.205856	-0.098715	-0.505706	0.041913	0.046849	8.436135	-0.107406	1.381713	-3.479784	0.085878	-0.208318	-2.394876	0.035564	0.546785	-0.427422	0.014724	0.028950
0.704423	-0.131271	-0.101430	-1.940022	-0.077771	0.048232	0.558096	-0.201837	-0.093318	-0.500351	0.042216	0.047028	8.008235	0.264781	1.782606	-1.926344	0.129280	-0.246336	-3.383907	0.401820	0.539667	0.535442	0.030346	0.017877
0.778465	-0.124965	-0.080267	-1.943358	-0.076060	0.045432	0.514962	-0.194232	-0.088462	-0.485772	0.042743	0.047115	7.404191	0.630605	2.116255	-0.333661	0.171093	-0.279980	-4.313427	0.760546	0.485579	1.457903	0.052695	0.008696
0.845053	-0.115317	-0.056629	-1.930671	-0.073960	0.042356	0.463743	-0.183409	-0.084457	-0.462977	0.043556	0.047139	6.658757	0.964868	2.363778	1.268761	0.210060	-0.307625	-5.121875	1.082318	0.400572	2.279496	0.081244	0.002405
0.903107	-0.102850	-0.031507	-1.902137	-0.071511	0.039078	0.406102	-0.169989	-0.081376	-0.433496	0.044704	0.047137	5.805400	1.246662	2.512233	2.853352	0.244908	-0.327840	-5.764083	1.341940	0.308081	2.948129	0.114872	-0.000242
0.951833	-0.088228	-0.005953	-1.858192	-0.068766	0.035682	0.343979	-0.154768	-0.079020	-0.399287	0.046225	0.047148	4.872620	1.462180	2.555389	4.394520	0.274484	-0.339607	-6.212354	1.522086	0.235587	3.420886	0.152046	0.001155
0.990671	-0.072185	0.018986	-1.799510	-0.065787	0.032257	0.279418	-0.138626	-0.076928	-0.362622	0.048134	0.047216	3.883833	1.604365	2.493874	5.868188	0.297876	-0.342467	-6.456061	1.614237	0.209187	3.666522	0.190926	0.006762
1.019260	-0.055473	0.042320	-1.726999	-0.062642	0.028891	0.214417	-0.122447	-0.074483	-0.325944	0.050429	0.047383	2.858877	1.671145	2.333490	7.251142	0.314494	-0.336616	-6.500126	1.617957	0.244558	3.667828	0.229446	0.016665
1.037420	-0.038828	0.063152	-1.641796	-0.059401	0.025662	0.150803	-0.107049	-0.071097	-0.291731	0.053083	0.047691	1.816048	1.664552	2.083190	8.520275	0.324126	-0.322906	-6.361397	1.539733	0.338553	3.421225	0.265439	0.030859
1.045163	-0.022919	0.080697	-1.545277	-0.056132	0.022635	0.090172	-0.093135	-0.066412	-0.262398	0.056051	0.048181	0.774276	1.590824	1.754419	9.651916	0.326929	-0.302688	-6.063043	1.391426	0.468520	2.933326	0.296828	0.049014
1.042711	-0.008315	0.094314	-1.439064	-0.052898	0.019859	0.033877	-0.081249	-0.060398	-0.240222	0.059270	0.048884	-0.245236	1.460483	1.361732	10.621319	0.323327	-0.277541	-5.629538	1.188583	0.601390	2.217590	0.321838	0.070292
1.030525	0.004561	0.103551	-1.325039	-0.049759	0.017369	-0.016972	-0.071757	-0.053327	-0.227284	0.062661	0.049818	-1.218547	1.287562	0.923681	11.402421	0.313897	-0.249027	-5.084868	0.949230	0.707065	1.293781	0.339162	0.093353
1.009329	0.015440	0.108179	-1.205357	-0.046766	0.015184	-0.061509	-0.064827	-0.045645	-0.225388	0.066142	0.050982	-2.119647	1.087844	0.462816	11.968225	0.299304	-0.218500	-4.453698	0.693010	0.768241	0.189633	0.348064	0.116428
0.980113	0.024205	0.108225	-1.082437	-0.043963	0.013314	-0.099138	-0.060428	-0.037820	-0.235963	0.069627	0.052358	-2.921622	0.876556	0.004625	12.291975	0.280303	-0.186985	-3.762925	0.439895	0.782479	-1.057467	0.348502	0.137565
0.944139	0.030868	0.103988	-0.958948	-0.041386	0.011762	-0.129550	-0.058346	-0.030239	-0.259968	0.073040	0.053909	-3.597409	0.666315	-0.423700	12.348908	0.257729	-0.155190	-3.041167	0.208133	0.758070	-2.400516	0.341320	0.155142
0.902937	0.035531	0.096040	-0.837763	-0.039062	0.010526	-0.152702	-0.058222	-0.023151	-0.297824	0.076323	0.055592	-4.120128	0.466266	-0.794850	12.118564	0.232441	-0.123644	-2.315223	0.012448	0.708883	-3.785651	0.328293	0.168324
0.858297	0.038361	0.085198	-0.721881	-0.037009	0.009597	-0.168748	-0.059581	-0.016630	-0.349396	0.079442	0.057365	-4.464049	0.283045	-1.084170	11.588189	0.205255	-0.092849	-1.604639	-0.135949	0.652051	-5.157169	0.311890	0.177218
0.812221	0.039593	0.072467	-0.614306	-0.035240	0.008964	-0.177921	-0.061858	-0.010566	-0.414026	0.082390	0.059192	-4.607610	0.123169	-1.273063	10.757502	0.176907	-0.063307	-0.917237	-0.227630	0.606362	-6.462994	0.294779	0.182740
0.766834	0.039548	0.058952	-0.517871	-0.033759	0.008609	-0.180405	-0.064390	-0.004686	-0.490614	0.085182	0.061055	-4.538712	-0.004479	-1.351555	9.643444	0.148072	-0.035555	-0.248413	-0.253196	0.588066	-7.658821	0.279217	0.186268
0.724232	0.038671	0.045754	-0.435044	-0.032565	0.008507	-0.176252	-0.066423	0.001375	-0.577716	0.087847	0.062946	-4.260179	-0.087754	-1.319820	8.282678	0.119398	-0.010216	0.415240	-0.203349	0.606117	-8.710151	0.266550	0.189142
0.686312	0.037538	0.033863	-0.367739	-0.031650	0.008627	-0.165351	-0.067141	0.007975	-0.673640	0.090417	0.064868	-3.792022	-0.113245	-1.189035	6.730580	0.091560	0.012085	1.090147	-0.071791	0.659923	-9.592382	0.256989	0.192167
0.654622	0.036827	0.024057	-0.317168	-0.030997	0.008938	-0.147444	-0.065743	0.015374	-0.776537	0.092914	0.066820	-3.168951	-0.071102	-0.980636	5.057054	0.065312	0.031033	1.790637	0.139842	0.739914	-10.289699	0.249657	0.195275
0.630273	0.037222	0.016826	-0.283764	-0.030581	0.009407	-0.122186	-0.061565	0.023676	-0.884469	0.095342	0.068796	-2.434901	0.039480	-0.723107	3.340379	0.041520	0.046901	2.525847	0.417731	0.830211	-10.793204	0.242844	0.197519
0.613895	0.039297	0.012349	-0.267160	-0.030370	0.010011	-0.089202	-0.054215	0.032800	-0.995455	0.097687	0.070770	-1.637839	0.207462	-0.447679	1.660481	0.021116	0.060383	3.298400	0.735024	0.912421	-11.098601	0.234446	0.197426
0.605623	0.043411	0.010503	-0.266229	-0.030320	0.010731	-0.048162	-0.043663	0.042492	-1.107496	0.099911	0.072705	-0.827145	0.411481	-0.184596	0.093081	0.004986	0.072011	4.103954	1.055213	0.969223	-11.204155	0.222459	0.193502
0.605082	0.049648	0.010916	-0.279165	-0.030382	0.011547	0.001145	-0.030278	0.052358	-1.218591	0.101964	0.074551	-0.054158	0.623663	0.041286	-1.293641	-0.006168	0.081632	4.930743	1.338543	0.986540	-11.109517	0.205302	0.184572
0.611332	0.057777	0.013077	-0.303558	-0.030502	0.012431	0.058730	-0.014787	0.061898	-1.326745	0.103784	0.076250	0.625005	0.812909	0.216114	-2.439286	-0.011965	0.088443	5.758532	1.549102	0.953986	-10.815323	0.181921	0.169894
0.622806	0.067263	0.016462	-0.336465	-0.030626	0.013347	0.124304	0.001818	0.070541	-1.429977	0.105302	0.077741	1.147447	0.948570	0.338511	-3.290660	-0.012473	0.091529	6.557358	1.660432	0.864358	-10.323262	0.151810	0.149152
0.637276	0.077329	0.020587	-0.374507	-0.030710	0.014252	0.197179	0.018406	0.077673	-1.526343	0.106452	0.078966	1.446968	1.006633	0.412453	-3.804263	-0.008322	0.090544	7.287471	1.658780	0.713187	-9.636564	0.115073	0.122485
0.651928	0.087088	0.024969	-0.414044	-0.030717	0.015114	0.276195	0.033847	0.082663	-1.613954	0.107177	0.079871	1.465234	0.975859	0.438205	-3.953720	-0.000737	0.086195	7.901600	1.544121	0.498991	-8.761112	0.072446	0.090527
0.663601	0.095677	0.029093	-0.451443	-0.030631	0.015915	0.359689	0.047137	0.084907	-1.691027	0.107429	0.080415	1.167321	0.858959	0.412394	-3.739817	0.008569	0.080126	8.349492	1.329010	0.224409	-7.707278	0.025191	0.054347
0.669146	0.102361	0.032460	-0.483413	-0.030454	0.016656	0.445541	0.057491	0.083884	-1.755945	0.107177	0.080567	0.554417	0.668370	0.336779	-3.197031	0.017706	0.074085	8.585123	1.035462	-0.102261	-6.491828	-0.025150	0.015228
0.665826	0.106565	0.034707	-0.507321	-0.030204	0.017346	0.531313	0.064395	0.079221	-1.807334	0.106407	0.080311	-0.331934	0.420439	0.224676	-2.390795	0.025013	0.069012	8.577206	0.690362	-0.466359	-5.138893	-0.077018	-0.025582
0.651677	0.107882	0.035681	-0.521383	-0.029911	0.017995	0.614509	0.067601	0.070738	-1.844128	0.105117	0.079641	-1.414921	0.131653	0.097392	-1.406196	0.029307	0.064831	8.319594	0.320636	-0.848236	-3.679380	-0.129041	-0.067017
0.625724	0.106066	0.035413	-0.524730	-0.029612	0.018604	0.692848	0.067100	0.058474	-1.865614	0.103316	0.078559	-2.595249	-0.181603	-0.026857	-0.334673	0.029856	0.060962	7.833894	-0.050134	-1.226405	-2.148674	-0.180053	-0.108153
0.588037	0.101049	0.033991	-0.517367	-0.029350	0.019175	0.764458	0.063072	0.042672	-1.871444	0.101027	0.077080	-3.768700	-0.501656	-0.142173	0.736212	0.026258	0.057026	7.161063	-0.402827	-1.580280	-0.582940	-0.228886	-0.147978
0.539611	0.092953	0.031437	-0.500079	-0.029166	0.019707	0.827940	0.055849	0.023758	-1.861598	0.098286	0.075228	-4.842693	-0.809675	-0.255428	1.728837	0.018372	0.053203	6.348166	-0.722246	-1.891323	0.984549	-0.274095	-0.185141
0.482149	0.082079	0.027630	-0.474300	-0.029104	0.020208	0.882324	0.045888	0.002321	-1.836346	0.095147	0.073049	-5.746121	-1.087387	-0.380620	2.577859	0.006242	0.050148	5.438385	-0.996092	-2.143772	2.525237	-0.313935	-0.217965
0.417830	0.068892	0.022302	-0.441996	-0.029204	0.020695	0.926993	0.033745	-0.020933	-1.796196	0.091681	0.070601	-6.431904	-1.318662	-0.532865	3.230494	-0.009996	0.048728	4.466950	-1.214333	-2.325344	4.014966	-0.346641	-0.244745
0.349073	0.053986	0.015070	-0.405525	-0.029505	0.021194	0.961606	0.020051	-0.045204	-1.741870	0.087973	0.067960	-6.875772	-1.490607	-0.723155	3.647080	-0.030168	0.049839	3.461297	-1.369367	-2.427115	5.432665	-0.370795	-0.264115
0.278332	0.038044	0.005537	-0.367498	-0.030046	0.021737	0.986036	0.005487	-0.069635	-1.674280	0.084117	0.065207	-7.074069	-1.594234	-0.953348	3.802662	-0.054013	0.054330	2.443016	-1.456435	-2.443065	6.758942	-0.385550	-0.275342
0.207926	0.021801	-0.006582	-0.330620	-0.030856	0.022366	1.000339	-0.009248	-0.093338	-1.594532	0.080210	0.062422	-7.040610	-1.624257	-1.211842	3.687836	-0.081016	0.062904	1.430219	-1.473481	-2.370362	7.974877	-0.390686	-0.278450
0.139910	0.006017	-0.021291	-0.297549	-0.031957	0.023124	1.004737	-0.023457	-0.115440	-1.503920	0.076345	0.059680	-6.801597	-1.578460	-1.470936	3.307113	-0.110180	0.075841	0.439860	-1.420917	-2.210179	9.061167	-0.386583	-0.274170
0.076016	-0.008559	-0.038191	-0.270791	-0.033357	0.024052	0.999633	-0.036479	-0.135127	-1.403943	0.072603	0.057043	-6.389338	-1.457541	-1.689939	2.675776	-0.139967	0.092765	-0.510446	-1.302260	-1.968663	9.997716	-0.374149	-0.263762
0.017644	-0.021216	-0.056452	-0.252616	-0.035042	0.025178	0.985617	-0.047732	-0.151706	-1.296306	0.069056	0.054555	-5.837251	-1.265746	-1.826132	1.817502	-0.168488	0.112612	-1.401538	-1.125259	-1.657947	10.763642	-0.354683	-0.248757
-0.034135	-0.031335	-0.074930	-0.244982	-0.036979	0.026515	0.963489	-0.056754	-0.164670	-1.182931	0.065759	0.052248	-5.177900	-1.011902	-1.847814	0.763422	-0.193736	0.133674	-2.212816	-0.902230	-1.296347	11.337522	-0.329674	-0.230679
-0.078570	-0.038434	-0.092363	-0.249461	-0.039118	0.028052	0.934257	-0.063244	-0.173740	-1.065952	0.062753	0.050140	-4.443533	-0.709833	-1.743289	-0.447939	-0.213850	0.153718	-2.923178	-0.648941	-0.907055	11.697885	-0.300626	-0.210835
-0.115241	-0.042208	-0.107595	-0.267168	-0.041393	0.029756	0.899134	-0.067070	-0.178898	-0.947709	0.060064	0.048238	-3.667068	-0.377450	-1.523187	-1.770675	-0.227475	0.170392	-3.512386	-0.382654	-0.515817	11.824279	-0.268927	-0.190220
-0.144055	-0.042562	-0.119755	-0.298695	-0.043734	0.031575	0.859510	-0.068276	-0.180384	-0.830716	0.057706	0.046543	-2.881392	-0.035349	-1.215992	-3.152713	-0.234148	0.181851	-3.962321	-0.120587	-0.148596	11.699310	-0.235764	-0.169476
-0.165216	-0.039624	-0.128360	-0.344087	-0.046079	0.033447	0.816931	-0.067069	-0.178683	-0.717599	0.055685	0.045054	-2.116064	0.293762	-0.860551	-4.539162	-0.234464	0.187239	-4.257965	0.120721	0.170172	11.311717	-0.202100	-0.148873
-0.179143	-0.033774	-0.133351	-0.402859	-0.048377	0.035315	0.773045	-0.063813	-0.174493	-0.611000	0.053998	0.043771	-1.392726	0.584992	-0.499121	-5.877247	-0.229859	0.186826	-4.388524	0.325580	0.418903	10.659964	-0.168692	-0.128307
-0.186358	-0.025656	-0.135067	-0.474072	-0.050599	0.037133	0.729552	-0.059018	-0.168692	-0.513445	0.052637	0.042698	-0.721550	0.811830	-0.171520	-7.121320	-0.222152	0.181738	-4.349311	0.479537	0.580168	9.755450	-0.136153	-0.107349
-0.187365	-0.016173	-0.134170	-0.556435	-0.052729	0.038867	0.688112	-0.053316	-0.162268	-0.427204	0.051587	0.041844	-0.100619	0.948266	0.089655	-8.236318	-0.213031	0.173428	-4.144073	0.570227	0.642384	8.624126	-0.104999	-0.085424
-0.182551	-0.006444	-0.131542	-0.648421	-0.054766	0.040499	0.650249	-0.047431	-0.156245	-0.354149	0.050830	0.041223	0.481379	0.972868	0.262760	-9.198560	-0.203731	0.163170	-3.786278	0.588406	0.602294	7.305517	-0.075657	-0.062084
-0.172142	0.002296	-0.128147	-0.748364	-0.056716	0.042017	0.617267	-0.042139	-0.151571	-0.295652	0.050346	0.040851	1.040872	0.874091	0.339508	-9.994260	-0.194927	0.151794	-3.298234	0.529295	0.467422	5.849624	-0.048457	-0.037203
-0.156183	0.008841	-0.124897	-0.854536	-0.058584	0.043413	0.590180	-0.038195	-0.149007	-0.252517	0.050109	0.040741	1.595895	0.654426	0.325031	-10.617265	-0.186791	0.139646	-2.708668	0.394346	0.256384	4.313490	-0.023683	-0.010944
-0.134543	0.012152	-0.122544	-0.965205	-0.060375	0.044680	0.569676	-0.036274	-0.149036	-0.224935	0.050092	0.040905	2.163973	0.331105	0.235299	-11.066916	-0.179083	0.126676	-2.050378	0.192101	-0.002891	2.758252	-0.001667	0.016343
-0.106939	0.011488	-0.121610	-1.078665	-0.062088	0.045806	0.556090	-0.036906	-0.151782	-0.212476	0.050263	0.041345	2.760404	-0.066397	0.093371	-11.345933	-0.171305	0.112600	-1.358620	-0.063222	-0.274654	1.245845	0.017089	0.043985
-0.072977	0.006488	-0.122349	-1.193247	-0.063716	0.046777	0.549391	-0.040448	-0.156954	-0.214126	0.050582	0.042051	3.396282	-0.500001	-0.073833	-11.458269	-0.162887	0.097100	-0.669927	-0.354171	-0.517124	-0.164949	0.031862	0.070671
-0.032213	-0.002781	-0.124727	-1.307321	-0.065249	0.047576	0.549172	-0.047059	-0.163836	-0.228338	0.051000	0.042995	4.076355	-0.926901	-0.237867	-11.407314	-0.153299	0.079964	-0.021881	-0.661073	-0.688258	-1.421213	0.041780	0.094362
0.015755	-0.015823	-0.128438	-1.419268	-0.066670	0.048187	0.554624	-0.056666	-0.171409	-0.253091	0.051460	0.044122	4.796755	-1.304213	-0.371110	-11.194782	-0.142049	0.061105	0.545203	-0.960751	-0.757229	-2.475339	0.046092	0.112701
0.071182	-0.031764	-0.132937	-1.527472	-0.067956	0.048592	0.564483	-0.068909	-0.178586	-0.285917	0.051906	0.045360	5.542778	-1.594115	-0.449844	-10.820405	-0.128655	0.040494	0.985890	-1.224325	-0.717752	-3.282567	0.044588	0.123822
0.134059	-0.049447	-0.137508	-1.630297	-0.069083	0.048773	0.576987	-0.083096	-0.184503	-0.323931	0.052287	0.046631	6.287704	-1.768269	-0.457097	-10.282428	-0.112687	0.018107	1.250396	-1.418664	-0.591728	-3.801352	0.038038	0.127134
0.203995	-0.067553	-0.141348	-1.726085	-0.070022	0.048713	0.589899	-0.098244	-0.188659	-0.363930	0.052570	0.047868	6.993572	-1.810608	-0.384000	-9.578823	-0.093840	-0.006045	1.291240	-1.514826	-0.415527	-3.999931	0.028343	0.123623
0.280132	-0.084736	-0.143652	-1.813176	-0.070741	0.048394	0.600644	-0.113222	-0.190878	-0.402602	0.052753	0.049022	7.613718	-1.718266	-0.230395	-8.709140	-0.071967	-0.031861	1.074446	-1.497776	-0.221951	-3.867157	0.018293	0.115477
0.361105	-0.099742	-0.143705	-1.889945	-0.071212	0.047803	0.606554	-0.126909	-0.191239	-0.436817	0.052863	0.050074	8.097289	-1.500568	-0.005281	-7.676856	-0.047020	-0.059185	0.591066	-1.368639	-0.036113	-3.421583	0.010988	0.105203
0.445078	-0.111504	-0.140962	-1.954859	-0.071401	0.046924	0.605194	-0.138307	-0.190052	-0.463943	0.052954	0.051022	8.397303	-1.176269	0.274284	-6.491425	-0.018984	-0.087861	-0.136053	-1.139857	0.118672	-2.712587	0.009088	0.094769
0.529895	-0.119205	-0.135098	-2.006551	-0.071280	0.045748	0.594659	-0.146611	-0.187841	-0.482064	0.053097	0.051874	8.481637	-0.770104	0.586392	-5.169184	0.012095	-0.117623	-1.053452	-0.830369	0.221173	-1.812099	0.014278	0.085184
0.613309	-0.122308	-0.126017	-2.043881	-0.070820	0.044269	0.573805	-0.151253	-0.185236	-0.490082	0.053369	0.052641	8.341414	-0.310238	0.908092	-3.733038	0.046008	-0.147911	-2.085376	-0.464256	0.260510	-0.801786	0.027238	0.076709
0.693222	-0.120577	-0.113844	-2.065992	-0.069998	0.042491	0.542346	-0.151953	-0.182824	-0.487701	0.053848	0.053336	7.991303	0.173092	1.217314	-2.211073	0.082270	-0.177799	-3.145911	-0.069969	0.241181	0.238161	0.047862	0.069500
0.767843	-0.114084	-0.098920	-2.072334	-0.068797	0.040430	0.500834	-0.148729	-0.181016	-0.475347	0.054601	0.053977	7.462138	0.649325	1.492367	-0.634230	0.120054	-0.206066	-4.151264	0.322419	0.180769	1.235332	0.075348	0.064082
0.835750	-0.103178	-0.081802	-2.062671	-0.067215	0.038117	0.450542	-0.141883	-0.179953	-0.454084	0.055684	0.054589	6.790689	1.090548	1.711762	0.966295	0.158199	-0.231334	-5.029197	0.684604	0.106277	2.126342	0.108255	0.061206
0.895865	-0.088434	-0.063239	-2.037062	-0.065262	0.035594	0.393298	-0.131956	-0.179439	-0.425525	0.057130	0.055203	6.011549	1.474447	1.856392	2.560918	0.195328	-0.252215	-5.724383	0.992728	0.051467	2.855878	0.144668	0.061380
0.947399	-0.070574	-0.044115	-1.995838	-0.062962	0.032920	0.331291	-0.119659	-0.178919	-0.391753	0.058954	0.055849	5.153395	1.785922	1.912340	4.122377	0.230029	-0.267473	-6.200647	1.229640	0.051984	3.377205	0.182371	0.064619
0.989787	-0.050406	-0.025392	-1.939582	-0.060351	0.030158	0.266871	-0.105798	-0.177549	-0.355198	0.061144	0.056554	4.238781	2.016823	1.872285	5.625671	0.261015	-0.276184	-6.442065	1.386111	0.136997	3.655452	0.218976	0.070543
1.022643	-0.028767	-0.008036	-1.869107	-0.057479	0.027379	0.202337	-0.091198	-0.174366	-0.318480	0.063665	0.057341	3.285568	2.163864	1.735656	7.047515	0.287216	-0.277854	-6.453357	1.460018	0.318271	3.671799	0.252074	0.078658
1.045734	-0.006503	0.007050	-1.785452	-0.054401	0.024655	0.139762	-0.076658	-0.168561	-0.284231	0.066459	0.058227	2.309092	2.226469	1.508623	8.365443	0.307834	-0.272463	-6.257545	1.454006	0.580545	3.424934	0.279485	0.088581
1.058980	0.015565	0.019089	-1.689883	-0.051177	0.022051	0.080864	-0.062923	-0.159750	-0.254952	0.069455	0.059227	1.324583	2.206771	1.203875	9.556875	0.322381	-0.260407	-5.889775	1.373474	0.881104	2.927932	0.299577	0.100026
1.062468	0.036680	0.027483	-1.583901	-0.047870	0.019627	0.026969	-0.050659	-0.148118	-0.232922	0.072570	0.060353	0.348824	2.111499	0.839409	10.598293	0.330684	-0.242413	-5.389545	1.226373	1.163176	2.202955	0.311461	0.112551
1.056472	0.056209	0.031854	-1.469255	-0.044542	0.017432	-0.020981	-0.040414	-0.134350	-0.220147	0.075718	0.061605	-0.599601	1.952931	0.437027	11.464584	0.332865	-0.219498	-4.794990	1.024546	1.376827	1.277509	0.314874	0.125242
1.041463	0.073680	0.032069	-1.347964	-0.041249	0.015503	-0.062391	-0.032565	-0.119401	-0.218308	0.078817	0.062970	-1.500896	1.747129	0.021504	12.129045	0.329292	-0.192894	-4.140966	0.784904	1.494839	0.183897	0.309887	0.136528
1.018121	0.088786	0.028268	-1.222319	-0.038044	0.013864	-0.096984	-0.027275	-0.104231	-0.228703	0.081785	0.064414	-2.334230	1.510528	-0.380039	12.564533	0.320481	-0.163845	-3.459326	0.528932	1.516990	-1.039475	0.296806	0.144412
0.987353	0.101356	0.020878	-1.094867	-0.034974	0.012530	-0.124769	-0.024474	-0.089589	-0.252180	0.084550	0.065886	-3.076743	1.257053	-0.739062	12.745197	0.306964	-0.133414	-2.778487	0.280120	1.464258	-2.347669	0.276439	0.147142
0.950333	0.111325	0.010607	-0.968386	-0.032083	0.011506	-0.145980	-0.023874	-0.075913	-0.289092	0.087055	0.067325	-3.701981	0.996886	-1.027025	12.648106	0.289140	-0.102451	-2.121048	0.060023	1.367608	-3.691247	0.250481	0.143949
0.908540	0.118698	-0.001572	-0.845833	-0.029411	0.010788	-0.160983	-0.025025	-0.063340	-0.339292	0.089271	0.068680	-4.179376	0.737234	-1.217930	12.255304	0.267186	-0.071713	-1.500377	-0.115054	1.257283	-5.020029	0.221594	0.135447
0.863776	0.123548	-0.014493	-0.730260	-0.027000	0.010369	-0.170161	-0.027370	-0.051767	-0.402164	0.091201	0.069915	-4.476409	0.485013	-1.292110	11.557331	0.241093	-0.041980	-0.917727	-0.234513	1.157281	-6.287159	0.192997	0.123512
0.818134	0.126053	-0.026897	-0.624678	-0.024891	0.010227	-0.173774	-0.030278	-0.040917	-0.476691	0.092878	0.071022	-4.564133	0.250501	-1.240421	10.558133	0.210875	-0.014128	-0.361375	-0.290821	1.084986	-7.452654	0.167733	0.110689
0.773883	0.126550	-0.037571	-0.531878	-0.023123	0.010336	-0.171866	-0.033044	-0.030404	-0.561547	0.094357	0.072016	-4.425093	0.049774	-1.067376	9.280063	0.176884	0.010881	0.190843	-0.276581	1.051351	-8.485611	0.147950	0.099378
0.733274	0.125580	-0.045485	-0.454206	-0.021722	0.010658	-0.164211	-0.034895	-0.019818	-0.655189	0.095702	0.072927	-4.060943	-0.097018	-0.791425	7.767196	0.140073	0.032158	0.765465	-0.185080	1.058544	-9.364244	0.134480	0.091190
0.698309	0.123854	-0.049898	-0.393352	-0.020701	0.011150	-0.150351	-0.035043	-0.008836	-0.755930	0.096971	0.073794	-3.496514	-0.172622	-0.441250	6.085317	0.102084	0.049227	1.386042	-0.014815	1.098255	-10.074101	0.126841	0.086665
0.670524	0.122141	-0.050394	-0.350175	-0.020050	0.011773	-0.129676	-0.032788	0.002707	-0.861987	0.098207	0.074648	-2.778428	-0.171348	-0.049607	4.317715	0.065065	0.062309	2.067528	0.225512	1.154310	-10.605673	0.123602	0.085368
0.650836	0.121116	-0.046890	-0.324605	-0.019738	0.012495	-0.101539	-0.027636	0.014781	-0.971512	0.099435	0.075510	-1.968875	-0.102488	0.350410	2.557054	0.031257	0.072217	2.813666	0.515109	1.207370	-10.952472	0.122883	0.086224
0.639461	0.121262	-0.039648	-0.315650	-0.019712	0.013293	-0.065371	-0.019402	0.027163	-1.082611	0.100663	0.076389	-1.137427	0.014630	0.724166	0.895490	0.002546	0.079803	3.616770	0.823413	1.238153	-11.109943	0.122767	0.087895
0.635914	0.122847	-0.029302	-0.321482	-0.019911	0.014147	-0.020783	-0.008246	0.039453	-1.193361	0.101878	0.077279	-0.354705	0.158540	1.034634	-0.583198	-0.019825	0.085383	4.458782	1.115644	1.228991	-11.075045	0.121486	0.089044
0.639014	0.125937	-0.016818	-0.339551	-0.020264	0.015033	0.032342	0.005344	0.051101	-1.301824	0.103052	0.078163	0.309959	0.308917	1.248351	-1.806949	-0.035304	0.088622	5.312542	1.358980	1.164890	-10.846216	0.117430	0.088408
0.646904	0.130387	-0.003368	-0.366712	-0.020703	0.015923	0.093769	0.020612	0.061445	-1.406059	0.104143	0.079011	0.788984	0.445051	1.344972	-2.716109	-0.043952	0.088936	6.142709	1.526793	1.034398	-10.423503	0.109124	0.084791
0.657109	0.135842	0.009836	-0.399375	-0.021167	0.016784	0.162840	0.036617	0.069750	-1.504147	0.105097	0.079782	1.020491	0.545521	1.320474	-3.266240	-0.046386	0.086102	6.907138	1.600542	0.830486	-9.808838	0.095340	0.077114
0.666695	0.141754	0.021661	-0.433728	-0.021605	0.017591	0.238439	0.052318	0.075270	-1.594215	0.105850	0.080428	0.958582	0.591161	1.182469	-3.435296	-0.043777	0.080708	7.559880	1.570027	0.551950	-9.006812	0.075285	0.064546
0.672557	0.147427	0.031136	-0.466049	-0.021983	0.018331	0.318997	0.066644	0.077324	-1.674476	0.106337	0.080894	0.586257	0.567295	0.947514	-3.232132	-0.037806	0.074007	8.055764	1.432602	0.205471	-8.026135	0.048748	0.046605
0.671796	0.152065	0.037575	-0.493051	-0.022287	0.019002	0.402561	0.078568	0.075395	-1.743289	0.106498	0.081126	-0.076149	0.463830	0.643907	-2.700153	-0.030371	0.067146	8.356374	1.192475	-0.192923	-6.881282	0.016106	0.023195
0.662072	0.154829	0.040687	-0.512165	-0.022518	0.019607	0.486933	0.087181	0.069201	-1.799223	0.106280	0.081072	-0.972392	0.276368	0.311175	-1.911394	-0.023172	0.060454	8.437255	0.861317	-0.619378	-5.593357	-0.021782	-0.005409
0.641855	0.154925	0.040593	-0.521692	-0.022693	0.020142	0.569868	0.091777	0.058732	-1.841119	0.105643	0.080686	-2.021673	0.009591	-0.009349	-0.952746	-0.017481	0.053511	8.293482	0.459539	-1.046990	-4.189603	-0.063776	-0.038573
0.610510	0.151725	0.037724	-0.520812	-0.022835	0.020600	0.649260	0.091935	0.044229	-1.868135	0.104557	0.079933	-3.134476	-0.320012	-0.286897	0.087989	-0.014206	0.045832	7.939173	0.015826	-1.450281	-2.701586	-0.108613	-0.075327
0.568250	0.144869	0.032645	-0.509511	-0.022975	0.020975	0.723271	0.087570	0.026160	-1.879759	0.103008	0.078790	-4.226047	-0.685574	-0.507927	1.130150	-0.014036	0.037468	7.401084	-0.436520	-1.806910	-1.162466	-0.154870	-0.114310
0.516012	0.134315	0.025890	-0.488488	-0.023151	0.021266	0.790383	0.078918	0.005175	-1.875801	0.101000	0.077253	-5.223800	-1.055386	-0.675491	2.102221	-0.017504	0.029073	6.711293	-0.865199	-2.098513	0.395818	-0.200795	-0.153698
0.455316	0.120323	0.017845	-0.459076	-0.023400	0.021482	0.849408	0.066481	-0.017947	-1.856357	0.098557	0.075340	-6.069526	-1.399229	-0.804528	2.941192	-0.024998	0.021605	5.902469	-1.243669	-2.312136	1.944395	-0.244300	-0.191271
0.388118	0.103399	0.008694	-0.423149	-0.023768	0.021642	0.899464	0.050952	-0.042356	-1.821778	0.095725	0.073093	-6.719853	-1.692400	-0.915123	3.592712	-0.036753	0.016020	5.005604	-1.552930	-2.440900	3.457883	-0.283227	-0.224702
0.316642	0.084234	-0.001561	-0.383013	-0.024297	0.021774	0.939954	0.033148	-0.067189	-1.772640	0.092567	0.070574	-7.147614	-1.916472	-1.025499	4.013595	-0.052881	0.013229	4.048961	-1.780359	-2.483313	4.913809	-0.315723	-0.251921
0.243207	0.063652	-0.013022	-0.341258	-0.025031	0.021917	0.970531	0.013973	-0.091613	-1.709724	0.089162	0.067860	-7.343439	-2.058194	-1.146099	4.175497	-0.073397	0.014250	3.057745	-1.917562	-2.442387	6.291619	-0.340493	-0.271414
0.170059	0.042565	-0.025763	-0.300591	-0.026012	0.022119	0.991076	-0.005621	-0.114863	-1.634009	0.085594	0.065036	-7.314847	-2.108686	-1.274065	4.066718	-0.098122	0.020266	2.054512	-1.959364	-2.324998	7.571543	-0.356819	-0.282376
0.099244	0.021929	-0.039663	-0.263692	-0.027277	0.022442	1.001678	-0.024667	-0.136273	-1.546674	0.081949	0.062188	-7.081495	-2.063638	-1.389989	3.689904	-0.126460	0.032306	1.060188	-1.904625	-2.141034	8.733455	-0.364480	-0.284763
0.032560	0.002690	-0.054286	-0.233120	-0.028849	0.022950	1.002631	-0.042247	-0.155298	-1.449114	0.078312	0.059396	-6.668410	-1.923925	-1.462287	3.057194	-0.157234	0.050716	0.095302	-1.758010	-1.902528	9.755973	-0.363701	-0.279248
-0.028451	-0.014272	-0.068878	-0.211251	-0.030737	0.023698	0.994440	-0.057558	-0.171532	-1.342954	0.074761	0.056725	-6.101068	-1.696166	-1.459248	2.186901	-0.188779	0.074856	-0.819125	-1.531087	-1.623399	10.616059	-0.355115	-0.267073
-0.082498	-0.028204	-0.082494	-0.200215	-0.032928	0.024729	0.977825	-0.069975	-0.184728	-1.230062	0.071365	0.054227	-5.404767	-1.393191	-1.361605	1.103635	-0.219136	0.103103	-1.661486	-1.241681	-1.319521	11.289169	-0.339682	-0.249800
-0.128573	-0.038544	-0.094188	-0.201810	-0.035390	0.026059	0.953724	-0.079091	-0.194811	-1.112564	0.068179	0.051937	-4.607433	-1.034036	-1.169367	-0.159506	-0.246236	0.132973	-2.410119	-0.911634	-1.008316	11.749789	-0.318561	-0.229040
-0.165998	-0.044972	-0.103198	-0.217398	-0.038072	0.027674	0.923283	-0.084732	-0.201889	-0.992839	0.065249	0.049874	-3.742553	-0.642798	-0.901039	-1.558769	-0.268151	0.161479	-3.044049	-0.564025	-0.707773	11.972512	-0.292991	-0.206245
-0.194483	-0.047438	-0.109078	-0.247797	-0.040907	0.029532	0.887848	-0.086942	-0.206240	-0.873499	0.062607	0.048048	-2.848486	-0.246544	-0.588002	-3.039909	-0.283518	0.185785	-3.543589	-0.221061	-0.435159	11.934035	-0.264219	-0.182624
-0.214112	-0.046172	-0.111768	-0.293220	-0.043827	0.031570	0.848940	-0.085974	-0.208295	-0.757335	0.060272	0.046457	-1.962867	0.126550	-0.268955	-4.542287	-0.291943	0.203828	-3.890804	0.096783	-0.205495	11.616337	-0.233469	-0.159079
-0.225261	-0.041690	-0.111614	-0.353276	-0.046768	0.033717	0.808234	-0.082267	-0.208597	-0.647226	0.058253	0.045096	-1.114957	0.448276	0.015405	-6.005643	-0.294104	0.214674	-4.070527	0.370766	-0.030235	11.010924	-0.201916	-0.136118
-0.228465	-0.034776	-0.109318	-0.427041	-0.049681	0.035901	0.767507	-0.076429	-0.207763	-0.545992	0.056546	0.043958	-0.320386	0.691336	0.229557	-7.376456	-0.291388	0.218480	-4.072745	0.583781	0.083422	10.123384	-0.170647	-0.113774
-0.224271	-0.026466	-0.105819	-0.513159	-0.052534	0.038063	0.728546	-0.069222	-0.206433	-0.456226	0.055141	0.043042	0.419444	0.831046	0.349871	-8.611822	-0.285283	0.216129	-3.896084	0.720672	0.132993	8.976671	-0.140591	-0.091672
-0.213131	-0.017980	-0.102142	-0.609964	-0.055303	0.040150	0.693041	-0.061529	-0.205214	-0.380112	0.054016	0.042349	1.114009	0.848608	0.367712	-9.680552	-0.276888	0.208733	-3.550536	0.769273	0.121943	7.611353	-0.112445	-0.069264
-0.195343	-0.010621	-0.099250	-0.715587	-0.057971	0.042123	0.662466	-0.054307	-0.204598	-0.319286	0.053150	0.041888	1.778771	0.735841	0.289245	-10.562218	-0.266749	0.197250	-3.057486	0.722200	0.061548	6.082614	-0.086658	-0.046109
-0.171033	-0.005628	-0.097919	-0.828038	-0.060520	0.043946	0.637991	-0.048518	-0.204883	-0.274729	0.052514	0.041668	2.430995	0.499348	0.133119	-11.245177	-0.254954	0.182373	-2.447443	0.578947	-0.028446	4.455706	-0.063528	-0.022031
-0.140165	-0.004012	-0.098655	-0.945282	-0.062933	0.045592	0.620416	-0.045042	-0.206102	-0.246714	0.052080	0.041695	3.086858	0.161531	-0.073612	-11.724380	-0.241322	0.164591	-1.757499	0.347558	-0.121875	2.801525	-0.043391	0.002788
-0.102573	-0.006433	-0.101657	-1.065275	-0.065189	0.047035	0.610122	-0.044593	-0.208003	-0.234790	0.051812	0.041972	3.759174	-0.242084	-0.300202	-11.999290	-0.225581	0.144297	-1.029436	0.044984	-0.190188	1.192343	-0.026809	0.027659
-0.058021	-0.013112	-0.106815	-1.185995	-0.067264	0.048253	0.607040	-0.047635	-0.210075	-0.237815	0.051666	0.042484	4.455177	-0.667856	-0.515844	-12.071994	-0.207465	0.121838	-0.308199	-0.304228	-0.207140	-0.302451	-0.014621	0.051219
-0.006279	-0.023814	-0.113738	-1.305451	-0.069132	0.049229	0.610625	-0.054331	-0.211625	-0.254005	0.051588	0.043199	5.174209	-1.070225	-0.692290	-11.945635	-0.186789	0.097533	0.358498	-0.669658	-0.154984	-1.619032	-0.007820	0.071467
0.052773	-0.037894	-0.121802	-1.421685	-0.070767	0.049945	0.619811	-0.064485	-0.211955	-0.280997	0.051516	0.044061	5.905228	-1.407971	-0.806425	-11.623343	-0.163508	0.071635	0.918610	-1.015387	-0.032994	-2.699150	-0.007160	0.086239
0.119019	-0.054383	-0.130221	-1.532763	-0.072144	0.050388	0.632954	-0.077499	-0.210578	-0.315896	0.051390	0.045002	6.624565	-1.648893	-0.841872	-11.107779	-0.137685	0.044291	1.314337	-1.301420	0.137663	-3.489943	-0.012581	0.094030
0.191973	-0.072109	-0.138111	-1.636777	-0.073238	0.050544	0.647810	-0.092413	-0.207351	-0.355377	0.051162	0.045949	7.295376	-1.772655	-0.788988	-10.401490	-0.109451	0.015585	1.485529	-1.491318	0.322743	-3.948150	-0.022811	0.094701
0.270675	-0.089831	-0.144560	-1.731861	-0.074029	0.050400	0.661620	-0.108048	-0.202418	-0.395880	0.050807	0.046844	7.870204	-1.772198	-0.644875	-9.508387	-0.079051	-0.014359	1.381049	-1.563546	0.493300	-4.050215	-0.035493	0.089539
0.353649	-0.106357	-0.148704	-1.816223	-0.074497	0.049947	0.671376	-0.123208	-0.196072	-0.433914	0.050330	0.047650	8.297438	-1.652589	-0.414470	-8.436137	-0.046856	-0.045350	0.975539	-1.515980	0.634554	-3.803452	-0.047709	0.080595
0.438969	-0.120629	-0.149815	-1.888207	-0.074630	0.049175	0.674208	-0.136806	-0.188684	-0.466416	0.049764	0.048348	8.531982	-1.427212	-0.111062	-7.198421	-0.013269	-0.077151	0.283273	-1.359844	0.738781	-3.250134	-0.056630	0.069760
0.524442	-0.131770	-0.147358	-1.946367	-0.074416	0.048081	0.667811	-0.147923	-0.180710	-0.491018	0.049164	0.048930	8.547292	-1.114111	0.245693	-5.816020	0.021365	-0.109459	-0.639726	-1.111654	0.797418	-2.460231	-0.060009	0.058230
0.607862	-0.139119	-0.141024	-1.989531	-0.073849	0.046662	0.650738	-0.155835	-0.172672	-0.506188	0.048600	0.049396	8.342003	-0.734829	0.633428	-4.316370	0.056756	-0.141831	-1.707311	-0.791251	0.803795	-1.516982	-0.056344	0.046623
0.687231	-0.142267	-0.130728	-2.016848	-0.072923	0.044926	0.622515	-0.160073	-0.165079	-0.511221	0.048152	0.049751	7.936857	-0.314858	1.029551	-2.731714	0.092553	-0.173618	-2.822347	-0.423731	0.759298	-0.503371	-0.044816	0.035510
0.760881	-0.141098	-0.116617	-2.027811	-0.071642	0.042887	0.583571	-0.160468	-0.158333	-0.506165	0.047900	0.050009	7.365029	0.116930	1.411144	-1.096296	0.128166	-0.203907	-3.894364	-0.039575	0.674614	0.505638	-0.025196	0.025816
0.827502	-0.135786	-0.099071	-2.022246	-0.070015	0.040572	0.535071	-0.157186	-0.152646	-0.491717	0.047923	0.050197	6.662151	0.531226	1.754624	0.556463	0.162676	-0.231489	-4.850000	0.328198	0.568700	1.444780	0.002218	0.018724
0.886103	-0.126761	-0.078695	-2.000289	-0.068066	0.038022	0.478713	-0.150698	-0.147971	-0.469148	0.048289	0.050349	5.860066	0.902487	2.037545	2.195708	0.194917	-0.254994	-5.635830	0.648842	0.467496	2.256882	0.036617	0.015268
0.935950	-0.114640	-0.056284	-1.962353	-0.065829	0.035291	0.416541	-0.141709	-0.143972	-0.440227	0.049056	0.050510	4.984729	1.212050	2.241121	3.793631	0.223688	-0.273125	-6.217171	0.898922	0.399916	2.892107	0.076703	0.016056
0.976517	-0.100152	-0.032771	-1.909100	-0.063349	0.032442	0.350772	-0.131058	-0.140053	-0.407125	0.050263	0.050723	4.056625	1.448804	2.351338	5.325244	0.247947	-0.284874	-6.576851	1.065048	0.391894	3.310221	0.120766	0.021308
1.007440	-0.084075	-0.009178	-1.841422	-0.060680	0.029546	0.283625	-0.119622	-0.135448	-0.372280	0.051931	0.051033	3.092332	1.607716	2.359308	6.767844	0.266894	-0.289630	-6.714760	1.143657	0.460481	3.484470	0.166771	0.031044
1.028507	-0.067198	0.013442	-1.760420	-0.057880	0.026674	0.217166	-0.108230	-0.129362	-0.338243	0.054056	0.051485	2.106682	1.687694	2.261966	8.100238	0.280020	-0.287232	-6.645894	1.139162	0.608590	3.403689	0.212479	0.045201
1.039656	-0.050291	0.034070	-1.667400	-0.055008	0.023894	0.153212	-0.097612	-0.121131	-0.307538	0.056613	0.052121	1.114905	1.690750	2.062748	9.301965	0.287170	-0.277981	-6.395400	1.061836	0.823109	3.070500	0.255665	0.063532
1.040996	-0.034062	0.051787	-1.563872	-0.052123	0.021269	0.093286	-0.088349	-0.110355	-0.282567	0.059555	0.052974	0.134004	1.622912	1.771760	10.352784	0.288535	-0.262531	-5.992545	0.926324	1.077594	2.497165	0.294291	0.085355
1.032825	-0.019112	0.065844	-1.451549	-0.049277	0.018852	0.038614	-0.080843	-0.096994	-0.265538	0.062821	0.054068	-0.817097	1.494965	1.405678	11.232345	0.284569	-0.241702	-5.467229	0.750552	1.336105	1.702835	0.326550	0.109399
1.015643	-0.005899	0.075718	-1.332351	-0.046518	0.016688	-0.009886	-0.075302	-0.081409	-0.258401	0.066330	0.055407	-1.718197	1.321291	0.987447	11.919756	0.275910	-0.216372	-4.849962	0.554104	1.558522	0.713728	0.350919	0.133906
0.990160	0.005273	0.081172	-1.208418	-0.043885	0.014813	-0.051613	-0.071741	-0.064307	-0.262756	0.069994	0.056976	-2.548268	1.117231	0.545328	12.393307	0.263323	-0.187499	-4.172754	0.356065	1.710180	-0.435499	0.366416	0.156893
0.957307	0.014238	0.082282	-1.082109	-0.041409	0.013251	-0.086296	-0.070010	-0.046596	-0.279769	0.073723	0.058742	-3.285299	0.896470	0.111030	12.630931	0.247634	-0.156177	-3.468315	0.173172	1.771126	-1.701243	0.372915	0.176551
0.918248	0.020935	0.079452	-0.955992	-0.039113	0.012015	-0.113964	-0.069823	-0.029200	-0.310095	0.077437	0.060658	-3.905898	0.669659	-0.283016	12.611719	0.229622	-0.123645	-2.766766	0.018666	1.739619	-3.032653	0.371319	0.191652
0.874395	0.025383	0.073382	-0.832808	-0.037014	0.011103	-0.134873	-0.070804	-0.012895	-0.353850	0.081071	0.062676	-4.385317	0.444848	-0.606993	12.318374	0.209898	-0.091214	-2.090957	-0.098069	1.630513	-4.375520	0.363451	0.201779
0.827406	0.027679	0.065010	-0.715401	-0.035125	0.010501	-0.149400	-0.072513	0.001802	-0.410620	0.084588	0.064750	-4.698869	0.229589	-0.837144	11.740660	0.188826	-0.060165	-1.452701	-0.170931	1.469691	-5.676988	0.351694	0.207354
0.779150	0.028017	0.055422	-0.606604	-0.033460	0.010184	-0.157915	-0.074467	0.014665	-0.479519	0.087973	0.066845	-4.825600	0.033795	-0.958814	10.879720	0.166567	-0.031665	-0.851455	-0.195439	1.286270	-6.889862	0.338516	0.209520
0.731612	0.026735	0.045734	-0.509080	-0.032027	0.010117	-0.160674	-0.076134	0.025725	-0.559277	0.091233	0.068943	-4.753789	-0.128234	-0.968844	9.752354	0.143253	-0.006700	-0.275897	-0.166639	1.105989	-7.975799	0.325995	0.209837
0.686754	0.024352	0.036964	-0.425145	-0.030835	0.010258	-0.157754	-0.076919	0.035198	-0.648346	0.094388	0.071041	-4.485885	-0.238290	-0.876977	8.393581	0.119222	0.014051	0.291989	-0.078504	0.947345	-8.906875	0.315441	0.209753
0.646354	0.021570	0.029915	-0.356585	-0.029883	0.010562	-0.149035	-0.076182	0.043400	-0.745000	0.097460	0.073141	-4.039983	-0.278179	-0.704956	6.855982	0.095190	0.030408	0.871881	0.073674	0.820114	-9.665488	0.307197	0.210055
0.611884	0.019206	0.025097	-0.304528	-0.029161	0.010991	-0.134226	-0.073295	0.050656	-0.847430	0.100466	0.075247	-3.447004	-0.236371	-0.481784	5.205681	0.072244	0.042875	1.480974	0.288737	0.725658	-10.242918	0.300617	0.210551
0.584429	0.018067	0.022726	-0.269368	-0.028644	0.011516	-0.112910	-0.067737	0.057244	-0.953799	0.103408	0.077348	-2.745472	-0.113883	-0.237081	3.516028	0.051691	0.052566	2.131535	0.555768	0.658737	-10.636979	0.294213	0.210122
0.564662	0.018815	0.022750	-0.250762	-0.028296	0.012123	-0.084613	-0.059205	0.063348	-1.062293	0.106268	0.079419	-1.976698	0.074733	0.002372	1.860566	0.034791	0.060712	2.829723	0.853160	0.610472	-10.849356	0.285988	0.207098
0.552836	0.021867	0.024872	-0.247688	-0.028070	0.012803	-0.048864	-0.047696	0.069060	-1.171127	0.109006	0.081416	-1.182608	0.305253	0.212190	0.307370	0.022536	0.067973	3.574936	1.150920	0.571130	-10.883385	0.273870	0.199742
0.548767	0.027354	0.028581	-0.258521	-0.027915	0.013544	-0.005273	-0.033544	0.074372	-1.278554	0.111567	0.083283	-0.406871	0.548677	0.370977	-1.083305	0.015533	0.074078	4.359104	1.415229	0.531263	-10.742692	0.256079	0.186621
0.551785	0.035100	0.033227	-0.281102	-0.027776	0.014324	0.046382	-0.017405	0.079187	-1.382859	0.113880	0.084950	0.301828	0.774622	0.464592	-2.258085	0.013953	0.078036	5.165433	1.613930	0.481493	-10.430537	0.231313	0.166780
0.560653	0.044635	0.038137	-0.312785	-0.027601	0.015111	0.106050	-0.000190	0.083311	-1.482356	0.115869	0.086348	0.886714	0.953528	0.490941	-3.168312	0.017468	0.078708	5.966780	1.721461	0.412439	-9.949649	0.198872	0.139785
0.573490	0.055235	0.042729	-0.350487	-0.027349	0.015865	0.173302	0.017033	0.086465	-1.575382	0.117457	0.087406	1.283769	1.059919	0.459222	-3.770150	0.025213	0.075416	6.725211	1.722249	0.315378	-9.302631	0.158743	0.105753
0.587791	0.066010	0.046549	-0.390787	-0.026991	0.016550	0.247245	0.033156	0.088298	-1.660312	0.118573	0.088060	1.430111	1.077527	0.382047	-4.029985	0.035813	0.068422	7.394332	1.612365	0.183299	-8.493040	0.111626	0.065407
0.600582	0.076040	0.049239	-0.430132	-0.026516	0.017141	0.326486	0.047150	0.088420	-1.735583	0.119161	0.088261	1.279032	1.003000	0.268946	-3.934540	0.047491	0.059097	7.924128	1.399392	0.012199	-7.527068	0.058842	0.020096
0.608734	0.084489	0.050528	-0.465138	-0.025933	0.017635	0.409158	0.058156	0.086445	-1.799738	0.119183	0.087978	0.815185	0.844884	0.128957	-3.500586	0.058280	0.049404	8.267194	1.100575	-0.197507	-6.415465	0.002131	-0.028308
0.609361	0.090678	0.050294	-0.492914	-0.025269	0.018043	0.493027	0.065551	0.082043	-1.851488	0.118616	0.087201	0.062704	0.618931	-0.023425	-2.777601	0.066385	0.040879	8.386849	0.739514	-0.440191	-5.175033	-0.056642	-0.077676
0.600196	0.094110	0.048606	-0.511322	-0.024564	0.018383	0.575694	0.068971	0.074986	-1.889777	0.117458	0.085941	-0.916497	0.343146	-0.168803	-1.840758	0.070547	0.033942	8.266704	0.342048	-0.705698	-3.828951	-0.115766	-0.125941
0.579863	0.094463	0.045704	-0.519104	-0.023862	0.018664	0.654855	0.068300	0.065177	-1.913832	0.115720	0.084229	-2.033283	0.035394	-0.290235	-0.778232	0.070113	0.028064	7.916146	-0.067104	-0.980965	-2.405430	-0.173811	-0.171291
0.547984	0.091604	0.041892	-0.515894	-0.023214	0.018889	0.728514	0.063644	0.052664	-1.923180	0.113425	0.082107	-3.187897	-0.285946	-0.381152	0.320971	0.064843	0.022526	7.365890	-0.465640	-1.251281	-0.934816	-0.229523	-0.212139
0.505115	0.085593	0.037409	-0.502142	-0.022667	0.019060	0.795082	0.055307	0.037650	-1.917645	0.110609	0.079637	-4.286911	-0.601138	-0.448299	1.375177	0.054746	0.017088	6.656752	-0.833658	-1.501404	0.553471	-0.281637	-0.247049
0.452573	0.076686	0.032326	-0.479005	-0.022266	0.019181	0.853382	0.043767	0.020478	-1.897319	0.107321	0.076889	-5.254151	-0.890657	-0.508278	2.313755	0.040020	0.012150	5.830018	-1.153998	-1.717206	2.032653	-0.328821	-0.274783
0.392232	0.065305	0.026512	-0.448228	-0.022056	0.019266	0.902610	0.029633	0.001606	-1.862530	0.103622	0.073944	-6.034145	-1.138100	-0.581491	3.077704	0.021007	0.008495	4.922793	-1.413455	-1.887164	3.478877	-0.369815	-0.294442
0.326316	0.051985	0.019645	-0.412030	-0.022075	0.019336	0.942275	0.013595	-0.018422	-1.813821	0.099587	0.070889	-6.591532	-1.331998	-0.686677	3.619773	-0.001889	0.007015	3.966558	-1.603792	-2.002843	4.870875	-0.403573	-0.305572
0.257213	0.037328	0.011295	-0.372967	-0.022357	0.019423	0.972146	-0.003618	-0.039009	-1.751928	0.095294	0.067807	-6.910368	-1.465724	-0.834991	3.906331	-0.028213	0.008648	2.987061	-1.721265	-2.058638	6.189299	-0.429308	-0.308214
0.187274	0.021969	0.001062	-0.333767	-0.022931	0.019567	0.992195	-0.021267	-0.059524	-1.677771	0.090829	0.064777	-6.993853	-1.535905	-1.023288	3.920010	-0.057348	0.014417	2.004864	-1.764960	-2.051560	7.415729	-0.446504	-0.302940
0.118660	0.006565	-0.011237	-0.297171	-0.023814	0.019820	1.002561	-0.038623	-0.079337	-1.592456	0.086279	0.061868	-6.861425	-1.540428	-1.229907	3.659542	-0.088364	0.025263	1.036671	-1.735597	-1.981307	8.531486	-0.454989	-0.290870
0.053246	-0.008211	-0.025415	-0.265816	-0.025014	0.020236	1.003540	-0.054983	-0.097840	-1.497290	0.081729	0.059133	-6.541387	-1.477512	-1.417822	3.135491	-0.119971	0.041621	0.097900	-1.635928	-1.850274	9.516652	-0.455011	-0.273573
-0.007378	-0.021678	-0.040876	-0.242162	-0.026521	0.020866	0.995598	-0.069707	-0.114475	-1.393794	0.077257	0.056604	-6.062426	-1.346785	-1.546029	2.365395	-0.150657	0.063065	-0.794190	-1.472412	-1.663458	10.349565	-0.447184	-0.252849
-0.061875	-0.033196	-0.056696	-0.228439	-0.028309	0.021749	0.979410	-0.082273	-0.128761	-1.283724	0.072933	0.054300	-5.449735	-1.151747	-1.582038	1.372350	-0.178833	0.088266	-1.618856	-1.256593	-1.428625	11.006996	-0.432328	-0.230416
-0.109147	-0.042214	-0.071791	-0.226571	-0.030338	0.022900	0.955880	-0.092319	-0.140330	-1.169074	0.068820	0.052223	-4.727193	-0.901827	-1.509520	0.186796	-0.202858	0.115081	-2.352986	-1.004619	-1.156933	11.465013	-0.411354	-0.207658
-0.148369	-0.048341	-0.085108	-0.238083	-0.032549	0.024308	0.926140	-0.099669	-0.148964	-1.052070	0.064968	0.050368	-3.922152	-0.612672	-1.331709	-1.151176	-0.221178	0.140797	-2.974015	-0.735000	-0.863380	11.700341	-0.385218	-0.185502
-0.179053	-0.051389	-0.095814	-0.263993	-0.034877	0.025935	0.891514	-0.104331	-0.154628	-0.935150	0.061419	0.048724	-3.068399	-0.304805	-1.070548	-2.590991	-0.232742	0.162693	-3.462629	-0.466248	-0.566400	11.692075	-0.354887	-0.164443
-0.201095	-0.051409	-0.103435	-0.304730	-0.037252	0.027722	0.853472	-0.106488	-0.157494	-0.820909	0.058206	0.047278	-2.204191	-0.001976	-0.762076	-4.073782	-0.237506	0.178756	-3.804110	-0.215676	-0.286548	11.424021	-0.321280	-0.144620
-0.214750	-0.048708	-0.107936	-0.360108	-0.039618	0.029604	0.813587	-0.106481	-0.157938	-0.712030	0.055354	0.046019	-1.365536	0.270063	-0.450173	-5.537776	-0.236648	0.188159	-3.988590	0.000746	-0.044425	10.887967	-0.285248	-0.125860
-0.220536	-0.043858	-0.109724	-0.429357	-0.041941	0.031517	0.773474	-0.104796	-0.156521	-0.611155	0.052877	0.044943	-0.578597	0.484979	-0.178801	-6.924902	-0.232273	0.191309	-4.011276	0.168496	0.141733	10.087463	-0.247608	-0.107661
-0.219087	-0.037680	-0.109565	-0.511222	-0.044208	0.033412	0.734739	-0.102046	-0.153938	-0.520746	0.050786	0.044050	0.144924	0.617840	0.015890	-8.186498	-0.226744	0.189476	-3.873472	0.274953	0.258228	9.040873	-0.209168	-0.089242
-0.211008	-0.031200	-0.108453	-0.604088	-0.046428	0.035254	0.698898	-0.098946	-0.150955	-0.442924	0.049079	0.043352	0.807912	0.647943	0.111210	-9.286621	-0.221986	0.184187	-3.584101	0.309984	0.298333	7.782273	-0.170699	-0.069779
-0.196767	-0.025570	-0.107441	-0.706110	-0.048619	0.037021	0.667293	-0.096277	-0.148302	-0.379328	0.047749	0.042865	1.424080	0.563001	0.101180	-10.202125	-0.219053	0.176729	-3.160459	0.266909	0.265335	6.359578	-0.132944	-0.048740
-0.176642	-0.021934	-0.107471	-0.815313	-0.050799	0.038700	0.641016	-0.094834	-0.146559	-0.331019	0.046782	0.042604	2.012506	0.363600	-0.002993	-10.920303	-0.218060	0.167944	-2.627752	0.144307	0.174291	4.830893	-0.096704	-0.026140
-0.150714	-0.021279	-0.109231	-0.929671	-0.052983	0.040283	0.620834	-0.095349	-0.146059	-0.298411	0.046152	0.042577	2.592838	0.065554	-0.175992	-11.435874	-0.218379	0.158264	-2.018186	-0.051525	0.049984	3.260744	-0.063009	-0.002620
-0.118891	-0.024289	-0.113071	-1.047156	-0.055173	0.041762	0.607136	-0.098395	-0.146849	-0.281243	0.045820	0.042784	3.182258	-0.300977	-0.383981	-11.748481	-0.218960	0.147849	-1.369832	-0.304526	-0.079000	1.716810	-0.033217	0.020661
-0.080952	-0.031244	-0.118979	-1.165766	-0.057359	0.043128	0.599890	-0.104289	-0.148713	-0.278580	0.045731	0.043206	3.793940	-0.695539	-0.590830	-11.860957	-0.218645	0.136694	-0.724556	-0.589441	-0.186457	0.266385	-0.008891	0.042212
-0.036593	-0.041982	-0.126614	-1.283546	-0.059523	0.044375	0.598639	-0.113048	-0.151231	-0.288856	0.045816	0.043810	4.435818	-1.073815	-0.763420	-11.778044	-0.216386	0.124668	-0.125161	-0.875917	-0.251756	-1.027684	0.008522	0.060391
0.014492	-0.055927	-0.135364	-1.398599	-0.061637	0.045490	0.602502	-0.124375	-0.153858	-0.309957	0.045997	0.044546	5.108559	-1.394513	-0.874995	-11.505249	-0.211353	0.111518	0.386327	-1.132709	-0.262744	-2.110101	0.018029	0.073563
0.072521	-0.072171	-0.144427	-1.509078	-0.063666	0.046459	0.610184	-0.137669	-0.156056	-0.339301	0.046190	0.045349	5.802866	-1.624412	-0.906383	-11.047965	-0.202937	0.096878	0.768252	-1.329426	-0.219805	-2.934384	0.019363	0.080377
0.137496	-0.089578	-0.152887	-1.613190	-0.065573	0.047262	0.619979	-0.152063	-0.157395	-0.373945	0.046323	0.046151	6.497526	-1.740654	-0.845918	-10.411193	-0.190725	0.080303	0.979510	-1.439371	-0.133860	-3.464378	0.013229	0.080166
0.209090	-0.106891	-0.159777	-1.709191	-0.067318	0.047876	0.629815	-0.166517	-0.157558	-0.410729	0.046337	0.046885	7.159400	-1.731328	-0.689048	-9.600105	-0.174471	0.061350	0.983571	-1.445374	-0.016294	-3.678390	0.001421	0.073349
0.286546	-0.122846	-0.164162	-1.795407	-0.068859	0.048272	0.637381	-0.179949	-0.156288	-0.446483	0.046203	0.047500	7.745539	-1.595444	-0.438526	-8.621550	-0.154092	0.039634	0.756564	-1.343228	0.126963	-3.575447	-0.013344	0.061502
0.368626	-0.136271	-0.165218	-1.870267	-0.070155	0.048421	0.640349	-0.191339	-0.153402	-0.478290	0.045924	0.047968	8.208004	-1.342499	-0.105580	-7.486001	-0.129635	0.014856	0.296834	-1.138965	0.288633	-3.180618	-0.027956	0.046839
0.453646	-0.146186	-0.162320	-1.932356	-0.071168	0.048290	0.636657	-0.199784	-0.148890	-0.503738	0.045528	0.048282	8.502057	-0.991561	0.289791	-6.208875	-0.101248	-0.013089	-0.369247	-0.844556	0.451207	-2.544837	-0.039548	0.031373
0.539606	-0.151881	-0.155101	-1.980463	-0.071860	0.047850	0.624764	-0.204559	-0.142986	-0.521112	0.045070	0.048446	8.595961	-0.569465	0.721948	-4.810716	-0.069194	-0.043925	-1.189312	-0.477466	0.590440	-1.737394	-0.045817	0.016384
0.624384	-0.152960	-0.143451	-2.013629	-0.072199	0.047082	0.603829	-0.205181	-0.136107	-0.529462	0.044620	0.048471	8.477800	-0.107862	1.164968	-3.316670	-0.033925	-0.076871	-2.093428	-0.062162	0.687891	-0.834978	-0.045059	0.002539
0.705938	-0.149359	-0.127492	-2.031183	-0.072161	0.045975	0.573777	-0.201473	-0.128719	-0.528586	0.044258	0.048375	8.155465	0.360020	1.595932	-1.755315	0.003841	-0.110672	-3.005232	0.370747	0.738777	0.087610	-0.036187	-0.009615
0.782438	-0.141337	-0.107551	-2.032748	-0.071730	0.044538	0.535243	-0.193593	-0.121214	-0.518956	0.044069	0.048182	7.649979	0.802265	1.994063	-0.156552	0.043020	-0.143688	-3.853434	0.788065	0.750454	0.962998	-0.018845	-0.019319
0.852303	-0.129424	-0.084167	-2.018241	-0.070909	0.042798	0.489434	-0.182008	-0.113844	-0.501624	0.044135	0.047925	6.986485	1.191233	2.338454	1.450666	0.082153	-0.174011	-4.580868	1.158417	0.737027	1.733185	0.006531	-0.025692
0.914184	-0.114360	-0.058085	-1.987848	-0.069713	0.040801	0.437947	-0.167448	-0.106689	-0.478128	0.044523	0.047645	6.188111	1.506394	2.608151	3.039379	0.119579	-0.199719	-5.148661	1.456080	0.715484	2.349579	0.038819	-0.028020
0.966930	-0.097003	-0.030241	-1.942004	-0.068176	0.038609	0.382582	-0.150813	-0.099655	-0.450392	0.045287	0.047385	5.274587	1.735761	2.784399	4.584394	0.153704	-0.219196	-5.536486	1.663411	0.703417	2.773605	0.076393	-0.025943
1.009570	-0.078251	-0.001716	-1.881387	-0.066344	0.036295	0.325173	-0.133097	-0.092498	-0.420605	0.046460	0.047191	4.263997	1.875145	2.852548	6.061665	0.183210	-0.231381	-5.740994	1.771635	0.715671	2.978721	0.117287	-0.019440
1.041330	-0.058991	0.026317	-1.806911	-0.064272	0.033936	0.267449	-0.115295	-0.084903	-0.391084	0.048053	0.047104	3.175993	1.926039	2.803222	7.447660	0.207183	-0.235900	-5.772386	1.780260	0.759501	2.952097	0.159335	-0.008629
1.061681	-0.040053	0.052654	-1.719723	-0.062020	0.031605	0.210961	-0.098335	-0.076591	-0.364145	0.050056	0.047168	2.035082	1.893853	2.633781	8.718772	0.225169	-0.233088	-5.648804	1.695927	0.831201	2.693829	0.200327	0.006371
1.070402	-0.022176	0.076153	-1.621213	-0.059649	0.029367	0.157058	-0.083020	-0.067421	-0.342011	0.052438	0.047421	0.872109	1.787636	2.349892	9.851010	0.237122	-0.223855	-5.390310	1.531501	0.916987	2.213477	0.238158	0.025264
1.067632	-0.005969	0.095814	-1.513011	-0.057217	0.027273	0.106907	-0.069966	-0.057445	-0.326748	0.055147	0.047893	-0.277031	1.620717	1.966068	10.820143	0.243256	-0.209405	-5.015014	1.305437	0.997595	1.526266	0.270893	0.047206
1.053885	0.008139	0.110863	-1.396993	-0.054778	0.025363	0.061516	-0.059559	-0.046902	-0.320230	0.058115	0.048599	-1.374688	1.410755	1.504905	11.601868	0.243870	-0.190957	-4.539097	1.040644	1.054304	0.651769	0.296825	0.070667
1.030035	0.019919	0.120818	-1.275276	-0.052385	0.023667	0.021715	-0.051937	-0.036158	-0.324076	0.061261	0.049536	-2.385013	1.178064	0.995542	12.171698	0.239269	-0.169618	-3.980183	0.762212	1.074471	-0.384565	0.314636	0.093641
0.997274	0.029344	0.125533	-1.150225	-0.050087	0.022203	-0.011890	-0.046994	-0.025613	-0.339569	0.064498	0.050677	-3.276024	0.942510	0.471435	12.505014	0.229813	-0.146379	-3.360502	0.494311	1.054480	-1.549281	0.323715	0.114103
0.957078	0.036548	0.125206	-1.024445	-0.047927	0.020981	-0.038955	-0.044423	-0.015622	-0.367572	0.067744	0.051983	-4.019595	0.720337	-0.032643	12.578096	0.216009	-0.122164	-2.706409	0.257132	0.999104	-2.800305	0.324518	0.130612
0.911172	0.041771	0.120366	-0.900739	-0.045941	0.020003	-0.059394	-0.043773	-0.006431	-0.408459	0.070931	0.053411	-4.590590	0.522305	-0.484082	12.370562	0.198577	-0.097863	-2.043973	0.064999	0.919116	-4.088752	0.318734	0.142797
0.861504	0.045311	0.111808	-0.782048	-0.044157	0.019260	-0.073324	-0.044506	0.001859	-0.462089	0.074021	0.054925	-4.966852	0.353982	-0.855723	11.869094	0.178459	-0.074311	-1.393002	-0.073349	0.828954	-5.363015	0.309013	0.151430
0.810193	0.047492	0.100529	-0.671330	-0.042589	0.018737	-0.080949	-0.046030	0.009300	-0.527828	0.077004	0.056506	-5.131107	0.218137	-1.127962	11.071796	0.156784	-0.052282	-0.762512	-0.152391	0.744139	-6.573883	0.298332	0.158079
0.759445	0.048672	0.087633	-0.571406	-0.041241	0.018411	-0.082445	-0.047701	0.016081	-0.604618	0.079897	0.058152	-5.074825	0.118055	-1.289542	9.992420	0.134785	-0.032537	-0.149598	-0.167077	0.678099	-7.678931	0.289300	0.164566
0.711417	0.049270	0.074251	-0.484771	-0.040104	0.018253	-0.077866	-0.048821	0.022470	-0.691067	0.082733	0.059875	-4.802764	0.059796	-1.338195	8.663438	0.113659	-0.015820	0.457946	-0.111981	0.638915	-8.644969	0.283598	0.172372
0.668061	0.049786	0.061435	-0.413405	-0.039160	0.018226	-0.067099	-0.048657	0.028740	-0.785552	0.085550	0.061697	-4.335596	0.051546	-1.281676	7.136607	0.094438	-0.002683	1.076677	0.016391	0.626978	-9.448521	0.281623	0.182107
0.630973	0.050782	0.050055	-0.358604	-0.038380	0.018294	-0.049875	-0.046507	0.035087	-0.886303	0.088374	0.063628	-3.708800	0.099568	-1.137933	5.480160	0.077956	0.006804	1.722454	0.215026	0.634659	-10.075029	0.282405	0.193195
0.601286	0.052811	0.040724	-0.320872	-0.037732	0.018427	-0.025809	-0.041804	0.041570	-0.991473	0.091212	0.065668	-2.968670	0.202913	-0.933162	3.773192	0.064881	0.013226	2.406538	0.470301	0.648307	-10.517032	0.283836	0.203945
0.579610	0.056319	0.033734	-0.299887	-0.037174	0.018603	0.005520	-0.034232	0.048089	-1.099188	0.094044	0.067788	-2.167673	0.350815	-0.698969	2.098495	0.055752	0.017614	3.132933	0.757142	0.651938	-10.771531	0.283220	0.212045
0.566002	0.061565	0.029036	-0.294533	-0.036665	0.018812	0.044489	-0.023810	0.054401	-1.207563	0.096824	0.069940	-1.360718	0.524576	-0.469755	0.535377	0.050944	0.020881	3.896876	1.042260	0.631171	-10.837469	0.277932	0.215191
0.559966	0.068578	0.026254	-0.302984	-0.036159	0.019045	0.091330	-0.010909	0.060158	-1.314705	0.099483	0.072056	-0.603653	0.701343	-0.278269	-0.845123	0.050574	0.023321	4.684155	1.290092	0.575669	-10.714181	0.265901	0.211549
0.560419	0.077142	0.024776	-0.322795	-0.035615	0.019291	0.146037	0.003782	0.064951	-1.418714	0.101941	0.074055	0.045362	0.856444	-0.147795	-1.981064	0.054407	0.024593	5.470637	1.469046	0.479361	-10.400948	0.245817	0.199965
0.565665	0.086792	0.023916	-0.350984	-0.034997	0.019533	0.208260	0.019343	0.068344	-1.517689	0.104113	0.075856	0.524579	0.964938	-0.085963	-2.818940	0.061787	0.024185	6.222347	1.556110	0.339304	-9.897498	0.217196	0.180023
0.573396	0.096846	0.023040	-0.384151	-0.034281	0.019752	0.277234	0.034734	0.069890	-1.609743	0.105917	0.077376	0.773097	1.005446	-0.087619	-3.316625	0.071628	0.021983	6.897366	1.539150	0.154596	-9.205371	0.180387	0.152041
0.580822	0.106498	0.021605	-0.418665	-0.033456	0.019939	0.351732	0.048905	0.069154	-1.693041	0.107281	0.078546	0.742617	0.965162	-0.143528	-3.451437	0.082452	0.018660	7.449824	1.417027	-0.073613	-8.329799	0.136476	0.116991
0.584930	0.114915	0.019177	-0.450955	-0.032531	0.020095	0.430079	0.060886	0.065745	-1.765858	0.108152	0.079309	0.410789	0.841695	-0.242784	-3.228974	0.092535	0.015585	7.834695	1.198139	-0.340885	-7.281663	0.087060	0.076322
0.582823	0.121328	0.015502	-0.477826	-0.031529	0.020236	0.510211	0.069869	0.059365	-1.826647	0.108491	0.079626	-0.210683	0.641323	-0.367514	-2.687171	0.100176	0.014111	8.013193	0.898334	-0.637972	-6.078925	0.033952	0.031682
0.572074	0.125091	0.010596	-0.496754	-0.030489	0.020384	0.589816	0.075254	0.049862	-1.874115	0.108281	0.079473	-1.074946	0.376242	-0.490557	-1.892745	0.103997	0.014773	7.960478	0.538481	-0.950350	-4.746832	-0.021079	-0.015275
0.551026	0.125712	0.004784	-0.506066	-0.029458	0.020554	0.666559	0.076670	0.037268	-1.907279	0.107517	0.078844	-2.104768	0.062169	-0.581239	-0.931240	0.103114	0.017058	7.674282	0.141560	-1.259407	-3.316381	-0.076398	-0.062912
0.518993	0.122888	-0.001377	-0.505015	-0.028487	0.020752	0.738334	0.073973	0.021817	-1.925493	0.106212	0.077749	-3.203365	-0.282396	-0.616027	0.105130	0.097118	0.019799	7.177524	-0.269655	-1.545092	-1.821379	-0.130477	-0.109503
0.476285	0.116537	-0.007268	-0.493734	-0.027628	0.020971	0.803440	0.067240	0.003923	-1.928444	0.104394	0.076217	-4.270813	-0.635110	-0.589161	1.128077	0.085899	0.021888	6.510621	-0.673301	-1.789355	-0.295090	-0.181830	-0.153182
0.424078	0.106833	-0.012431	-0.473129	-0.026932	0.021199	0.860627	0.056755	-0.015866	-1.916122	0.102104	0.074297	-5.220683	-0.970370	-0.516309	2.060473	0.069530	0.022823	5.718681	-1.048558	-1.978960	1.232199	-0.229004	-0.192052
0.364177	0.094197	-0.016708	-0.444732	-0.026450	0.021428	0.909046	0.042985	-0.036929	-1.888781	0.099397	0.072053	-5.990084	-1.263677	-0.427718	2.839740	0.048280	0.022884	4.841892	-1.376925	-2.106288	2.734067	-0.270644	-0.224398
0.298763	0.079230	-0.020278	-0.410550	-0.026223	0.021658	0.948165	0.026543	-0.058613	-1.846904	0.096341	0.069564	-6.541383	-1.496681	-0.357003	3.418190	0.022624	0.022961	3.911946	-1.644236	-2.168351	4.187739	-0.305636	-0.248876
0.230170	0.062639	-0.023600	-0.372926	-0.026292	0.021901	0.977690	0.008126	-0.080265	-1.791170	0.093008	0.066917	-6.859323	-1.659098	-0.332147	3.762384	-0.006828	0.024275	2.952428	-1.841668	-2.165265	5.573330	-0.333240	-0.264668
0.160698	0.045167	-0.027287	-0.334396	-0.026685	0.022182	0.997499	-0.011523	-0.101256	-1.722444	0.089476	0.064201	-6.947226	-1.747165	-0.368665	3.852992	-0.039371	0.028139	1.980956	-1.964954	-2.099091	6.872690	-0.353188	-0.271626
0.092471	0.027559	-0.031924	-0.297554	-0.027426	0.022539	1.007620	-0.031651	-0.120989	-1.641764	0.085819	0.061498	-6.822610	-1.760777	-0.463789	3.684234	-0.074095	0.035742	1.012066	-2.012820	-1.973273	8.067923	-0.365702	-0.270323
0.027357	0.010545	-0.037862	-0.264939	-0.028524	0.023017	1.008223	-0.051514	-0.138912	-1.550365	0.082105	0.058878	-6.511400	-1.701467	-0.593710	3.261478	-0.109728	0.047795	0.060336	-1.986234	-1.792273	9.139928	-0.371453	-0.261990
-0.033059	-0.005177	-0.045054	-0.238958	-0.029970	0.023660	0.999654	-0.070404	-0.154527	-1.449690	0.078391	0.056395	-6.041629	-1.572150	-0.719253	2.598083	-0.144627	0.064241	-0.856899	-1.889068	-1.561577	10.067452	-0.371424	-0.248303
-0.087449	-0.018962	-0.053063	-0.221823	-0.031740	0.024502	0.982473	-0.087696	-0.167414	-1.341421	0.074724	0.054084	-5.438999	-1.378509	-0.800869	1.713519	-0.176996	0.084221	-1.718066	-1.729132	-1.288632	10.826917	-0.366689	-0.231075
-0.134714	-0.030269	-0.061194	-0.215489	-0.033791	0.025564	0.957496	-0.102878	-0.177255	-1.227492	0.071142	0.051965	-4.726487	-1.130753	-0.813139	0.633469	-0.205082	0.106173	-2.497781	-1.518190	-0.984090	11.392949	-0.358199	-0.211921
-0.173990	-0.038710	-0.068698	-0.221575	-0.036064	0.026843	0.925806	-0.115585	-0.183878	-1.110097	0.067676	0.050045	-3.927648	-0.844117	-0.750410	-0.608600	-0.227319	0.127973	-3.168972	-1.270722	-0.662384	11.739516	-0.346616	-0.192010
-0.204692	-0.044089	-0.074949	-0.241274	-0.038490	0.028316	0.888748	-0.125610	-0.187293	-0.991680	0.064354	0.048325	-3.070217	-0.537851	-0.625083	-1.969933	-0.242593	0.147284	-3.705761	-1.002543	-0.341458	11.841704	-0.332201	-0.171963
-0.226557	-0.046428	-0.079580	-0.275263	-0.040996	0.029937	0.847887	-0.132913	-0.187709	-0.874896	0.061206	0.046806	-2.186441	-0.233862	-0.463053	-3.398872	-0.250617	0.162095	-4.086126	-0.730214	-0.041600	11.678335	-0.314801	-0.151896
-0.239649	-0.045986	-0.082563	-0.323643	-0.043518	0.031649	0.804948	-0.137622	-0.185542	-0.762541	0.058266	0.045491	-1.309268	0.044130	-0.298313	-4.837984	-0.252180	0.171213	-4.293954	-0.470938	0.216654	11.235554	-0.293973	-0.131520
-0.244312	-0.043271	-0.084224	-0.385937	-0.046008	0.033394	0.761742	-0.140044	-0.181389	-0.657431	0.055574	0.044389	-0.466232	0.271504	-0.166150	-6.229438	-0.249009	0.174509	-4.320542	-0.242172	0.415326	10.510977	-0.269237	-0.110233
-0.241053	-0.039024	-0.085175	-0.461147	-0.048441	0.035123	0.720083	-0.140651	-0.175969	-0.562260	0.053170	0.043516	0.325860	0.424728	-0.095112	-7.521019	-0.243265	0.172817	-4.165874	-0.060719	0.542049	9.517100	-0.240329	-0.087314
-0.230423	-0.034179	-0.086185	-0.547855	-0.050810	0.036797	0.681687	-0.140067	-0.170037	-0.479433	0.051096	0.042893	1.063055	0.484474	-0.100929	-8.670761	-0.236900	0.167484	-3.839648	0.058376	0.593202	8.282676	-0.207381	-0.062296
-0.212895	-0.029786	-0.088028	-0.644343	-0.053121	0.038395	0.648073	-0.139037	-0.164270	-0.410916	0.049386	0.042539	1.752769	0.439350	-0.184321	-9.648877	-0.231132	0.159794	-3.361371	0.103046	0.576640	6.851717	-0.171063	-0.035358
-0.188796	-0.026890	-0.091344	-0.748713	-0.055383	0.039901	0.620480	-0.138371	-0.159154	-0.358104	0.048059	0.042464	2.409930	0.289565	-0.331633	-10.436995	-0.226197	0.150548	-2.759361	0.066545	0.511596	5.281206	-0.132711	-0.007463
-0.158271	-0.026400	-0.096523	-0.858971	-0.057597	0.041301	0.599782	-0.138857	-0.154922	-0.321713	0.047115	0.042664	3.052421	0.049015	-0.517852	-11.025789	-0.221430	0.139965	-2.069785	-0.048545	0.423198	3.639065	-0.094398	0.019912
-0.121303	-0.028957	-0.103645	-0.973093	-0.059753	0.042579	0.586419	-0.141132	-0.151575	-0.301691	0.046527	0.043116	3.696838	-0.255708	-0.712251	-11.412210	-0.215612	0.127818	-1.336267	-0.227494	0.334724	2.002188	-0.058743	0.045218
-0.077755	-0.034852	-0.112494	-1.089062	-0.061828	0.043716	0.580329	-0.145586	-0.148934	-0.297165	0.046243	0.043786	4.354767	-0.589457	-0.884903	-11.596873	-0.207476	0.113691	-0.608961	-0.445444	0.264075	0.452668	-0.028438	0.067051
-0.027459	-0.043993	-0.122603	-1.204881	-0.063789	0.044688	0.580904	-0.152311	-0.146698	-0.306445	0.046186	0.044627	5.029582	-0.914099	-1.010849	-11.581864	-0.196120	0.097236	0.057425	-0.672482	0.223680	-0.928071	-0.005645	0.084108
0.029682	-0.055925	-0.133311	-1.318575	-0.065601	0.045471	0.586960	-0.161080	-0.144515	-0.327097	0.046271	0.045580	5.714172	-1.193214	-1.070871	-11.369469	-0.181152	0.078314	0.605657	-0.876948	0.218283	-2.065201	0.008505	0.095275
0.093584	-0.069879	-0.143819	-1.428196	-0.067227	0.046041	0.596746	-0.171356	-0.142085	-0.356056	0.046414	0.046581	6.390186	-1.395382	-1.050787	-10.962034	-0.162580	0.056997	0.978598	-1.027593	0.242999	-2.895820	0.014244	0.100109
0.163872	-0.084852	-0.153232	-1.531822	-0.068633	0.046376	0.607997	-0.182343	-0.139202	-0.389815	0.046546	0.047573	7.028769	-1.497297	-0.941273	-10.362664	-0.140653	0.033516	1.125086	-1.098726	0.288289	-3.375904	0.013209	0.099223
0.239795	-0.099720	-0.160624	-1.627587	-0.069790	0.046458	0.618098	-0.193111	-0.135725	-0.424712	0.046626	0.048513	7.592282	-1.486810	-0.739239	-9.576500	-0.115713	0.008202	1.010056	-1.076730	0.347718	-3.489757	0.008037	0.093969
0.320173	-0.113361	-0.165132	-1.713711	-0.070671	0.046272	0.624351	-0.202723	-0.131560	-0.457283	0.046643	0.049370	8.037862	-1.364143	-0.450734	-8.612373	-0.088081	-0.018621	0.625336	-0.961272	0.416517	-3.257124	0.001635	0.085646
0.403422	-0.124762	-0.166063	-1.788554	-0.071251	0.045805	0.624304	-0.210326	-0.126735	-0.484593	0.046608	0.050120	8.324880	-1.140099	-0.093087	-7.484241	-0.058002	-0.046718	-0.004705	-0.760250	0.482494	-2.730977	-0.003464	0.075073
0.487676	-0.133087	-0.162992	-1.850672	-0.071508	0.045046	0.616047	-0.215182	-0.121485	-0.504451	0.046554	0.050748	8.425432	-0.832532	0.307051	-6.211844	-0.025659	-0.075922	-0.825679	-0.485588	0.524934	-1.985791	-0.005368	0.062746
0.570997	-0.137728	-0.155792	-1.898876	-0.071420	0.043985	0.598419	-0.216725	-0.116231	-0.515484	0.046527	0.051239	8.332083	-0.464035	0.720029	-4.820367	0.008774	-0.106026	-1.762792	-0.154303	0.525456	-1.103295	-0.002745	0.049176
0.651571	-0.138344	-0.144600	-1.932266	-0.070969	0.042619	0.571076	-0.214632	-0.111454	-0.517102	0.046580	0.051591	8.057420	-0.061660	1.119207	-3.339011	0.045054	-0.136615	-2.734331	0.209303	0.477646	-0.161758	0.005304	0.035169
0.727832	-0.134900	-0.129778	-1.950251	-0.070142	0.040950	0.534432	-0.208878	-0.107578	-0.509411	0.046772	0.051810	7.626025	0.344419	1.482132	-1.798483	0.082702	-0.166894	-3.664399	0.575390	0.387632	0.769059	0.019184	0.021919
0.798477	-0.127648	-0.111889	-1.952534	-0.068934	0.038995	0.489524	-0.199742	-0.104866	-0.493133	0.047159	0.051918	7.064563	0.725202	1.788932	-0.228325	0.120838	-0.195574	-4.490779	0.913558	0.271189	1.627851	0.038722	0.010715
0.862431	-0.117068	-0.091666	-1.939089	-0.067352	0.036785	0.437851	-0.187761	-0.103347	-0.469534	0.047791	0.051943	6.395389	1.057976	2.022321	1.344519	0.158197	-0.220997	-5.167352	1.198104	0.151870	2.359878	0.063230	0.002498
0.918783	-0.103775	-0.069976	-1.910132	-0.065419	0.034370	0.381212	-0.173643	-0.102771	-0.440362	0.048708	0.051920	5.635144	1.329295	2.168967	2.895662	0.193321	-0.241434	-5.663913	1.411869	0.057595	2.917168	0.091628	-0.002274
0.966749	-0.088433	-0.047776	-1.866108	-0.063171	0.031816	0.321551	-0.158170	-0.102629	-0.407745	0.049933	0.051886	4.796602	1.534250	2.220004	4.402453	0.224812	-0.255432	-5.966018	1.547257	0.014213	3.261728	0.122527	-0.003415
1.005665	-0.071706	-0.026071	-1.807677	-0.060655	0.029195	0.260806	-0.142129	-0.102251	-0.374052	0.051476	0.051878	3.891600	1.672650	2.170515	5.843012	0.251542	-0.262078	-6.074556	1.604100	0.037833	3.369293	0.154329	-0.000735
1.035002	-0.054253	-0.005881	-1.735723	-0.057928	0.026584	0.200775	-0.126262	-0.100964	-0.341748	0.053330	0.051939	2.933718	1.745341	2.018992	7.195435	0.272766	-0.261140	-6.003039	1.586663	0.128641	3.230382	0.185389	0.006061
1.054403	-0.036717	0.011796	-1.651350	-0.055046	0.024053	0.143054	-0.111240	-0.098263	-0.313272	0.055472	0.052111	1.940152	1.753625	1.767744	8.437345	0.288147	-0.253052	-5.772181	1.502252	0.270163	2.847596	0.214187	0.017180
1.063727	-0.019704	0.026041	-1.555892	-0.052069	0.021665	0.089013	-0.097624	-0.093907	-0.290957	0.057866	0.052434	0.932347	1.701256	1.424427	9.545727	0.297713	-0.238787	-5.404076	1.361615	0.435554	2.231496	0.239398	0.032371
1.063079	-0.003744	0.036081	-1.450924	-0.049052	0.019469	0.039818	-0.085828	-0.087939	-0.276972	0.060465	0.052942	-0.064737	1.596064	1.004067	10.496790	0.301743	-0.219662	-4.919437	1.179552	0.596879	1.398567	0.259888	0.050717
1.052835	0.010751	0.041386	-1.338266	-0.046045	0.017497	-0.003574	-0.076085	-0.080611	-0.273248	0.063213	0.053648	-1.024403	1.449452	0.530471	11.265799	0.300629	-0.197135	-4.339286	0.974366	0.732774	0.372348	0.274783	0.070692
1.033634	0.023494	0.041740	-1.219994	-0.043098	0.015772	-0.040462	-0.068427	-0.072292	-0.281388	0.066050	0.054553	-1.920100	1.274317	0.035416	11.827198	0.294735	-0.172575	-3.688793	0.765752	0.831886	-0.813988	0.283704	0.090487
1.006371	0.034321	0.037294	-1.098442	-0.040255	0.014301	-0.070455	-0.062713	-0.063388	-0.302548	0.068921	0.055639	-2.726303	1.082668	-0.444567	12.155235	0.284337	-0.147079	-2.999297	0.571446	0.890408	-2.115997	0.287106	0.108612
0.972191	0.043160	0.028572	-0.976189	-0.037558	0.013087	-0.093510	-0.058671	-0.054308	-0.337344	0.071785	0.056884	-3.418060	0.883875	-0.872265	12.225277	0.269650	-0.121415	-2.305443	0.404195	0.907961	-3.479583	0.286431	0.124474
0.932492	0.050006	0.016432	-0.856028	-0.035049	0.012126	-0.109884	-0.055957	-0.045419	-0.385809	0.074623	0.058269	-3.969895	0.684630	-1.213986	12.016159	0.250914	-0.096070	-1.637441	0.271356	0.888938	-4.846561	0.283832	0.138456
0.888937	0.054917	0.001992	-0.740890	-0.032764	0.011413	-0.120010	-0.054185	-0.036956	-0.447427	0.077439	0.059784	-4.355521	0.491125	-1.443950	11.513789	0.228440	-0.071328	-1.012553	0.177240	0.846266	-6.161790	0.281592	0.151533
0.843436	0.058040	-0.013486	-0.633733	-0.030738	0.010939	-0.124318	-0.052926	-0.028961	-0.521214	0.080254	0.061432	-4.550106	0.312249	-1.547803	10.715673	0.202654	-0.047368	-0.430851	0.125899	0.799473	-7.378636	0.281514	0.164769
0.798078	0.059655	-0.028725	-0.537379	-0.028996	0.010695	-0.123089	-0.051697	-0.021281	-0.605828	0.083099	0.063220	-4.535789	0.161545	-1.523892	9.635392	0.174161	-0.024446	0.122888	0.122836	0.768051	-8.461406	0.284451	0.178846
0.754991	0.060217	-0.042549	-0.454324	-0.027558	0.010664	-0.116362	-0.049947	-0.013624	-0.699680	0.086000	0.065157	-4.308621	0.056204	-1.382440	8.305522	0.143848	-0.003097	0.672763	0.175002	0.765646	-9.385247	0.290115	0.193692
0.716161	0.060346	-0.053985	-0.386547	-0.026428	0.010822	-0.103922	-0.047065	-0.005659	-0.801025	0.088972	0.067241	-3.883043	0.012864	-1.143594	6.777743	0.112948	0.015865	1.243945	0.288227	0.796511	-10.134459	0.297201	0.208404
0.683247	0.060762	-0.062329	-0.335347	-0.025599	0.011139	-0.085357	-0.042439	0.002884	-0.908025	0.092009	0.069456	-3.291409	0.041614	-0.834435	5.119947	0.082973	0.031697	1.856487	0.462579	0.854380	-10.700052	0.303735	0.221479
0.657452	0.062172	-0.067180	-0.301237	-0.025044	0.011581	-0.060138	-0.035558	0.012129	-1.018799	0.095084	0.071768	-2.579462	0.140977	-0.485090	3.411008	0.055504	0.044154	2.521964	0.688107	0.924473	-11.077335	0.307494	0.231201
0.639446	0.065138	-0.068438	-0.283897	-0.024724	0.012116	-0.027715	-0.026124	0.022008	-1.131439	0.098148	0.074128	-1.800589	0.296656	-0.125751	1.734039	0.031948	0.053572	3.242304	0.943403	0.987933	-11.264040	0.306382	0.235966
0.629331	0.069984	-0.066292	-0.282199	-0.024591	0.012721	0.012383	-0.014144	0.032271	-1.244031	0.101135	0.076473	-1.011492	0.484558	0.214599	0.169805	0.013357	0.060472	4.009749	1.197977	1.026271	-11.259161	0.298727	0.234487
0.626621	0.076742	-0.061195	-0.294274	-0.024587	0.013372	0.060453	0.000032	0.042509	-1.354654	0.103970	0.078731	-0.271073	0.675816	0.509701	-1.207502	0.000339	0.065089	4.806992	1.417685	1.023770	-11.062355	0.283413	0.225889
0.630198	0.085154	-0.053807	-0.317588	-0.024657	0.014044	0.116522	0.015743	0.052189	-1.461391	0.106569	0.080829	0.357744	0.841185	0.738778	-2.331397	-0.007005	0.067240	5.606877	1.571040	0.967978	-10.673711	0.259899	0.209724
0.638269	0.094698	-0.044923	-0.349025	-0.024748	0.014711	0.180244	0.032086	0.060687	-1.562330	0.108850	0.082688	0.807111	0.954411	0.888348	-3.143747	-0.009110	0.066670	6.372295	1.634292	0.849807	-10.093895	0.228180	0.185932
0.648369	0.104657	-0.035415	-0.385018	-0.024818	0.015347	0.250825	0.048032	0.067328	-1.655580	0.110738	0.084236	1.010022	0.995930	0.950823	-3.599273	-0.006945	0.063626	7.058015	1.594620	0.664137	-9.324971	0.188754	0.154815
0.657513	0.114220	-0.026191	-0.421771	-0.024838	0.015939	0.326973	0.062546	0.071435	-1.739301	0.112163	0.085407	0.914333	0.956274	0.922406	-3.675371	-0.001979	0.059184	7.614836	1.451375	0.410674	-8.372127	0.142551	0.117037
0.662503	0.122583	-0.018134	-0.455599	-0.024798	0.016488	0.406923	0.074697	0.072383	-1.811759	0.113072	0.086142	0.498994	0.836348	0.805699	-3.382744	0.003980	0.054867	7.995003	1.215123	0.094775	-7.245819	0.090824	0.073592
0.660341	0.129023	-0.011972	-0.483289	-0.024706	0.017005	0.488516	0.083744	0.069669	-1.871392	0.113422	0.086400	-0.216160	0.643911	0.616164	-2.769028	0.009174	0.051686	8.159320	0.904670	-0.271345	-5.963258	0.035037	0.025766
0.648633	0.132913	-0.008125	-0.502402	-0.024583	0.017500	0.569385	0.089173	0.062995	-1.916878	0.113190	0.086151	-1.170826	0.389063	0.384740	-1.911232	0.012339	0.049515	8.086927	0.542954	-0.667461	-4.548619	-0.023226	-0.024935
0.625895	0.133737	-0.006615	-0.511411	-0.024454	0.017974	0.647218	0.090706	0.052331	-1.947198	0.112366	0.085382	-2.273818	0.082393	0.151013	-0.900955	0.012822	0.047435	7.783210	0.153305	-1.066398	-3.031998	-0.082362	-0.076844
0.591697	0.131111	-0.007124	-0.509714	-0.024351	0.018421	0.719996	0.088285	0.037947	-1.961669	0.110959	0.084101	-3.419788	-0.262614	-0.050934	0.169703	0.010308	0.044658	7.277861	-0.242132	-1.438333	-1.447112	-0.140763	-0.128152
0.546611	0.124851	-0.009177	-0.497545	-0.024307	0.018832	0.786128	0.082066	0.020384	-1.959950	0.108991	0.082332	-4.508547	-0.626034	-0.205283	1.216893	0.004476	0.041117	6.613171	-0.621928	-1.756367	0.171902	-0.196718	-0.176864
0.492016	0.115032	-0.012354	-0.475860	-0.024358	0.019206	0.844444	0.072416	0.000375	-1.942019	0.106508	0.080124	-5.459538	-0.981831	-0.317705	2.168538	-0.005127	0.037445	5.831582	-0.964997	-2.000887	1.793143	-0.248361	-0.220848
0.429841	0.102008	-0.016447	-0.446212	-0.024548	0.019553	0.894132	0.059899	-0.021243	-1.908139	0.103570	0.077543	-6.217524	-1.302436	-0.409258	2.964748	-0.018991	0.034624	4.968873	-1.251693	-2.161779	3.387946	-0.293763	-0.258057
0.362323	0.086370	-0.021514	-0.410637	-0.024922	0.019890	0.934658	0.045242	-0.043626	-1.858834	0.100258	0.074675	-6.751812	-1.563813	-0.506689	3.557570	-0.037471	0.033695	4.052542	-1.465711	-2.238248	4.930535	-0.331182	-0.286818
0.291789	0.068883	-0.027839	-0.371516	-0.025529	0.020247	0.965687	0.029284	-0.065992	-1.794863	0.096665	0.071614	-7.053324	-1.748727	-0.632493	3.912063	-0.060669	0.035716	3.102909	-1.595747	-2.236657	6.397104	-0.359318	-0.306065
0.220476	0.050403	-0.035801	-0.331432	-0.026412	0.020665	0.987041	0.012923	-0.087672	-1.717216	0.092890	0.068459	-7.131329	-1.847930	-0.796265	4.008360	-0.088318	0.041838	2.135434	-1.636154	-2.167967	7.764726	-0.377490	-0.315496
0.150386	0.031815	-0.045696	-0.293013	-0.027609	0.021197	0.998677	-0.002940	-0.108130	-1.627112	0.089034	0.065303	-7.008966	-1.858838	-0.989439	3.841941	-0.119671	0.053206	1.163577	-1.586267	-2.045793	9.010368	-0.385659	-0.315601
0.083219	0.013988	-0.057547	-0.258808	-0.029143	0.021902	1.000695	-0.017434	-0.126974	-1.526010	0.085190	0.062228	-6.716744	-1.782714	-1.185121	3.420480	-0.153447	0.070504	0.201779	-1.449388	-1.884440	10.110175	-0.384358	-0.307560
0.020365	-0.002244	-0.070996	-0.231215	-0.031023	0.022838	0.993374	-0.029765	-0.143944	-1.415620	0.081444	0.059297	-6.285384	-1.623171	-1.344966	2.759304	-0.187908	0.093523	-0.732089	-1.233107	-1.697033	11.039040	-0.374557	-0.293038
-0.037046	-0.016116	-0.085314	-0.212429	-0.033233	0.024048	0.977217	-0.039272	-0.158892	-1.297914	0.077869	0.056558	-5.741105	-1.387220	-1.431709	1.878655	-0.221041	0.121012	-1.615682	-0.950684	-1.494727	11.770598	-0.357500	-0.273907
-0.088103	-0.026986	-0.099515	-0.204386	-0.035740	0.025555	0.952988	-0.045486	-0.171757	-1.175135	0.074524	0.054038	-5.105743	-1.087020	-1.420115	0.804210	-0.250698	0.150769	-2.422948	-0.621448	-1.286564	12.277930	-0.334574	-0.251981
-0.132109	-0.034386	-0.112530	-0.208688	-0.038488	0.027355	0.921726	-0.048178	-0.182550	-1.049783	0.071451	0.051750	-4.400558	-0.739998	-1.301550	-0.430164	-0.274800	0.179971	-3.126216	-0.269217	-1.079270	12.535130	-0.307227	-0.228820
-0.168602	-0.038059	-0.123369	-0.226494	-0.041405	0.029412	0.884739	-0.047375	-0.191326	-0.924587	0.068682	0.049694	-3.649308	-0.367251	-1.083859	-1.780587	-0.291730	0.205742	-3.698629	0.080359	-0.877596	12.519663	-0.276905	-0.205637
-0.197372	-0.037979	-0.131268	-0.258445	-0.044413	0.031670	0.843576	-0.043352	-0.198180	-0.802431	0.066232	0.047862	-2.877009	0.008015	-0.789879	-3.195098	-0.300768	0.225714	-4.116286	0.402303	-0.685417	12.215574	-0.245003	-0.183224
-0.218423	-0.034371	-0.135815	-0.304633	-0.047436	0.034054	0.799974	-0.036612	-0.203247	-0.686256	0.064104	0.046243	-2.105104	0.360803	-0.454744	-4.618852	-0.302290	0.238405	-4.360232	0.673961	-0.506681	11.617503	-0.212867	-0.161856
-0.231892	-0.027729	-0.137016	-0.364633	-0.050411	0.036487	0.755786	-0.027854	-0.206704	-0.578910	0.062286	0.044831	-1.346916	0.664143	-0.120118	-5.999940	-0.297557	0.243335	-4.418780	0.875859	-0.345745	10.734555	-0.181800	-0.141223
-0.237958	-0.018829	-0.135277	-0.437569	-0.053294	0.038896	0.712885	-0.017929	-0.208779	-0.482986	0.060756	0.043625	-0.606544	0.890017	0.173925	-7.293605	-0.288213	0.240881	-4.290157	0.992469	-0.207446	9.592404	-0.153002	-0.120613
-0.236771	-0.008705	-0.131317	-0.522209	-0.056051	0.041215	0.673041	-0.007795	-0.209747	-0.400660	0.059481	0.042632	0.118630	1.012365	0.396041	-8.464019	-0.275738	0.231919	-3.984407	1.013444	-0.096780	8.232616	-0.127445	-0.099280
-0.228429	0.001414	-0.126039	-0.617051	-0.058663	0.043390	0.637808	0.001556	-0.209921	-0.333565	0.058424	0.041864	0.834218	1.011972	0.527715	-9.484174	-0.261165	0.217468	-3.523216	0.935045	-0.017396	6.709554	-0.105754	-0.076779
-0.212967	0.010231	-0.120397	-0.720400	-0.061113	0.045374	0.608432	0.009169	-0.209616	-0.282702	0.057542	0.041334	1.546260	0.881654	0.564250	-10.334930	-0.245085	0.198465	-2.937604	0.761296	0.030494	5.086218	-0.088160	-0.053028
-0.190364	0.016524	-0.115264	-0.830439	-0.063391	0.047131	0.585783	0.014214	-0.209104	-0.248398	0.056796	0.041052	2.260242	0.629350	0.513289	-11.003907	-0.227769	0.175688	-2.264923	0.504511	0.051143	3.430397	-0.074589	-0.028163
-0.160558	0.019304	-0.111346	-0.945283	-0.065484	0.048629	0.570318	0.016055	-0.208565	-0.230288	0.056148	0.041027	2.980639	0.277931	0.391762	-11.484364	-0.209270	0.149746	-1.546484	0.184148	0.053895	1.811046	-0.064847	-0.002494
-0.123457	0.017929	-0.109120	-1.063020	-0.067380	0.049840	0.562061	0.014294	-0.208023	-0.227348	0.055559	0.041260	3.710063	-0.137504	0.222622	-11.773706	-0.189567	0.121172	-0.825761	-0.176188	0.054287	0.294021	-0.058852	0.023236
-0.078978	0.012188	-0.108798	-1.181737	-0.069067	0.050746	0.560591	0.008782	-0.207302	-0.237966	0.054992	0.041735	4.447924	-0.574048	0.032262	-11.871676	-0.168716	0.090583	-0.147018	-0.551203	0.072072	-1.061788	-0.056745	0.047536
-0.027089	0.002319	-0.110316	-1.299526	-0.070535	0.051333	0.565038	-0.000355	-0.206075	-0.260021	0.054404	0.042418	5.188874	-0.986897	-0.151811	-11.778963	-0.146877	0.058726	0.444750	-0.913619	0.122695	-2.205506	-0.058778	0.068274
0.032121	-0.011036	-0.113350	-1.414493	-0.071778	0.051597	0.574063	-0.012683	-0.204005	-0.290947	0.053755	0.043251	5.921063	-1.335478	-0.303484	-11.496721	-0.124220	0.026361	0.902527	-1.232809	0.207011	-3.092644	-0.064943	0.083296
0.098367	-0.026917	-0.117352	-1.524760	-0.072786	0.051538	0.585837	-0.027454	-0.200905	-0.327795	0.053009	0.044163	6.624535	-1.588167	-0.400162	-11.026658	-0.100843	-0.005875	1.177336	-1.477083	0.309961	-3.684754	-0.074516	0.091245
0.171074	-0.044167	-0.121594	-1.628475	-0.073554	0.051163	0.598071	-0.043665	-0.196788	-0.367336	0.052151	0.045084	7.270698	-1.724958	-0.424218	-10.371479	-0.076775	-0.037488	1.223422	-1.621100	0.411715	-3.954135	-0.085879	0.092110
0.249310	-0.061545	-0.125240	-1.723835	-0.074074	0.050482	0.608165	-0.060193	-0.191786	-0.406267	0.051184	0.045956	7.823650	-1.737807	-0.364604	-9.536030	-0.051993	-0.068133	1.009455	-1.652862	0.500166	-3.893128	-0.096651	0.087210
0.331750	-0.077830	-0.127432	-1.809126	-0.074337	0.049505	0.613478	-0.075933	-0.186069	-0.441492	0.050143	0.046743	8.243967	-1.628539	-0.219199	-8.529127	-0.026350	-0.097687	0.531225	-1.574002	0.571749	-3.522485	-0.104066	0.078620
0.416708	-0.091889	-0.127400	-1.882777	-0.074333	0.048243	0.611662	-0.089876	-0.179843	-0.470414	0.049088	0.047426	8.495813	-1.405830	0.003261	-7.365066	0.000454	-0.126265	-0.181558	-1.394304	0.622582	-2.892160	-0.105553	0.068363
0.502266	-0.102729	-0.124562	-1.943416	-0.074045	0.046702	0.600975	-0.101151	-0.173411	-0.491142	0.048095	0.048005	8.555826	-1.084026	0.283767	-6.063901	0.028730	-0.154026	-1.068711	-1.127523	0.643243	-2.072775	-0.099288	0.057855
0.586454	-0.109578	-0.118589	-1.989923	-0.073459	0.044893	0.580458	-0.109080	-0.167171	-0.502568	0.047252	0.048484	8.418796	-0.684880	0.597315	-4.650652	0.058592	-0.180908	-2.051691	-0.792887	0.623994	-1.142621	-0.084354	0.047915
0.667426	-0.111971	-0.109399	-2.021462	-0.072561	0.042829	0.549977	-0.113265	-0.161530	-0.504337	0.046645	0.048875	8.097136	-0.239345	0.918955	-3.153969	0.089856	-0.206468	-3.048142	-0.418432	0.564057	-0.176921	-0.060608	0.039161
0.743584	-0.109825	-0.097130	-2.037506	-0.071341	0.040530	0.510150	-0.113661	-0.156785	-0.496764	0.046360	0.049199	7.615884	0.214562	1.226915	-1.604350	0.121984	-0.229863	-3.982697	-0.039603	0.474486	0.757308	-0.028548	0.032331
0.813642	-0.103445	-0.082116	-2.037826	-0.069801	0.038031	0.462224	-0.110590	-0.153049	-0.480748	0.046467	0.049481	7.005742	0.638074	1.501467	-0.032041	0.154050	-0.249925	-4.792555	0.307075	0.373630	1.601632	0.010728	0.028266
0.876605	-0.093458	-0.064876	-2.022480	-0.067952	0.035377	0.407923	-0.104686	-0.150221	-0.457698	0.047023	0.049758	6.296311	0.998656	1.723947	1.534586	0.184855	-0.265362	-5.430110	0.590376	0.282778	2.304918	0.055617	0.027613
0.931724	-0.080712	-0.046092	-1.991783	-0.065820	0.032627	0.349276	-0.096800	-0.147980	-0.429462	0.048065	0.050064	5.511925	1.274579	1.878435	3.069692	0.213156	-0.275008	-5.864716	0.788652	0.224128	2.823636	0.104143	0.030634
0.978428	-0.066148	-0.026555	-1.946283	-0.063442	0.029847	0.288435	-0.087878	-0.145807	-0.398216	0.049605	0.050436	4.670407	1.456472	1.953628	4.550003	0.237863	-0.278025	-6.084131	0.892204	0.217307	3.124591	0.154044	0.037232
1.016266	-0.050686	-0.007123	-1.886738	-0.060860	0.027106	0.227487	-0.078846	-0.143073	-0.366334	0.051634	0.050907	3.783729	1.546163	1.943191	5.954514	0.258161	-0.274029	-6.094793	0.903195	0.273329	3.188174	0.202864	0.047098
1.044871	-0.035149	0.011335	-1.814101	-0.058124	0.024475	0.168298	-0.070514	-0.139179	-0.336240	0.054115	0.051506	2.860499	1.553734	1.845841	7.263710	0.273593	-0.263145	-5.918911	0.833174	0.389466	3.009430	0.248135	0.059849
1.063969	-0.020204	0.027996	-1.729516	-0.055283	0.022015	0.112422	-0.063516	-0.133680	-0.310285	0.056992	0.052256	1.909833	1.494451	1.666119	8.458480	0.284099	-0.245967	-5.587603	0.699784	0.549882	2.595478	0.287636	0.075003
1.073415	-0.006340	0.042143	-1.634325	-0.052384	0.019781	0.061094	-0.058274	-0.126361	-0.290677	0.060187	0.053173	0.944648	1.386461	1.414719	9.519121	0.289942	-0.223419	-5.132751	0.524202	0.731862	1.960816	0.319545	0.091751
1.073245	0.006150	0.053219	-1.530080	-0.049468	0.017815	0.015274	-0.054978	-0.117234	-0.279435	0.063611	0.054261	-0.017021	1.248935	1.107559	10.424554	0.291576	-0.196614	-4.581958	0.329563	0.912690	1.124239	0.342428	0.108757
1.063721	0.017150	0.060861	-1.418561	-0.046573	0.016147	-0.024310	-0.053583	-0.106488	-0.278342	0.067164	0.055503	-0.952369	1.100027	0.764176	11.151833	0.289541	-0.166757	-3.958421	0.139510	1.074648	0.109298	0.355247	0.124260
1.045372	0.026694	0.064921	-1.301798	-0.043729	0.014797	-0.057147	-0.053824	-0.094413	-0.288876	0.070739	0.056867	-1.834923	0.954443	0.406033	11.676360	0.284400	-0.135076	-3.283692	-0.024103	1.207525	-1.053387	0.357538	0.136387
1.019017	0.034906	0.065472	-1.182069	-0.040962	0.013769	-0.082946	-0.055268	-0.081336	-0.312121	0.074237	0.058304	-2.635557	0.821164	0.055139	11.972915	0.276662	-0.102746	-2.579972	-0.144317	1.307669	-2.324556	0.349757	0.143647
0.985785	0.041932	0.062806	-1.061895	-0.038295	0.013060	-0.101644	-0.057386	-0.067587	-0.348690	0.077572	0.059759	-3.323189	0.702574	-0.266622	12.017371	0.266693	-0.070877	-1.869723	-0.211798	1.374914	-3.656918	0.333568	0.145492
0.947125	0.047892	0.057425	-0.944003	-0.035749	0.012655	-0.113371	-0.059643	-0.053485	-0.398672	0.080690	0.061185	-3.866003	0.596032	-0.538153	11.789230	0.254628	-0.040562	-1.172766	-0.225737	1.410175	-4.998142	0.311778	0.142615
0.904782	0.052869	0.050014	-0.831250	-0.033346	0.012526	-0.118398	-0.061564	-0.039336	-0.461625	0.083569	0.062553	-4.234248	0.497680	-0.741025	11.275268	0.240338	-0.012897	-0.502667	-0.192065	1.414903	-6.295342	0.287826	0.136830
0.860735	0.056940	0.041389	-0.726509	-0.031111	0.012637	-0.117037	-0.062754	-0.025412	-0.536625	0.086219	0.063859	-4.404697	0.407118	-0.862583	10.474130	0.223490	0.011064	0.136131	-0.119073	1.392381	-7.500023	0.265037	0.130590
0.817077	0.060250	0.032397	-0.632500	-0.029073	0.012940	-0.109544	-0.062878	-0.011919	-0.622348	0.088678	0.065122	-4.365859	0.330968	-0.899185	9.400899	0.203732	0.030394	0.749266	-0.012373	1.349354	-8.572219	0.245927	0.126275
0.775853	0.063078	0.023818	-0.551596	-0.027264	0.013385	-0.096041	-0.061604	0.001033	-0.717171	0.090996	0.066376	-4.122369	0.282780	-0.857909	8.090375	0.180968	0.044482	1.350335	0.127382	1.295197	-9.482358	0.231746	0.125465
0.738884	0.065852	0.016272	-0.485618	-0.025707	0.013919	-0.076480	-0.058583	0.013417	-0.819277	0.093219	0.067662	-3.696922	0.277450	-0.754558	6.597794	0.155637	0.053333	1.956071	0.302147	1.238366	-10.210574	0.222379	0.128506
0.707599	0.069078	0.010192	-0.435660	-0.024419	0.014497	-0.050668	-0.053470	0.025250	-0.926724	0.095385	0.069006	-3.128526	0.322581	-0.608041	4.995826	0.128846	0.057816	2.581161	0.511294	1.183343	-10.744717	0.216542	0.134481
0.682928	0.073211	0.005832	-0.401985	-0.023396	0.015092	-0.018321	-0.046000	0.036550	-1.037506	0.097506	0.070422	-2.467101	0.413325	-0.435975	3.367434	0.102248	0.059505	3.234764	0.747016	1.130020	-11.078197	0.212168	0.141523
0.665262	0.078553	0.003279	-0.384022	-0.022619	0.015692	0.020869	-0.036075	0.047293	-1.149587	0.099575	0.071895	-1.766597	0.534153	-0.255254	1.796310	0.077704	0.060025	3.918932	0.992443	1.074293	-11.208087	0.206897	0.147370
0.654460	0.085192	0.002441	-0.380435	-0.022050	0.016295	0.067148	-0.023845	0.057383	-1.260923	0.101561	0.073394	-1.080144	0.663975	-0.083829	0.358677	0.056896	0.060270	4.627890	1.223029	1.008967	-11.133628	0.198540	0.149913
0.649862	0.092991	0.003062	-0.389236	-0.021640	0.016895	0.120619	-0.009736	0.066636	-1.369477	0.103414	0.074869	-0.459847	0.779813	0.062054	-0.880095	0.041049	0.060069	5.347154	1.410915	0.925280	-10.855349	0.185328	0.147501
0.650258	0.101577	0.004796	-0.407876	-0.021332	0.017481	0.181142	0.005571	0.074781	-1.473226	0.105074	0.076259	0.039630	0.858594	0.173450	-1.863976	0.030750	0.058553	6.052311	1.530624	0.814549	-10.374927	0.165979	0.139000
0.653849	0.110377	0.007285	-0.433321	-0.021074	0.018031	0.248230	0.021209	0.081474	-1.570183	0.106471	0.077497	0.359113	0.880025	0.248943	-2.544528	0.025850	0.054996	6.708767	1.563865	0.669287	-9.695741	0.139753	0.123800
0.658257	0.118693	0.010157	-0.462169	-0.020820	0.018526	0.320969	0.036232	0.086317	-1.658424	0.107537	0.078516	0.440742	0.831608	0.287182	-2.884794	0.025417	0.049535	7.273942	1.502253	0.484300	-8.824082	0.106557	0.101848
0.660672	0.125813	0.012978	-0.490864	-0.020541	0.018959	0.397984	0.049712	0.088898	-1.736132	0.108206	0.079253	0.241540	0.712032	0.282035	-2.869425	0.027839	0.043287	7.701449	1.348004	0.258034	-7.770814	0.066942	0.073675
0.658156	0.131109	0.015260	-0.516015	-0.020230	0.019336	0.477452	0.060840	0.088831	-1.801663	0.108426	0.079656	-0.251569	0.529597	0.228206	-2.515113	0.031131	0.037652	7.946777	1.112800	-0.006667	-6.553035	0.021962	0.040323
0.648034	0.134080	0.016567	-0.534749	-0.019896	0.019669	0.557214	0.068987	0.085805	-1.853613	0.108155	0.079687	-1.012226	0.297103	0.130709	-1.873444	0.033402	0.033295	7.976270	0.814762	-0.302626	-5.195009	-0.027065	0.003118
0.628282	0.134352	0.016645	-0.544975	-0.019564	0.019966	0.634996	0.073735	0.079617	-1.890889	0.107368	0.079321	-1.975166	0.027219	0.007830	-1.022555	0.033235	0.029756	7.778172	0.474723	-0.618797	-3.727613	-0.078777	-0.036574
0.597802	0.131673	0.015485	-0.545497	-0.019266	0.020227	0.708671	0.074875	0.070204	-1.912750	0.106049	0.078546	-3.048032	-0.267968	-0.115976	-0.052236	0.029795	0.026069	7.367552	0.114008	-0.941286	-2.186113	-0.131891	-0.077485
0.556497	0.125933	0.013262	-0.536006	-0.019039	0.020443	0.776467	0.072413	0.057655	-1.918819	0.104198	0.077363	-4.130453	-0.573965	-0.222309	0.949142	0.022697	0.021641	6.779513	-0.246179	-1.254885	-0.606845	-0.185095	-0.118374
0.505179	0.117209	0.010194	-0.516988	-0.018921	0.020609	0.837029	0.066556	0.042209	-1.909058	0.101829	0.075784	-5.131857	-0.872385	-0.306795	1.901762	0.011806	0.016616	6.056203	-0.585736	-1.544616	0.976079	-0.236838	-0.157838
0.445366	0.105776	0.006406	-0.489623	-0.018950	0.020726	0.889397	0.057679	0.024238	-1.883730	0.098977	0.073842	-5.981289	-1.143311	-0.378852	2.736545	-0.002908	0.011672	5.236802	-0.887693	-1.797073	2.532772	-0.285237	-0.194232
0.379071	0.092084	0.001844	-0.455668	-0.019164	0.020803	0.932933	0.046279	0.004228	-1.843351	0.095694	0.071584	-6.629525	-1.369215	-0.456179	3.395449	-0.021425	0.007678	4.353601	-1.139937	-2.001048	4.037913	-0.328266	-0.225798
0.308588	0.076708	-0.003732	-0.417342	-0.019600	0.020858	0.967251	0.032927	-0.017246	-1.788651	0.092054	0.069075	-7.048271	-1.537547	-0.557589	3.832607	-0.043621	0.005542	3.431838	-1.335239	-2.147389	5.470002	-0.364077	-0.250918
0.236294	0.060297	-0.010695	-0.377173	-0.020292	0.020921	0.992158	0.018229	-0.039537	-1.720550	0.088141	0.066391	-7.229425	-1.641116	-0.696324	4.016869	-0.069186	0.006265	2.490678	-1.469819	-2.229096	6.810119	-0.391252	-0.268387
0.164460	0.043525	-0.019432	-0.337837	-0.021267	0.021031	1.007605	0.002809	-0.061956	-1.640145	0.084052	0.063615	-7.183372	-1.677207	-0.873683	3.933649	-0.097486	0.010965	1.544678	-1.541949	-2.241880	8.040447	-0.408924	-0.277619
0.095119	0.027063	-0.030165	-0.302002	-0.022541	0.021237	1.013666	-0.012706	-0.083798	-1.548717	0.079883	0.060827	-6.934078	-1.646219	-1.073298	3.583522	-0.127413	0.020609	0.606119	-1.551475	-2.184152	9.142786	-0.416841	-0.278771
0.030006	0.011561	-0.042779	-0.272223	-0.024115	0.021592	1.010549	-0.027706	-0.104363	-1.447745	0.075729	0.058099	-6.511372	-1.550165	-1.261364	2.977850	-0.157412	0.035544	-0.311724	-1.500011	-2.056492	10.097285	-0.415396	-0.272761
-0.029434	-0.002359	-0.056749	-0.250876	-0.025973	0.022145	0.998635	-0.041620	-0.122982	-1.338927	0.071674	0.055488	-5.943911	-1.392086	-1.397074	2.134736	-0.185753	0.055234	-1.191355	-1.391443	-1.861950	10.881734	-0.405571	-0.261105
-0.081998	-0.014132	-0.071227	-0.240096	-0.028080	0.022927	0.978538	-0.053944	-0.139058	-1.224209	0.067786	0.053033	-5.256449	-1.177270	-1.447799	1.077952	-0.210769	0.078276	-2.009690	-1.232382	-1.607577	11.471848	-0.388750	-0.245581
-0.126719	-0.023284	-0.085218	-0.241709	-0.030390	0.023953	0.951144	-0.064268	-0.152116	-1.105782	0.064122	0.050755	-4.472093	-0.915223	-1.399018	-0.161322	-0.230925	0.102519	-2.739392	-1.032388	-1.305851	11.842696	-0.366458	-0.227805
-0.162889	-0.029489	-0.097770	-0.257128	-0.032839	0.025206	0.917624	-0.072307	-0.161863	-0.986073	0.060720	0.048665	-3.616999	-0.620423	-1.255259	-1.541882	-0.244944	0.125348	-3.352051	-0.803942	-0.974651	11.970922	-0.340136	-0.208952
-0.190121	-0.032601	-0.108128	-0.287244	-0.035361	0.026649	0.879405	-0.077928	-0.168223	-0.867698	0.057610	0.046768	-2.723188	-0.311287	-1.035771	-3.011527	-0.252177	0.144262	-3.821901	-0.562113	-0.636005	11.837483	-0.311016	-0.189685
-0.208381	-0.032692	-0.115830	-0.332345	-0.037890	0.028223	0.838116	-0.081166	-0.171368	-0.753390	0.054809	0.045066	-1.826016	-0.009013	-0.770254	-4.510099	-0.252934	0.157455	-4.128903	-0.323772	-0.314474	11.430817	-0.280083	-0.170228
-0.217953	-0.030067	-0.120788	-0.392106	-0.040375	0.029865	0.795509	-0.082231	-0.171719	-0.645887	0.052328	0.043562	-0.957222	0.262496	-0.495809	-5.976159	-0.248482	0.164141	-4.260690	-0.106488	-0.035169	10.750249	-0.248110	-0.150418
-0.219338	-0.025298	-0.123308	-0.465646	-0.042782	0.031510	0.753369	-0.081505	-0.169927	-0.547799	0.050171	0.042264	-0.138486	0.476871	-0.251989	-7.353967	-0.240674	0.164563	-4.214007	0.072570	0.179208	9.808839	-0.215726	-0.129802
-0.213131	-0.019220	-0.124039	-0.551624	-0.045096	0.033108	0.713408	-0.079530	-0.166803	-0.461453	0.048336	0.041185	0.620680	0.607778	-0.073028	-8.597849	-0.231435	0.159743	-3.996023	0.197577	0.312440	8.634529	-0.183469	-0.107877
-0.199921	-0.012880	-0.123841	-0.648360	-0.047320	0.034619	0.677162	-0.076977	-0.163213	-0.388764	0.046818	0.040341	1.320988	0.634050	0.019720	-9.673575	-0.222364	0.151097	-3.624672	0.255223	0.359024	7.268933	-0.151834	-0.084421
-0.180221	-0.007424	-0.123624	-0.753939	-0.049465	0.036019	0.645890	-0.074610	-0.159949	-0.331120	0.045605	0.039744	1.970020	0.545532	0.021747	-10.557888	-0.214519	0.140062	-3.127190	0.236767	0.326312	5.764385	-0.121329	-0.059672
-0.154427	-0.003958	-0.124179	-0.866312	-0.051548	0.037298	0.620516	-0.073201	-0.157626	-0.289312	0.044679	0.039402	2.579450	0.346595	-0.055515	-11.237337	-0.208328	0.127842	-2.537400	0.140851	0.232359	4.180815	-0.092540	-0.034176
-0.122796	-0.003402	-0.126074	-0.983380	-0.053584	0.038450	0.601588	-0.073448	-0.156618	-0.263482	0.044018	0.039318	3.163087	0.055647	-0.189529	-11.706746	-0.203591	0.115268	-1.892829	-0.024650	0.100788	2.583000	-0.066150	-0.008465
-0.085445	-0.006384	-0.129604	-1.103052	-0.055580	0.039478	0.589267	-0.075887	-0.157040	-0.253113	0.043589	0.039488	3.735101	-0.298212	-0.352988	-11.967250	-0.199624	0.102780	-1.232015	-0.243978	-0.042172	1.036867	-0.042903	0.017012
-0.042366	-0.013174	-0.134791	-1.223292	-0.057535	0.040383	0.583345	-0.080858	-0.158714	-0.257068	0.043353	0.039903	4.307875	-0.678974	-0.518681	-12.023986	-0.195510	0.090480	-0.592288	-0.497067	-0.167439	-0.395511	-0.023619	0.041497
0.006529	-0.023645	-0.141405	-1.342131	-0.059438	0.041165	0.583252	-0.088469	-0.161174	-0.273667	0.043260	0.040537	4.889491	-1.047099	-0.661354	-11.883901	-0.190295	0.078198	-0.009202	-0.761063	-0.246018	-1.659844	-0.009275	0.063473
0.061340	-0.037280	-0.148988	-1.457673	-0.061269	0.041820	0.588069	-0.098558	-0.163755	-0.300767	0.043250	0.041345	5.481151	-1.363553	-0.758329	-11.554226	-0.183046	0.065540	0.481628	-1.008942	-0.258024	-2.710044	-0.000934	0.080729
0.122089	-0.053228	-0.156899	-1.568091	-0.062998	0.042340	0.596487	-0.110651	-0.165768	-0.335828	0.043257	0.042256	6.074872	-1.594727	-0.791070	-11.041777	-0.172898	0.051921	0.841789	-1.209284	-0.201347	-3.506053	0.000667	0.091135
0.188611	-0.070395	-0.164368	-1.671621	-0.064589	0.042706	0.606786	-0.123961	-0.166677	-0.375959	0.043214	0.043192	6.652158	-1.716792	-0.746990	-10.352960	-0.159125	0.036640	1.029981	-1.331007	-0.090871	-4.013099	-0.004293	0.093633
0.260455	-0.087580	-0.170571	-1.766566	-0.066001	0.042896	0.616862	-0.137485	-0.166145	-0.418020	0.043071	0.044080	7.184459	-1.718406	-0.620298	-9.494506	-0.141227	0.019004	1.007546	-1.352379	0.053124	-4.206140	-0.014358	0.088775
0.336812	-0.103595	-0.174696	-1.851316	-0.067191	0.042881	0.624352	-0.150162	-0.163991	-0.458808	0.042801	0.044865	7.635634	-1.601502	-0.412418	-8.474996	-0.118974	-0.001532	0.748969	-1.267703	0.215436	-4.078742	-0.026957	0.078485
0.416479	-0.117393	-0.176013	-1.924384	-0.068115	0.042628	0.626881	-0.161023	-0.160146	-0.495319	0.042411	0.045517	7.966734	-1.379846	-0.131767	-7.306785	-0.092404	-0.025291	0.252952	-1.086147	0.384511	-3.651113	-0.039003	0.065203
0.497918	-0.128148	-0.173936	-1.984457	-0.068733	0.042105	0.622367	-0.169278	-0.154688	-0.525032	0.041934	0.046026	8.143902	-1.075483	0.207766	-6.007379	-0.061775	-0.052299	-0.451418	-0.825437	0.545783	-2.971272	-0.047655	0.050914
0.579389	-0.135290	-0.168053	-2.030451	-0.069009	0.041283	0.609296	-0.174346	-0.147874	-0.546105	0.041427	0.046393	8.147108	-0.714205	0.588278	-4.599367	-0.027578	-0.082135	-1.307135	-0.506840	0.681401	-2.107313	-0.050791	0.036695
0.659125	-0.138513	-0.158175	-2.061541	-0.068915	0.040145	0.586892	-0.175882	-0.140124	-0.557452	0.040956	0.046624	7.973593	-0.322294	0.987808	-3.108989	0.009402	-0.113840	-2.240363	-0.153619	0.775004	-1.134757	-0.047043	0.023047
0.735463	-0.137770	-0.144372	-2.077184	-0.068434	0.038685	0.555140	-0.173793	-0.131972	-0.558711	0.040600	0.046729	7.633852	0.074300	1.380322	-1.564321	0.048035	-0.145976	-3.175243	0.208909	0.815254	-0.125893	-0.035625	0.010583
0.806913	-0.133270	-0.126993	-2.077122	-0.067565	0.036917	0.514687	-0.168258	-0.123985	-0.550165	0.040437	0.046732	7.144995	0.449999	1.737896	0.006227	0.086879	-0.176810	-4.045207	0.553537	0.798658	0.854657	-0.016245	0.000292
0.872174	-0.125457	-0.106645	-2.061371	-0.066322	0.034872	0.466710	-0.159728	-0.116662	-0.532671	0.040546	0.046664	6.526058	0.781256	2.034728	1.575119	0.124320	-0.204510	-4.797733	0.852973	0.732273	1.749373	0.010886	-0.006794
0.930132	-0.114960	-0.084138	-2.030205	-0.064735	0.032599	0.412761	-0.148889	-0.110332	-0.507604	0.040996	0.046565	5.795756	1.049752	2.250699	3.116547	0.158767	-0.227336	-5.394935	1.083933	0.633067	2.506666	0.044995	-0.009978
0.979851	-0.102510	-0.060407	-1.984138	-0.062846	0.030160	0.354626	-0.136576	-0.105091	-0.476783	0.041844	0.046475	4.971921	1.244953	2.373103	4.606731	0.188837	-0.243841	-5.813467	1.231283	0.524038	3.082076	0.084751	-0.009001
1.020569	-0.088866	-0.036440	-1.923900	-0.060712	0.027630	0.294176	-0.123679	-0.100798	-0.442366	0.043127	0.046435	4.071804	1.364453	2.396693	6.023789	0.213460	-0.253011	-6.045032	1.289716	0.429272	3.441715	0.128344	-0.003911
1.051696	-0.074744	-0.013213	-1.850427	-0.058393	0.025087	0.233216	-0.111050	-0.097117	-0.406712	0.044863	0.046487	3.112681	1.412216	2.322781	7.347273	0.231893	-0.254340	-6.095985	1.262859	0.368124	3.565465	0.173577	0.005136
1.072824	-0.060782	0.008369	-1.764854	-0.055955	0.022608	0.173378	-0.099440	-0.093613	-0.372240	0.047043	0.046667	2.112888	1.396113	2.158139	8.557306	0.243729	-0.247849	-5.983843	1.160973	0.350379	3.447135	0.218041	0.017987
1.083756	-0.047520	0.027510	-1.668518	-0.053466	0.020268	0.116066	-0.089453	-0.089860	-0.341329	0.049637	0.047010	1.093175	1.326278	1.914085	9.633644	0.248921	-0.234040	-5.731109	0.998722	0.375388	3.091093	0.259346	0.034359
1.084530	-0.035372	0.043566	-1.562967	-0.050988	0.018130	0.062471	-0.081512	-0.085515	-0.316250	0.052590	0.047546	0.077381	1.214718	1.605596	10.555079	0.247778	-0.213788	-5.359532	0.794104	0.434440	2.507972	0.295295	0.053548
1.075447	-0.024622	0.056071	-1.449974	-0.048579	0.016248	0.013593	-0.075833	-0.080376	-0.299121	0.055830	0.048289	-0.908266	1.075088	1.250518	11.299332	0.240912	-0.188220	-4.887842	0.567957	0.513869	1.712879	0.323974	0.074307
1.057082	-0.015409	0.064764	-1.331540	-0.046287	0.014661	-0.029738	-0.072406	-0.074385	-0.291853	0.059269	0.049239	-1.836584	0.921256	0.869328	11.843405	0.229194	-0.158642	-4.333034	0.342667	0.599136	0.726828	0.343900	0.095031
1.030278	-0.007759	0.069614	-1.209895	-0.044150	0.013397	-0.066863	-0.071008	-0.067589	-0.296062	0.062812	0.050380	-2.680352	0.764960	0.485040	12.164427	0.213701	-0.126472	-3.712556	0.139748	0.679619	-0.420989	0.354305	0.114044
0.996155	-0.001618	0.070838	-1.087486	-0.042194	0.012465	-0.097315	-0.071238	-0.060082	-0.312984	0.066367	0.051680	-3.412266	0.614182	0.122365	12.240905	0.195604	-0.093172	-3.045136	-0.022988	0.750649	-1.692161	0.355520	0.129993
0.956108	0.003115	0.068898	-0.966942	-0.040434	0.011863	-0.120811	-0.072574	-0.051963	-0.343383	0.069858	0.053102	-4.004726	0.473217	-0.193974	12.054480	0.175995	-0.060187	-2.349604	-0.133562	0.811941	-3.039868	0.349172	0.142284
0.911800	0.006557	0.064482	-0.851016	-0.038877	0.011574	-0.137231	-0.074436	-0.043304	-0.387501	0.073238	0.054615	-4.430773	0.344231	-0.441625	11.592571	0.155743	-0.028899	-1.642025	-0.186235	0.865935	-4.411800	0.337919	0.151248
0.865131	0.008855	0.058446	-0.742493	-0.037523	0.011568	-0.146555	-0.076235	-0.034132	-0.445048	0.076486	0.056194	-4.666983	0.229818	-0.603614	10.852307	0.135432	-0.000561	-0.932436	-0.179882	0.917131	-5.754708	0.324799	0.157952
0.818150	0.010214	0.051731	-0.644043	-0.036368	0.011806	-0.148786	-0.077389	-0.024430	-0.515240	0.079611	0.057832	-4.698048	0.135930	-0.671529	9.845005	0.115417	0.023787	-0.223039	-0.115349	0.970203	-7.019242	0.312511	0.163809
0.772933	0.010953	0.045247	-0.558049	-0.035409	0.012240	-0.143877	-0.077325	-0.014163	-0.596877	0.082639	0.059534	-4.521711	0.073826	-0.648331	8.599410	0.095962	0.043358	0.490903	0.006348	1.026683	-8.163634	0.302867	0.170154
0.731413	0.011540	0.039753	-0.486427	-0.034635	0.012817	-0.131699	-0.075491	-0.003336	-0.688430	0.085605	0.061312	-4.152012	0.058745	-0.549407	7.162193	0.077395	0.057664	1.217728	0.183408	1.082699	-9.155297	0.296511	0.177805
0.695221	0.012580	0.035757	-0.430470	-0.034032	0.013483	-0.112045	-0.071387	0.007963	-0.788135	0.088533	0.063179	-3.619190	0.103951	-0.399640	5.595645	0.060238	0.066692	1.965419	0.410446	1.129912	-9.970578	0.292887	0.186692
0.665559	0.014709	0.033488	-0.390739	-0.033580	0.014195	-0.084657	-0.064632	0.019550	-0.894070	0.091438	0.065136	-2.966221	0.212918	-0.226898	3.973151	0.045232	0.071122	2.738788	0.675480	1.158707	-10.593463	0.290415	0.195706
0.643124	0.018461	0.032925	-0.367010	-0.033248	0.014917	-0.049278	-0.055048	0.031156	-1.004207	0.094307	0.067166	-2.243495	0.375205	-0.056345	2.372864	0.033209	0.072266	3.537921	0.958357	1.160602	-11.013663	0.286916	0.202993
0.628090	0.024148	0.033834	-0.358308	-0.032999	0.015633	-0.005705	-0.042734	0.042446	-1.116453	0.097108	0.069231	-1.503395	0.568672	0.090973	0.870185	0.024880	0.071534	4.357256	1.231382	1.129072	-11.224604	0.280129	0.206504
0.620125	0.031797	0.035813	-0.362995	-0.032793	0.016330	0.046146	-0.028109	0.053047	-1.228674	0.099789	0.071275	-0.796496	0.764989	0.197895	-0.468722	0.020650	0.069716	5.185110	1.462540	1.060012	-11.222102	0.268085	0.204450
0.618411	0.041137	0.038358	-0.378886	-0.032587	0.016997	0.106178	-0.011901	0.062566	-1.338715	0.102282	0.073230	-0.171431	0.933918	0.254517	-1.589043	0.020549	0.066691	6.003211	1.620779	0.951967	-11.004103	0.249263	0.195491
0.621630	0.051601	0.040985	-0.403335	-0.032345	0.017615	0.174036	0.004916	0.070623	-1.444425	0.104508	0.075018	0.321978	1.046418	0.262633	-2.444927	0.024205	0.061819	6.785783	1.681688	0.805663	-10.571068	0.222623	0.178775
0.627945	0.062394	0.043315	-0.433313	-0.032037	0.018162	0.249026	0.021230	0.076855	-1.543691	0.106384	0.076558	0.631449	1.079345	0.233079	-2.997787	0.030824	0.054695	7.499016	1.631474	0.623205	-9.926524	0.187656	0.153988
0.635024	0.072600	0.045087	-0.465515	-0.031646	0.018621	0.330049	0.035914	0.080934	-1.634468	0.107829	0.077773	0.707966	1.020619	0.177161	-3.220171	0.039142	0.045865	8.102369	1.468325	0.407923	-9.077734	0.144508	0.121458
0.640197	0.081310	0.046117	-0.496558	-0.031171	0.018991	0.415568	0.047933	0.082584	-1.714836	0.108770	0.078595	0.517294	0.870962	0.102996	-3.104336	0.047440	0.037039	8.551825	1.201981	0.165006	-8.036774	0.094025	0.082216
0.640711	0.087728	0.046313	-0.523262	-0.030634	0.019294	0.503618	0.056459	0.081600	-1.783055	0.109146	0.078974	0.051345	0.641795	0.019592	-2.670437	0.053766	0.030357	8.805016	0.852529	-0.098439	-6.821924	0.037654	0.037892
0.634058	0.091245	0.045711	-0.542948	-0.030070	0.019566	0.591913	0.060940	0.077853	-1.837641	0.108918	0.078878	-0.665326	0.351664	-0.060181	-1.968595	0.056379	0.027173	8.829496	0.448134	-0.374716	-5.458595	-0.022794	-0.009559
0.618297	0.091472	0.044481	-0.553670	-0.029529	0.019841	0.678040	0.061152	0.071283	-1.877429	0.108065	0.078297	-1.576065	0.022699	-0.122978	-1.072173	0.054089	0.027496	8.612715	0.021238	-0.656946	-3.978774	-0.085374	-0.058120
0.592291	0.088254	0.042868	-0.554327	-0.029066	0.020146	0.759706	0.057195	0.061899	-1.901616	0.106583	0.077239	-2.600607	-0.321757	-0.161377	-0.065720	0.046313	0.030450	8.166621	-0.395789	-0.938449	-2.418704	-0.148146	-0.105837
0.555794	0.081673	0.041077	-0.544665	-0.028736	0.020497	0.834928	0.049452	0.049793	-1.909771	0.104492	0.075730	-3.649715	-0.658112	-0.179030	0.966257	0.032965	0.035132	7.522137	-0.774240	-1.210620	-0.815492	-0.209146	-0.150817
0.509391	0.072033	0.039161	-0.525201	-0.028592	0.020908	0.902110	0.038535	0.035170	-1.901811	0.101828	0.073818	-4.640285	-0.964040	-0.191671	1.946404	0.014359	0.041149	6.718259	-1.091756	-1.462243	0.796000	-0.266343	-0.191207
0.454343	0.059818	0.036928	-0.497126	-0.028682	0.021395	0.960045	0.025192	0.018360	-1.877962	0.098651	0.071565	-5.504836	-1.221426	-0.223224	2.807448	-0.008916	0.048635	5.793450	-1.334247	-1.681043	2.384879	-0.317728	-0.225297
0.392398	0.045630	0.033933	-0.462199	-0.029043	0.021974	1.007861	0.010228	-0.000196	-1.838717	0.095036	0.069049	-6.194430	-1.418859	-0.299569	3.492746	-0.036135	0.057955	4.781687	-1.496403	-1.855520	3.924506	-0.361515	-0.251670
0.325611	0.030114	0.029513	-0.422627	-0.029708	0.022669	1.044977	-0.005571	-0.019954	-1.784799	0.091073	0.066355	-6.678708	-1.551547	-0.441930	3.957172	-0.066536	0.069470	3.711577	-1.579892	-1.975857	5.391794	-0.396299	-0.269336
0.256154	0.013927	0.022920	-0.380931	-0.030701	0.023504	1.071050	-0.021468	-0.040295	-1.717140	0.086862	0.063577	-6.945738	-1.618731	-0.659379	4.169575	-0.099309	0.083523	2.607248	-1.589738	-2.034043	6.765849	-0.421104	-0.277847
0.186146	-0.002280	0.013507	-0.339782	-0.032036	0.024509	1.085954	-0.036781	-0.060532	-1.636877	0.082508	0.060803	-7.000751	-1.620678	-0.941246	4.114978	-0.133492	0.100485	1.490469	-1.531249	-2.023735	8.026362	-0.435418	-0.277412
0.117530	-0.017851	0.000978	-0.301846	-0.033715	0.025715	1.089786	-0.050875	-0.079936	-1.545353	0.078115	0.058114	-6.861638	-1.557073	-1.252884	3.793544	-0.167836	0.120573	0.383159	-1.409390	-1.940449	9.152362	-0.439237	-0.268908
0.052014	-0.032124	-0.014423	-0.269682	-0.035723	0.027150	1.082879	-0.063179	-0.097762	-1.444135	0.073784	0.055576	-6.551550	-1.427313	-1.540131	3.216414	-0.200799	0.143544	-0.690673	-1.230392	-1.782578	10.121797	-0.433095	-0.253757
-0.008907	-0.044446	-0.031866	-0.245665	-0.038030	0.028835	1.065838	-0.073217	-0.113293	-1.335016	0.069604	0.053239	-6.092128	-1.232268	-1.744327	2.401703	-0.230704	0.168518	-1.704158	-1.003810	-1.553043	10.911918	-0.418008	-0.233672
-0.063920	-0.054213	-0.050069	-0.231933	-0.040588	0.030775	1.039555	-0.080651	-0.125897	-1.220016	0.065651	0.051135	-5.501325	-0.976630	-1.820232	1.373215	-0.255840	0.193901	-2.628247	-0.743463	-1.260455	11.499976	-0.395340	-0.210388
-0.111887	-0.060920	-0.067541	-0.230313	-0.043333	0.032949	1.005219	-0.085319	-0.135089	-1.101377	0.061984	0.049280	-4.796673	-0.670694	-1.747274	0.161940	-0.274468	0.217401	-3.433656	-0.466756	-0.919189	11.863886	-0.366646	-0.185490
-0.151894	-0.064228	-0.082864	-0.242228	-0.046183	0.035312	0.964283	-0.087249	-0.140577	-0.981546	0.058649	0.047677	-4.000690	-0.330829	-1.532301	-1.191448	-0.285028	0.236375	-4.093562	-0.192977	-0.548825	11.983154	-0.333564	-0.160347
-0.183330	-0.064015	-0.094928	-0.268586	-0.049050	0.037797	0.918423	-0.086662	-0.142311	-0.863139	0.055671	0.046316	-3.143650	0.021322	-1.206346	-2.635772	-0.286668	0.248511	-4.586036	0.058655	-0.173402	11.840723	-0.297739	-0.136093
-0.205942	-0.060410	-0.103103	-0.309705	-0.051847	0.040322	0.869469	-0.083954	-0.140513	-0.748879	0.053064	0.045181	-2.261145	0.360442	-0.817478	-4.111986	-0.279772	0.252475	-4.895402	0.270804	0.179875	11.425932	-0.260757	-0.113543
-0.219817	-0.053817	-0.107317	-0.365296	-0.054508	0.042804	0.819339	-0.079661	-0.135682	-0.641497	0.050823	0.044250	-1.387537	0.659280	-0.421422	-5.559014	-0.266030	0.248191	-5.012941	0.429297	0.483053	10.738191	-0.224069	-0.093044
-0.225306	-0.044916	-0.108034	-0.434503	-0.056987	0.045171	0.769958	-0.074427	-0.128574	-0.543593	0.048934	0.043506	-0.548930	0.890156	-0.071713	-6.920701	-0.247961	0.236681	-4.938127	0.523389	0.710777	9.790445	-0.188875	-0.074436
-0.222897	-0.034647	-0.106148	-0.516015	-0.059269	0.047367	0.723156	-0.068975	-0.120134	-0.457481	0.047374	0.042934	0.240924	1.026899	0.188602	-8.151239	-0.228199	0.219584	-4.680197	0.545161	0.844001	8.611164	-0.156001	-0.057192
-0.213091	-0.024162	-0.102822	-0.608190	-0.061358	0.049353	0.680572	-0.064082	-0.111399	-0.385044	0.046116	0.042527	0.980625	1.048479	0.332551	-9.217517	-0.208857	0.198591	-4.258447	0.489310	0.873490	7.243677	-0.125829	-0.040653
-0.196309	-0.014721	-0.099305	-0.709176	-0.063270	0.051103	0.643565	-0.060535	-0.103385	-0.327613	0.045132	0.042285	1.678215	0.944084	0.351769	-10.098624	-0.191206	0.175033	-3.700698	0.354746	0.801418	5.743175	-0.098373	-0.024251
-0.172836	-0.007550	-0.096751	-0.817014	-0.065026	0.052600	0.613152	-0.059058	-0.096988	-0.285882	0.044398	0.042209	2.347324	0.717148	0.255348	-10.783771	-0.175628	0.149710	-3.041277	0.147689	0.639759	4.173050	-0.073458	-0.007617
-0.142800	-0.003686	-0.096091	-0.929712	-0.066644	0.053830	0.589958	-0.060223	-0.092910	-0.259869	0.043888	0.042303	3.003551	0.386407	0.066028	-11.269754	-0.161779	0.122949	-2.319421	-0.116545	0.407794	2.601322	-0.050943	0.009386
-0.106188	-0.003844	-0.097932	-1.045295	-0.068133	0.054778	0.574182	-0.064376	-0.091589	-0.248905	0.043579	0.042568	3.661246	-0.015855	-0.184082	-11.558359	-0.148911	0.094833	-1.577534	-0.415269	0.132013	1.096351	-0.030895	0.026570
-0.062881	-0.008321	-0.102506	-1.161834	-0.069496	0.055433	0.565592	-0.071600	-0.093118	-0.251687	0.043442	0.043001	4.330620	-0.447711	-0.457429	-11.653855	-0.136252	0.065494	-0.859030	-0.722408	-0.152843	-0.278169	-0.013697	0.043232
-0.012729	-0.016953	-0.109652	-1.277444	-0.070728	0.055786	0.563519	-0.081717	-0.097181	-0.266355	0.043442	0.043581	5.015237	-0.863120	-0.714570	-11.560976	-0.123245	0.035275	-0.207252	-1.011669	-0.406314	-1.466825	-0.000063	0.058042
0.044369	-0.029133	-0.118824	-1.390282	-0.071824	0.055832	0.566854	-0.094288	-0.103095	-0.290584	0.043533	0.044273	5.709841	-1.217994	-0.917233	-11.283834	-0.109544	0.004691	0.333432	-1.257153	-0.591439	-2.422891	0.009158	0.069236
0.108359	-0.043889	-0.129139	-1.498540	-0.072772	0.055575	0.574017	-0.108617	-0.109963	-0.321654	0.043667	0.045025	6.398952	-1.475610	-1.031462	-10.825845	-0.094855	-0.025736	0.716362	-1.432897	-0.686731	-3.106935	0.013405	0.075185
0.178928	-0.059996	-0.139452	-1.600445	-0.073561	0.055019	0.582972	-0.123774	-0.116860	-0.356533	0.043796	0.045776	7.056881	-1.610688	-1.031278	-10.190437	-0.078837	-0.055611	0.895435	-1.515703	-0.689727	-3.487907	0.012916	0.075109
0.255418	-0.076113	-0.148476	-1.694268	-0.074172	0.054172	0.591308	-0.138691	-0.122953	-0.392023	0.043887	0.046472	7.649016	-1.611725	-0.902422	-9.382332	-0.061131	-0.084712	0.833619	-1.491666	-0.609284	-3.549052	0.009053	0.069559
0.336758	-0.090924	-0.154931	-1.778359	-0.074586	0.053042	0.596441	-0.152293	-0.127546	-0.424981	0.043929	0.047075	8.133979	-1.481098	-0.645524	-8.409082	-0.041405	-0.112993	0.513344	-1.360204	-0.459290	-3.295767	0.004207	0.060314
0.421438	-0.103255	-0.157702	-1.851183	-0.074780	0.051636	0.595880	-0.163613	-0.130157	-0.452584	0.043941	0.047571	8.468045	-1.233145	-0.277141	-7.282400	-0.019367	-0.140547	-0.056153	-1.131993	-0.261139	-2.760308	0.001238	0.049604
0.507574	-0.112170	-0.155976	-1.911372	-0.074728	0.049962	0.587511	-0.171858	-0.130628	-0.472583	0.043968	0.047962	8.613555	-0.891457	0.172617	-6.018904	0.005157	-0.167481	-0.836917	-0.824476	-0.047116	-1.999858	0.002676	0.039133
0.593061	-0.117032	-0.149325	-1.957773	-0.074407	0.048025	0.569848	-0.176454	-0.129188	-0.483462	0.044071	0.048259	8.548753	-0.486262	0.665161	-4.640083	0.032098	-0.193702	-1.766312	-0.459620	0.144069	-1.087894	0.010237	0.029683
0.675797	-0.117547	-0.137721	-1.989489	-0.073796	0.045837	0.542190	-0.177097	-0.126387	-0.484493	0.044319	0.048474	8.273556	-0.051421	1.160386	-3.171633	0.061112	-0.218789	-2.765713	-0.064281	0.280046	-0.103183	0.024824	0.021507
0.753881	-0.113753	-0.121484	-2.005911	-0.072880	0.043417	0.504677	-0.173793	-0.122916	-0.475707	0.044786	0.048624	7.808397	0.379313	1.623685	-1.642150	0.091634	-0.242016	-3.751293	0.330432	0.347145	0.878675	0.046684	0.014926
0.825748	-0.105993	-0.101197	-2.006721	-0.071651	0.040792	0.458228	-0.166860	-0.119389	-0.457810	0.045539	0.048729	7.186766	0.776062	2.028714	-0.081020	0.122884	-0.262413	-4.644977	0.693210	0.352689	1.789656	0.075352	0.010541
0.890196	-0.094836	-0.077643	-1.991883	-0.070112	0.038004	0.404392	-0.156884	-0.116200	-0.432102	0.046635	0.048819	6.444771	1.115692	2.355398	1.483742	0.153825	-0.278855	-5.383543	0.997666	0.318857	2.570772	0.109606	0.009007
0.946328	-0.081004	-0.051762	-1.961619	-0.068280	0.035101	0.345153	-0.144629	-0.113443	-0.400376	0.048111	0.048927	5.613142	1.383195	2.588096	3.026459	0.183237	-0.290242	-5.923969	1.225507	0.275712	3.172640	0.147627	0.010746
0.993476	-0.065292	-0.024599	-1.916384	-0.066181	0.032144	0.282702	-0.130956	-0.110893	-0.364806	0.049983	0.049085	4.714855	1.571186	2.716265	4.523483	0.209911	-0.295717	-6.245010	1.367289	0.254992	3.556953	0.187197	0.015821
1.031144	-0.048510	0.002752	-1.856860	-0.063852	0.029196	0.219241	-0.116740	-0.108073	-0.327819	0.052242	0.049325	3.766818	1.678176	2.735157	5.952431	0.232848	-0.294850	-6.346134	1.421614	0.281988	3.698785	0.225843	0.024024
1.058970	-0.031440	0.029204	-1.783945	-0.061339	0.026319	0.156799	-0.102803	-0.104409	-0.291941	0.054852	0.049675	2.782602	1.707059	2.645166	7.291492	0.251395	-0.287718	-6.244184	1.393718	0.366431	3.587766	0.261002	0.035037
1.076722	-0.014794	0.053716	-1.698756	-0.058686	0.023570	0.097125	-0.089863	-0.099428	-0.259679	0.057755	0.050160	1.775170	1.664607	2.451171	8.518882	0.265253	-0.274846	-5.967400	1.293964	0.498121	3.226220	0.290300	0.048445
1.084319	0.000823	0.075342	-1.602633	-0.055942	0.021000	0.041648	-0.078497	-0.092914	-0.233427	0.060874	0.050796	0.759709	1.561688	2.162609	9.612314	0.274409	-0.257026	-5.547723	1.136596	0.651391	2.625131	0.311911	0.063612
1.081878	0.014955	0.093277	-1.497148	-0.053152	0.018649	-0.008500	-0.069107	-0.084958	-0.215413	0.064122	0.051592	-0.244080	1.413208	1.793509	10.548469	0.279022	-0.235135	-5.014773	0.939026	0.795636	1.801473	0.324785	0.079623
1.069764	0.027323	0.106898	-1.384121	-0.050358	0.016548	-0.052442	-0.061894	-0.075895	-0.207626	0.067408	0.052545	-1.211447	1.236784	1.362114	11.302657	0.279333	-0.210015	-4.394275	0.721225	0.906216	0.778654	0.328638	0.095318
1.048625	0.037822	0.115800	-1.265633	-0.047602	0.014724	-0.089543	-0.056852	-0.066176	-0.211743	0.070647	0.053639	-2.113906	1.049906	0.890206	11.848896	0.275628	-0.182450	-3.710057	0.504247	0.971955	-0.411719	0.323854	0.109368
1.019414	0.046489	0.119823	-1.144026	-0.044920	0.013192	-0.119407	-0.053776	-0.056210	-0.229032	0.073762	0.054845	-2.921090	0.866699	0.402249	12.160638	0.268229	-0.153198	-2.986400	0.307578	0.996610	-1.728908	0.311545	0.120568
0.983394	0.053450	0.119070	-1.021901	-0.042345	0.011962	-0.141885	-0.052312	-0.046267	-0.260274	0.076699	0.056128	-3.602003	0.696111	-0.075285	12.212485	0.257482	-0.123029	-2.247779	0.146403	0.994275	-3.124211	0.293684	0.128335
0.942133	0.058876	0.113921	-0.902071	-0.039908	0.011034	-0.157041	-0.052009	-0.036446	-0.305719	0.079429	0.057458	-4.126081	0.542597	-0.514855	11.983013	0.243717	-0.092758	-1.515619	0.030307	0.982100	-4.544438	0.272994	0.133005
0.897481	0.062963	0.105019	-0.787485	-0.037635	0.010401	-0.165083	-0.052369	-0.026701	-0.365084	0.081954	0.058816	-4.465214	0.408682	-0.890208	11.458637	0.227241	-0.063260	-0.804197	-0.035974	0.974541	-5.936539	0.252506	0.135747
0.851506	0.065943	0.093222	-0.681103	-0.035552	0.010047	-0.166262	-0.052870	-0.016888	-0.437603	0.084304	0.060198	-4.597493	0.297980	-1.179697	10.638193	0.208366	-0.035458	-0.117910	-0.050139	0.981263	-7.251919	0.234981	0.138229
0.806382	0.068119	0.079528	-0.585729	-0.033677	0.009944	-0.160772	-0.052968	-0.006819	-0.522100	0.086528	0.061620	-4.512394	0.217648	-1.369395	9.537435	0.187468	-0.010296	0.548964	-0.009804	1.006887	-8.449699	0.222409	0.142180
0.764226	0.069911	0.064971	-0.503808	-0.032027	0.010057	-0.148676	-0.052087	0.003688	-0.617084	0.088684	0.063108	-4.215594	0.179173	-1.455677	8.192044	0.165053	0.011348	1.209658	0.088115	1.050680	-9.498357	0.215646	0.148834
0.726918	0.071865	0.050510	-0.437231	-0.030608	0.010347	-0.129873	-0.049636	0.014759	-0.720837	0.090827	0.064692	-3.730826	0.195393	-1.446149	6.657725	0.141841	0.028919	1.880243	0.245063	1.107130	-10.375301	0.214242	0.158424
0.695942	0.074599	0.036941	-0.387163	-0.029420	0.010772	-0.104127	-0.045073	0.026436	-0.831485	0.092992	0.066392	-3.097584	0.273381	-1.356864	5.006793	0.118821	0.042517	2.574638	0.456323	1.167701	-11.064797	0.216564	0.169989
0.672283	0.078674	0.024871	-0.353946	-0.028448	0.011302	-0.071118	-0.038005	0.038659	-0.947040	0.095194	0.068208	-2.365935	0.407495	-1.207063	3.321700	0.097177	0.052986	3.300907	0.706809	1.222275	-11.555535	0.220198	0.181593
0.656374	0.084456	0.014711	-0.337077	-0.027667	0.011916	-0.030525	-0.028304	0.051257	-1.065428	0.097420	0.070117	-1.590884	0.578247	-1.015964	1.686915	0.078095	0.061453	4.059285	0.970089	1.259802	-11.838812	0.222511	0.190880
0.648084	0.092029	0.006688	-0.335256	-0.027042	0.012602	0.017890	-0.016183	0.063944	-1.184506	0.099631	0.072073	-0.828964	0.757247	-0.802353	0.182038	0.062535	0.068594	4.841467	1.212108	1.268732	-11.907724	0.221128	0.195642
0.646698	0.101165	0.000852	-0.346467	-0.026531	0.013345	0.074193	-0.002200	0.076318	-1.302079	0.101772	0.074015	-0.138645	0.913640	-0.583605	-1.121108	0.051067	0.074260	5.630300	1.398281	1.237426	-11.757370	0.214150	0.194130
0.650869	0.111357	-0.002891	-0.368050	-0.026093	0.014122	0.138183	0.012806	0.087863	-1.415934	0.103774	0.075866	0.417093	1.019234	-0.374279	-2.158218	0.043769	0.077777	6.399067	1.500652	1.154462	-11.385452	0.200156	0.185100
0.658583	0.121889	-0.004772	-0.396787	-0.025691	0.014909	0.209294	0.027832	0.097955	-1.523861	0.105556	0.077544	0.771402	1.053148	-0.188101	-2.873693	0.040217	0.078679	7.111050	1.502544	1.009252	-10.792694	0.178224	0.167829
0.667204	0.131947	-0.005194	-0.429060	-0.025296	0.015682	0.286505	0.041833	0.105890	-1.623694	0.107036	0.078966	0.862143	1.005848	-0.042197	-3.227330	0.039494	0.077321	7.721115	1.400125	0.793458	-9.983360	0.148006	0.142192
0.673674	0.140743	-0.004752	-0.461116	-0.024894	0.016431	0.368305	0.053846	0.110923	-1.713359	0.108134	0.080053	0.647023	0.879588	0.044178	-3.205592	0.040239	0.074864	8.180051	1.201324	0.503269	-8.966437	0.109767	0.108688
0.674854	0.147584	-0.004157	-0.489424	-0.024485	0.017156	0.452722	0.063074	0.112347	-1.790932	0.108777	0.080736	0.117957	0.684053	0.059586	-2.830787	0.040875	0.072502	8.441638	0.922802	0.142461	-7.757294	0.064342	0.068349
0.667931	0.151888	-0.004047	-0.511030	-0.024085	0.017862	0.537449	0.068933	0.109599	-1.854721	0.108908	0.080962	-0.692256	0.430443	0.010995	-2.160596	0.040025	0.070623	8.472735	0.585909	-0.274864	-6.378919	0.013066	0.022589
0.650802	0.153174	-0.004799	-0.523800	-0.023717	0.018550	0.620087	0.071063	0.102356	-1.903340	0.108484	0.080693	-1.712964	0.128580	-0.075219	-1.276992	0.036793	0.068758	8.263737	0.212935	-0.724281	-4.861867	-0.042405	-0.026937
0.622329	0.151067	-0.006449	-0.526512	-0.023410	0.019212	0.698413	0.069313	0.090605	-1.935764	0.107481	0.079909	-2.847279	-0.210720	-0.165012	-0.271290	0.030694	0.066220	7.832651	-0.174963	-1.175086	-3.242438	-0.100292	-0.078408
0.582433	0.145358	-0.008786	-0.518839	-0.023196	0.019839	0.770597	0.063734	0.074644	-1.951358	0.105894	0.078611	-3.989604	-0.570878	-0.233655	0.767385	0.021425	0.062693	7.218440	-0.557862	-1.596122	-1.559436	-0.158708	-0.129798
0.531996	0.136074	-0.011535	-0.501256	-0.023108	0.020423	0.835275	0.054569	0.055040	-1.949867	0.103738	0.076822	-5.043664	-0.928356	-0.274992	1.758255	0.008774	0.058385	6.467727	-0.916570	-1.960411	0.149105	-0.215563	-0.178871
0.472652	0.123508	-0.014529	-0.474944	-0.023182	0.020961	0.891510	0.042237	0.032560	-1.931388	0.101052	0.074588	-5.934406	-1.256627	-0.299345	2.631247	-0.007338	0.053853	5.623499	-1.233149	-2.247923	1.847954	-0.268636	-0.223374
0.406537	0.108193	-0.017792	-0.441667	-0.023450	0.021459	0.938713	0.027311	0.008094	-1.896334	0.097894	0.071975	-6.611545	-1.531568	-0.326286	3.327647	-0.026821	0.049758	4.720320	-1.492592	-2.446653	3.505335	-0.315838	-0.261294
0.336055	0.090842	-0.021556	-0.403656	-0.023944	0.021927	0.976557	0.010468	-0.017426	-1.845406	0.094339	0.069065	-7.048180	-1.735085	-0.376445	3.801147	-0.049422	0.046777	3.784433	-1.684304	-2.551949	5.092791	-0.355479	-0.291046
0.263671	0.072279	-0.026194	-0.363454	-0.024691	0.022385	1.004914	-0.007553	-0.043078	-1.779560	0.090474	0.065949	-7.238431	-1.856277	-0.463778	4.020148	-0.074738	0.045770	2.835640	-1.802153	-2.565278	6.584635	-0.386426	-0.311610
0.191724	0.053375	-0.032103	-0.323758	-0.025714	0.022864	1.023807	-0.025986	-0.068013	-1.699989	0.086393	0.062722	-7.194655	-1.890392	-0.590865	3.969609	-0.102235	0.047911	1.889316	-1.843226	-2.493432	7.957137	-0.408134	-0.322632
0.122295	0.035006	-0.039573	-0.287260	-0.027026	0.023408	1.033390	-0.044053	-0.091487	-1.608114	0.082187	0.059478	-6.942913	-1.836940	-0.747005	3.649823	-0.131185	0.054430	0.958318	-1.806688	-2.347468	9.187485	-0.420583	-0.324426
0.057129	0.018017	-0.048650	-0.256539	-0.028630	0.024068	1.033941	-0.060994	-0.112896	-1.505587	0.077945	0.056299	-6.516561	-1.698878	-0.907700	3.072119	-0.160491	0.066012	0.055108	-1.694189	-2.140850	10.252732	-0.424189	-0.317884
-0.002369	0.003183	-0.059052	-0.233992	-0.030517	0.024892	1.025880	-0.076110	-0.131776	-1.394295	0.073748	0.053256	-5.949815	-1.483425	-1.040230	2.254614	-0.188663	0.082384	-0.806064	-1.511540	-1.888030	11.129141	-0.419707	-0.304297
-0.055107	-0.008852	-0.070219	-0.221787	-0.032657	0.025915	1.009801	-0.088808	-0.147819	-1.276371	0.069667	0.050405	-5.273764	-1.203483	-1.116721	1.220583	-0.214018	0.102335	-1.607968	-1.269864	-1.604312	11.792382	-0.408113	-0.285126
-0.100269	-0.017634	-0.081464	-0.221791	-0.035006	0.027154	0.986494	-0.098657	-0.160880	-1.154185	0.065762	0.047787	-4.516268	-0.878161	-1.124476	-0.000396	-0.234911	0.123888	-2.330638	-0.984868	-1.306121	12.218654	-0.390482	-0.261826
-0.137312	-0.022946	-0.092132	-0.235490	-0.037506	0.028600	0.956970	-0.105403	-0.170988	-1.030321	0.062084	0.045429	-3.704234	-0.531256	-1.066773	-1.369987	-0.249979	0.144617	-2.952452	-0.674628	-1.010771	12.386381	-0.367885	-0.235769
-0.165961	-0.024827	-0.101710	-0.263888	-0.040091	0.030222	0.922456	-0.108978	-0.178345	-0.907538	0.058670	0.043347	-2.864967	-0.188032	-0.957874	-2.839703	-0.258519	0.162183	-3.451346	-0.357504	-0.735723	12.278262	-0.341313	-0.208204
-0.186207	-0.023551	-0.109888	-0.307413	-0.042699	0.031971	0.884393	-0.109492	-0.183320	-0.788698	0.055555	0.041545	-2.024581	0.127575	-0.817802	-4.352597	-0.260814	0.174879	-3.806293	-0.051378	-0.497490	11.884001	-0.311571	-0.180154
-0.198247	-0.019615	-0.116581	-0.365896	-0.045281	0.033790	0.844397	-0.107233	-0.186421	-0.676661	0.052763	0.040023	-1.204040	0.393577	-0.669244	-5.848302	-0.258104	0.181925	-3.999611	0.225892	-0.310100	11.203779	-0.279215	-0.152256
-0.202403	-0.013725	-0.121935	-0.438591	-0.047802	0.035625	0.804194	-0.102676	-0.188251	-0.574144	0.050316	0.038776	-0.415505	0.589003	-0.535437	-7.269451	-0.252175	0.183444	-4.020356	0.455726	-0.182981	10.251635	-0.244613	-0.124686
-0.199020	-0.006788	-0.126305	-0.524258	-0.050250	0.037427	0.765511	-0.096488	-0.189437	-0.483570	0.048235	0.037803	0.338234	0.693760	-0.437010	-8.566711	-0.244769	0.180196	-3.868260	0.618846	-0.118542	9.057457	-0.208094	-0.097295
-0.188408	0.000123	-0.130186	-0.621269	-0.052621	0.039159	0.729948	-0.089519	-0.190539	-0.406906	0.046534	0.037104	1.061166	0.691072	-0.388070	-9.701117	-0.237151	0.173206	-3.556266	0.696853	-0.110199	7.666381	-0.170127	-0.069903
-0.170802	0.005842	-0.134120	-0.727712	-0.054921	0.040793	0.698848	-0.082762	-0.191964	-0.345548	0.045219	0.036679	1.760661	0.571898	-0.393356	-10.644302	-0.229960	0.163440	-3.110030	0.675669	-0.142514	6.135749	-0.131478	-0.042555
-0.146350	0.009229	-0.138597	-0.841490	-0.057153	0.042309	0.673199	-0.077260	-0.193915	-0.300234	0.044287	0.036524	2.445226	0.338684	-0.447714	-11.377773	-0.223233	0.151590	-2.564932	0.550211	-0.195155	4.531460	-0.093254	-0.015477
-0.115116	0.009296	-0.143973	-0.960406	-0.059319	0.043689	0.653574	-0.073984	-0.196399	-0.270988	0.043719	0.036635	3.123389	0.006690	-0.537601	-11.891571	-0.216515	0.138030	-1.962501	0.327643	-0.248389	2.924557	-0.056831	0.011132
-0.077091	0.005328	-0.150407	-1.082229	-0.061409	0.044919	0.640102	-0.073721	-0.199245	-0.257122	0.043481	0.037005	3.802472	-0.396791	-0.643463	-12.182277	-0.209072	0.122933	-1.347218	0.026311	-0.284638	1.386632	-0.023745	0.037021
-0.032224	-0.003019	-0.157831	-1.204736	-0.063410	0.045983	0.632465	-0.077004	-0.202109	-0.257284	0.043524	0.037619	4.486704	-0.834735	-0.742390	-12.250741	-0.200110	0.106400	-0.763695	-0.328354	-0.286399	-0.016232	0.004335	0.061406
0.019530	-0.015662	-0.165944	-1.325739	-0.065300	0.046868	0.629921	-0.084065	-0.204490	-0.269566	0.043781	0.038446	5.175369	-1.264249	-0.811254	-12.100288	-0.188935	0.088512	-0.254350	-0.706069	-0.238095	-1.228197	0.025687	0.082643
0.078145	-0.032077	-0.174246	-1.443097	-0.067050	0.047560	0.631339	-0.094766	-0.205847	-0.291611	0.044170	0.039431	5.861550	-1.641495	-0.830233	-11.735810	-0.175029	0.069268	0.141765	-1.070084	-0.135641	-2.204486	0.038897	0.098561
0.143456	-0.051343	-0.182100	-1.554733	-0.068630	0.048045	0.635226	-0.108533	-0.205788	-0.320705	0.044605	0.040506	6.531033	-1.926602	-0.785395	-11.163598	-0.158001	0.048484	0.388718	-1.376765	0.005866	-2.909439	0.043482	0.107421
0.215066	-0.072222	-0.188791	-1.658649	-0.070005	0.048303	0.639760	-0.124369	-0.204186	-0.353868	0.045010	0.041594	7.161058	-2.087908	-0.669055	-10.391596	-0.137531	0.025778	0.453403	-1.583520	0.160267	-3.316255	0.040441	0.108852
0.292260	-0.093277	-0.193582	-1.752949	-0.071140	0.048310	0.642842	-0.140987	-0.201095	-0.387981	0.045333	0.042635	7.719431	-2.105463	-0.479146	-9.430062	-0.113425	0.000699	0.308159	-1.661832	0.309024	-3.411327	0.032295	0.104114
0.373917	-0.113012	-0.195780	-1.835877	-0.071996	0.048039	0.642227	-0.157025	-0.196607	-0.420000	0.045558	0.043591	8.165677	-1.973569	-0.219786	-8.292764	-0.085662	-0.027102	-0.061458	-1.603783	0.448811	-3.201843	0.022502	0.095565
0.458482	-0.130032	-0.194806	-1.905861	-0.072540	0.047461	0.635766	-0.171211	-0.190795	-0.447218	0.045703	0.044448	8.456517	-1.701971	0.097356	-6.998341	-0.054374	-0.057778	-0.646065	-1.418607	0.581213	-2.721823	0.014564	0.085683
0.544041	-0.143183	-0.190277	-1.961570	-0.072738	0.046550	0.621701	-0.182476	-0.183793	-0.467526	0.045816	0.045210	8.555906	-1.315124	0.452912	-5.570983	-0.019829	-0.091151	-1.406493	-1.126483	0.700210	-2.030793	0.011328	0.076206
0.628495	-0.151675	-0.182058	-2.001971	-0.072563	0.045284	0.598922	-0.190034	-0.175869	-0.479567	0.045964	0.045889	8.445356	-0.849167	0.821916	-4.040080	0.017505	-0.126552	-2.277951	-0.755804	0.792431	-1.204071	0.014795	0.067907
0.709778	-0.155145	-0.170287	-2.026360	-0.071994	0.043657	0.567101	-0.193456	-0.167406	-0.482767	0.046227	0.046500	8.128284	-0.347051	1.177137	-2.438931	0.056877	-0.162747	-3.182071	-0.342268	0.846276	-0.320081	0.026261	0.061147
0.786038	-0.153670	-0.155369	-2.034385	-0.071022	0.041677	0.526693	-0.192709	-0.158824	-0.477276	0.046691	0.047067	7.626039	0.147561	1.491791	-0.802426	0.097210	-0.198010	-4.040854	0.074738	0.858223	0.549115	0.046383	0.056631
0.855727	-0.147705	-0.137951	-2.026026	-0.069651	0.039374	0.478813	-0.188132	-0.150473	-0.463862	0.047443	0.047622	6.968874	0.596486	1.741743	0.835853	0.137093	-0.230276	-4.788022	0.457694	0.835094	1.341389	0.075167	0.055564
0.917600	-0.137989	-0.118870	-2.001568	-0.067903	0.036800	0.425058	-0.180372	-0.142533	-0.443821	0.048562	0.048214	6.187315	0.971584	1.908114	2.445837	0.174860	-0.257355	-5.375480	0.776036	0.793977	2.004080	0.111983	0.059158
0.970676	-0.125422	-0.099075	-1.961552	-0.065815	0.034028	0.367308	-0.170270	-0.134954	-0.418886	0.050118	0.048896	5.307581	1.256682	1.979503	4.001556	0.208789	-0.277233	-5.774968	1.010154	0.757873	2.493548	0.155598	0.068217
1.014189	-0.110955	-0.079546	-1.906748	-0.063441	0.031144	0.307537	-0.158743	-0.127466	-0.391118	0.052161	0.049727	4.351295	1.446775	1.952898	5.480466	0.237347	-0.288393	-5.977140	1.152756	0.748830	2.776773	0.204263	0.083087
1.047562	-0.095503	-0.061210	-1.838124	-0.060848	0.028244	0.247640	-0.146672	-0.119651	-0.362779	0.054720	0.050765	3.337355	1.545122	1.833602	6.862341	0.259368	-0.290041	-5.989621	1.207093	0.781471	2.833967	0.255886	0.103812
1.070403	-0.079906	-0.044865	-1.756843	-0.058106	0.025421	0.189309	-0.134835	-0.111071	-0.336184	0.057802	0.052068	2.284050	1.559687	1.634496	8.128158	0.274192	-0.282219	-5.833190	1.183650	0.858007	2.659487	0.308242	0.130278
1.082511	-0.064900	-0.031120	-1.664252	-0.055289	0.022763	0.133955	-0.123867	-0.101399	-0.313591	0.061394	0.053689	1.210851	1.500634	1.374508	9.259059	0.281706	-0.265800	-5.535377	1.096787	0.967249	2.259256	0.359187	0.162098
1.083909	-0.051104	-0.020355	-1.561897	-0.052466	0.020340	0.082717	-0.114241	-0.090513	-0.297126	0.065462	0.055672	0.139802	1.379651	1.076492	10.235521	0.282272	-0.242331	-5.123753	0.962626	1.088517	1.646504	0.406742	0.198306
1.074869	-0.039001	-0.012705	-1.451527	-0.049700	0.018203	0.036493	-0.106256	-0.078535	-0.288732	0.069951	0.058043	-0.904091	1.210278	0.765025	11.036959	0.276580	-0.213752	-4.622399	0.798531	1.197807	0.839429	0.448970	0.237118
1.055930	-0.028923	-0.008064	-1.335109	-0.047045	0.016381	-0.004034	-0.100030	-0.065798	-0.290113	0.074790	0.060803	-1.893878	1.007739	0.464063	11.641831	0.265514	-0.182117	-4.052707	0.622567	1.273773	-0.138087	0.483907	0.276001
1.027908	-0.021047	-0.006119	-1.214827	-0.044545	0.014888	-0.038395	-0.095514	-0.052778	-0.302658	0.079889	0.063924	-2.802186	0.787614	0.194584	12.028227	0.250055	-0.149360	-3.436135	0.451624	1.302009	-1.254496	0.509867	0.312078
0.991888	-0.015407	-0.006387	-1.093075	-0.042232	0.013716	-0.066349	-0.092523	-0.040010	-0.327355	0.085149	0.067352	-3.601974	0.563997	-0.026873	12.175116	0.231204	-0.117131	-2.795380	0.299104	1.276791	-2.469719	0.526003	0.342809
0.949222	-0.011925	-0.008271	-0.972430	-0.040133	0.012850	-0.087873	-0.090786	-0.028000	-0.364722	0.090476	0.071018	-4.266632	0.348278	-0.188409	12.064536	0.209925	-0.086684	-2.152400	0.173657	1.200944	-3.736751	0.532665	0.366580
0.901517	-0.010430	-0.011099	-0.855583	-0.038262	0.012261	-0.103117	-0.089989	-0.017154	-0.414777	0.095788	0.074847	-4.770498	0.149425	-0.282775	11.684685	0.187117	-0.058837	-1.524437	0.079698	1.084666	-5.005477	0.531265	0.382890
0.850609	-0.010672	-0.014179	-0.745249	-0.036626	0.011921	-0.112320	-0.089792	-0.007721	-0.477051	0.101026	0.078768	-5.090760	-0.024149	-0.308016	11.033406	0.163610	-0.034056	-0.920267	0.019725	0.943268	-6.227377	0.523778	0.392152
0.798499	-0.012294	-0.016861	-0.644036	-0.035224	0.011794	-0.115706	-0.089817	0.000221	-0.550649	0.106148	0.082721	-5.211061	-0.162265	-0.268161	10.121319	0.140205	-0.012674	-0.338566	-0.002473	0.794192	-7.359783	0.512160	0.395309
0.747239	-0.014812	-0.018596	-0.554298	-0.034047	0.011843	-0.113400	-0.089615	0.006759	-0.634335	0.111127	0.086655	-5.125922	-0.251798	-0.173534	8.973754	0.117709	0.004873	0.230573	0.020210	0.653761	-8.368601	0.497890	0.393387
0.698802	-0.017591	-0.019005	-0.477991	-0.033077	0.012023	-0.105384	-0.088644	0.012097	-0.726626	0.115944	0.090526	-4.843756	-0.277828	-0.040832	7.630760	0.096974	0.018010	0.801618	0.097093	0.533873	-9.229095	0.481706	0.387103
0.654935	-0.019865	-0.017926	-0.416539	-0.032288	0.012286	-0.091490	-0.086287	0.016498	-0.825878	0.120579	0.094292	-4.386691	-0.227442	0.107841	6.145222	0.078906	0.026304	1.389373	0.235626	0.440071	-9.925277	0.463515	0.376596
0.617059	-0.020817	-0.015440	-0.370741	-0.031644	0.012585	-0.071428	-0.081923	0.020220	-0.930363	0.125004	0.097906	-3.787559	-0.095237	0.248596	4.579720	0.064415	0.029939	2.006219	0.436489	0.372178	-10.448477	0.442485	0.361381
0.586201	-0.019697	-0.011828	-0.340719	-0.031101	0.012885	-0.044822	-0.075022	0.023483	-1.038316	0.129177	0.101311	-3.085868	0.112046	0.361175	3.002248	0.054282	0.029966	2.660619	0.690080	0.326328	-10.795323	0.417295	0.340539
0.562959	-0.015951	-0.007507	-0.325912	-0.030611	0.013165	-0.011262	-0.065267	0.026451	-1.147972	0.133041	0.104441	-2.324192	0.374632	0.432172	1.480671	0.048989	0.027966	3.355965	0.975454	0.296802	-10.965560	0.386428	0.313007
0.547501	-0.009321	-0.002962	-0.325142	-0.030125	0.013417	0.029632	-0.052647	0.029224	-1.257574	0.136525	0.107220	-1.545732	0.662980	0.454483	0.077027	0.048615	0.025296	4.089431	1.261999	0.277269	-10.960184	0.348450	0.277866
0.539560	0.000106	0.001303	-0.336697	-0.029597	0.013642	0.078142	-0.037510	0.031837	-1.365375	0.139548	0.109566	-0.794153	0.942668	0.426493	-1.155509	0.052844	0.022485	4.850930	1.513731	0.261332	-10.780116	0.302255	0.234559
0.538392	0.011893	0.004839	-0.358405	-0.028986	0.013835	0.134361	-0.020555	0.034260	-1.469630	0.142020	0.111396	-0.116798	1.178742	0.353597	-2.170789	0.061039	0.019235	5.621960	1.695457	0.242314	-10.425487	0.247222	0.183046
0.542700	0.025294	0.007326	-0.387658	-0.028264	0.013984	0.198103	-0.002764	0.036389	-1.568586	0.143853	0.112635	0.430767	1.340044	0.248660	-2.925308	0.072253	0.014939	6.374196	1.779092	0.212828	-9.895632	0.183324	0.123868
0.550551	0.039338	0.008593	-0.421436	-0.027412	0.014078	0.268794	0.014716	0.038040	-1.660486	0.144966	0.113216	0.785124	1.404439	0.126717	-3.377776	0.085198	0.009368	7.069046	1.748089	0.165089	-9.189947	0.111229	0.058164
0.559402	0.052966	0.008570	-0.456402	-0.026429	0.014110	0.345392	0.030706	0.038963	-1.743582	0.145290	0.113093	0.885072	1.362843	-0.002260	-3.496637	0.098243	0.003260	7.659820	1.598946	0.092332	-8.309652	0.032388	-0.012303
0.566286	0.065158	0.007242	-0.489129	-0.025334	0.014094	0.426357	0.044110	0.038869	-1.816185	0.144779	0.112242	0.688466	1.219153	-0.132860	-3.272648	0.109485	-0.001639	8.096534	1.340451	-0.009382	-7.260240	-0.051017	-0.085176
0.568162	0.075025	0.004679	-0.516423	-0.024164	0.014059	0.509685	0.054028	0.037466	-1.876724	0.143416	0.110664	0.187546	0.986675	-0.256268	-2.729386	0.116998	-0.003450	8.332826	0.991710	-0.140265	-6.053985	-0.136365	-0.157736
0.562324	0.081861	0.001122	-0.535671	-0.022972	0.014045	0.593044	0.059817	0.034496	-1.923840	0.141205	0.108391	-0.583816	0.683619	-0.355661	-1.924799	0.119242	-0.001429	8.335874	0.578896	-0.297084	-4.711516	-0.221033	-0.227307
0.546793	0.085159	-0.002987	-0.545091	-0.021818	0.014081	0.674017	0.061127	0.029761	-1.956454	0.138179	0.105475	-1.553069	0.329841	-0.410891	-0.942012	0.115382	0.003563	8.097313	0.131038	-0.473471	-3.261446	-0.302680	-0.291572
0.520572	0.084624	-0.007070	-0.543834	-0.020766	0.014178	0.750385	0.057894	0.023166	-1.973831	0.134386	0.101989	-2.622047	-0.053552	-0.408333	0.125647	0.105241	0.009749	7.636723	-0.323313	-0.659441	-1.737713	-0.379256	-0.348634
0.483700	0.080196	-0.010556	-0.531951	-0.019875	0.014334	0.820311	0.050321	0.014753	-1.975586	0.129897	0.098020	-3.687196	-0.442782	-0.348624	1.188350	0.089053	0.015598	6.992606	-0.757288	-0.841376	-0.175526	-0.448905	-0.396954
0.437113	0.072080	-0.013040	-0.510271	-0.019203	0.014540	0.882391	0.038859	0.004713	-1.961666	0.124798	0.093667	-4.658720	-0.811637	-0.248397	2.167969	0.067259	0.020528	6.208036	-1.146216	-1.003917	1.392093	-0.509907	-0.435301
0.382410	0.060731	-0.014414	-0.480269	-0.018798	0.014788	0.935604	0.024163	-0.006618	-1.932307	0.119190	0.089039	-5.470299	-1.134837	-0.137429	3.000167	0.040417	0.024843	5.321285	-1.469578	-1.133165	2.935812	-0.560739	-0.462766
0.321618	0.046804	-0.014950	-0.443939	-0.018707	0.015081	0.979238	0.007023	-0.018807	-1.888009	0.113188	0.084250	-6.079233	-1.392693	-0.053505	3.633034	0.009189	0.029273	4.363434	-1.714038	-1.218909	4.429803	-0.600251	-0.478897
0.256985	0.031064	-0.015292	-0.403674	-0.018963	0.015427	1.012831	-0.011727	-0.031350	-1.829500	0.106909	0.079411	-6.463286	-1.574078	-0.034293	4.026474	-0.025642	0.034601	3.359325	-1.874919	-1.254303	5.850946	-0.627887	-0.483862
0.190794	0.014304	-0.016353	-0.362128	-0.019594	0.015843	1.036123	-0.031270	-0.043695	-1.757720	0.100471	0.074626	-6.619076	-1.676003	-0.106054	4.154669	-0.063092	0.041641	2.329172	-1.954359	-1.234459	7.178002	-0.643776	-0.478508
0.125182	-0.002703	-0.019080	-0.322034	-0.020613	0.016356	1.049025	-0.050845	-0.055258	-1.673812	0.093985	0.069984	-6.561252	-1.700608	-0.272712	4.009307	-0.101869	0.051312	1.290232	-1.957451	-1.156336	8.390836	-0.648649	-0.464255
0.061996	-0.019223	-0.024182	-0.286046	-0.022015	0.017000	1.051614	-0.069741	-0.065458	-1.579116	0.087548	0.065555	-6.318528	-1.652090	-0.510187	3.598870	-0.140285	0.064390	0.258843	-1.889649	-1.019949	9.469604	-0.643675	-0.442914
0.002742	-0.034580	-0.031891	-0.256615	-0.023779	0.017810	1.044144	-0.087313	-0.073755	-1.475175	0.081245	0.061390	-5.925423	-1.535611	-0.770940	2.943124	-0.176334	0.081022	-0.747020	-1.757152	-0.829708	10.394051	-0.630315	-0.416489
-0.051393	-0.048160	-0.041889	-0.235943	-0.025858	0.018815	1.027091	-0.103000	-0.079708	-1.363743	0.075144	0.057521	-5.413531	-1.358066	-0.999811	2.067177	-0.207939	0.100418	-1.705298	-1.568702	-0.595277	11.143201	-0.610102	-0.386900
-0.099466	-0.059451	-0.053417	-0.225952	-0.028190	0.020023	1.001202	-0.116362	-0.083022	-1.246788	0.069300	0.053963	-4.807294	-1.129084	-1.152740	0.999115	-0.233175	0.120861	-2.588820	-1.336237	-0.331400	11.695503	-0.584379	-0.355729
-0.140722	-0.068062	-0.065493	-0.228239	-0.030694	0.021422	0.967536	-0.127102	-0.083584	-1.126493	0.063759	0.050722	-4.125637	-0.861105	-1.207655	-0.228776	-0.250378	0.139904	-3.366674	-1.073954	-0.056282	12.029456	-0.554121	-0.324112
-0.174591	-0.073750	-0.077147	-0.244013	-0.033277	0.022971	0.927458	-0.135074	-0.081478	-1.005244	0.058560	0.047795	-3.386851	-0.568813	-1.165330	-1.577325	-0.258373	0.154833	-4.007748	-0.797211	0.210661	12.124924	-0.519915	-0.292755
-0.200721	-0.076436	-0.087587	-0.273998	-0.035847	0.024605	0.882607	-0.140294	-0.076974	-0.885591	0.053740	0.045175	-2.612984	-0.268542	-1.043988	-2.998510	-0.256930	0.163469	-4.485119	-0.521986	0.450356	11.965353	-0.482016	-0.261989
-0.219029	-0.076212	-0.096304	-0.318359	-0.038319	0.026255	0.834809	-0.142936	-0.070526	-0.770182	0.049335	0.042857	-1.830851	0.022348	-0.871728	-4.436130	-0.247208	0.164962	-4.779786	-0.264234	0.644832	11.540837	-0.440465	-0.231799
-0.229711	-0.073355	-0.103105	-0.376666	-0.040636	0.027856	0.785979	-0.143325	-0.062744	-0.661666	0.045382	0.040838	-1.068160	0.285703	-0.680064	-5.830678	-0.231733	0.160118	-4.883032	-0.038933	0.778183	10.851656	-0.395265	-0.201889
-0.233175	-0.068335	-0.108101	-0.447941	-0.042774	0.029366	0.738004	-0.141922	-0.054360	-0.562552	0.041917	0.039120	-0.346371	0.502049	-0.499678	-7.127474	-0.213790	0.151024	-4.797473	0.140300	0.838413	9.911419	-0.346541	-0.171798
-0.229922	-0.061828	-0.111672	-0.530780	-0.044740	0.030768	0.692637	-0.139313	-0.046160	-0.475066	0.038971	0.037709	0.325210	0.650658	-0.357024	-8.283955	-0.196547	0.140205	-4.536753	0.260966	0.819968	8.748560	-0.294634	-0.141087
-0.220415	-0.054706	-0.114376	-0.623505	-0.046563	0.032066	0.651400	-0.136190	-0.038902	-0.401012	0.036569	0.036614	0.950759	0.712223	-0.270417	-9.272523	-0.182340	0.129758	-4.123646	0.312270	0.725792	7.405438	-0.240176	-0.109516
-0.204965	-0.047967	-0.116841	-0.724295	-0.048286	0.033275	0.615529	-0.133313	-0.033230	-0.341655	0.034727	0.035843	1.545014	0.673887	-0.246494	-10.078939	-0.172334	0.120861	-3.587133	0.287651	0.567202	5.935607	-0.184177	-0.077083
-0.183682	-0.042629	-0.119636	-0.831280	-0.049952	0.034412	0.585930	-0.131433	-0.029618	-0.297650	0.033446	0.035404	2.128321	0.533809	-0.279550	-10.698525	-0.166594	0.113746	-2.959897	0.188052	0.361270	4.400577	-0.128060	-0.043904
-0.156467	-0.039599	-0.123177	-0.942602	-0.051596	0.035492	0.563159	-0.131202	-0.028332	-0.268987	0.032711	0.035303	2.721426	0.303035	-0.354078	-11.132224	-0.164423	0.107985	-2.277109	0.023112	0.128520	2.866295	-0.073579	-0.010149
-0.123057	-0.039553	-0.127659	-1.056437	-0.053244	0.036520	0.547399	-0.133112	-0.029394	-0.255000	0.032484	0.035539	3.341053	0.004574	-0.448189	-11.383531	-0.164716	0.102810	-1.576004	-0.191018	-0.106167	1.398637	-0.022705	0.023683
-0.083088	-0.042849	-0.133024	-1.171002	-0.054906	0.037494	0.538445	-0.137464	-0.032512	-0.254417	0.032709	0.036102	3.996873	-0.329578	-0.536560	-11.456463	-0.166215	0.097363	-0.895384	-0.435243	-0.311812	0.058334	0.022506	0.056292
-0.036190	-0.049475	-0.138956	-1.284545	-0.056583	0.038402	0.535690	-0.144354	-0.037066	-0.265440	0.033310	0.036956	4.689789	-0.662656	-0.593188	-11.354285	-0.167698	0.090874	-0.275445	-0.688915	-0.455358	-1.102290	0.060099	0.085417
0.017918	-0.059054	-0.144899	-1.395334	-0.058263	0.039230	0.538102	-0.153632	-0.042207	-0.285830	0.034195	0.038040	5.410819	-0.957896	-0.594244	-11.078853	-0.168059	0.082745	0.241145	-0.927848	-0.514085	-2.038973	0.088510	0.108352
0.079319	-0.070886	-0.150109	-1.501640	-0.059926	0.039955	0.544184	-0.164857	-0.047090	-0.312964	0.035264	0.039270	6.140066	-1.183195	-0.520980	-10.630661	-0.166297	0.072511	0.608243	-1.122480	-0.488373	-2.713427	0.106963	0.123001
0.147781	-0.084033	-0.153731	-1.601735	-0.061541	0.040553	0.551973	-0.177275	-0.051092	-0.343905	0.036423	0.040558	6.846183	-1.314703	-0.362216	-10.009515	-0.161500	0.059801	0.778896	-1.241853	-0.400114	-3.094133	0.115839	0.128844
0.222652	-0.097420	-0.154891	-1.693893	-0.063070	0.040996	0.559105	-0.189908	-0.053846	-0.375530	0.037591	0.041830	7.487128	-1.338672	-0.116066	-9.215796	-0.152888	0.044322	0.713123	-1.263296	-0.275495	-3.162487	0.116835	0.127147
0.302781	-0.109940	-0.152802	-1.776418	-0.064469	0.041254	0.562987	-0.201701	-0.055167	-0.404748	0.038718	0.043032	8.012956	-1.252025	0.208912	-8.252471	-0.139842	0.025813	0.388229	-1.179274	-0.132086	-2.921825	0.112699	0.120254
0.386504	-0.120561	-0.146867	-1.847693	-0.065688	0.041294	0.561072	-0.211654	-0.055004	-0.428790	0.039784	0.044137	8.372305	-1.062045	0.593550	-7.127556	-0.121896	0.003954	-0.191495	-0.995333	0.016285	-2.404180	0.106557	0.110437
0.471743	-0.128401	-0.136764	-1.906252	-0.066675	0.041078	0.551187	-0.218889	-0.053509	-0.445489	0.040795	0.045128	8.523849	-0.784069	1.010243	-5.855833	-0.098778	-0.021586	-0.988513	-0.723431	0.149519	-1.669887	0.101169	0.099092
0.556233	-0.132779	-0.122484	-1.950841	-0.067380	0.040570	0.531857	-0.222676	-0.051080	-0.453476	0.041781	0.045995	8.449035	-0.437768	1.428068	-4.458931	-0.070501	-0.050834	-1.932928	-0.378719	0.242914	-0.798717	0.098551	0.086691
0.637812	-0.133236	-0.104298	-1.980481	-0.067755	0.039738	0.502531	-0.222494	-0.048300	-0.452240	0.042781	0.046729	8.157841	-0.045711	1.818609	-2.963994	-0.037460	-0.083174	-2.932691	0.018189	0.278021	0.123635	0.100057	0.073412
0.714641	-0.129583	-0.082713	-1.994496	-0.067760	0.038565	0.463623	-0.218108	-0.045803	-0.442064	0.043847	0.047328	7.682931	0.365291	2.158419	-1.401531	-0.000478	-0.117238	-3.890725	0.438649	0.249656	1.017549	0.106534	0.059897
0.785303	-0.121938	-0.058439	-1.992525	-0.067368	0.037055	0.416401	-0.209629	-0.044145	-0.423908	0.045030	0.047802	7.066207	0.764530	2.427468	0.197095	0.039171	-0.151068	-4.722218	0.847821	0.165838	1.815614	0.118297	0.047421
0.848765	-0.110723	-0.032359	-1.974508	-0.066570	0.035230	0.362745	-0.197530	-0.043684	-0.399277	0.046381	0.048176	6.346186	1.121496	2.607971	1.801719	0.079841	-0.182433	-5.365598	1.209929	0.046127	2.463161	0.135109	0.037391
0.904280	-0.096613	-0.005497	-1.940666	-0.065372	0.033138	0.304887	-0.182588	-0.044493	-0.370105	0.047944	0.048485	5.551546	1.410983	2.686159	3.384191	0.119726	-0.209210	-5.785766	1.494167	-0.080937	2.917200	0.156302	0.030889
0.951286	-0.080448	0.021047	-1.891484	-0.063801	0.030841	0.245161	-0.165794	-0.046330	-0.338637	0.049752	0.048771	4.700508	1.616520	2.654418	4.918237	0.157101	-0.229697	-5.972610	1.679455	-0.183664	3.146793	0.180859	0.028591
0.989317	-0.063131	0.046162	-1.827695	-0.061896	0.028413	0.185785	-0.148226	-0.048680	-0.307291	0.051827	0.049080	3.803197	1.731631	2.511510	6.378930	0.190499	-0.242786	-5.937653	1.756776	-0.235062	3.134525	0.207448	0.030916
1.017970	-0.045538	0.068782	-1.750276	-0.059708	0.025933	0.128692	-0.130938	-0.050879	-0.278522	0.054172	0.049461	2.865272	1.759370	2.262008	7.741884	0.218796	-0.248015	-5.709254	1.728829	-0.219882	2.876973	0.234483	0.038117
1.036894	-0.028429	0.087946	-1.660454	-0.057296	0.023478	0.075437	-0.114857	-0.052260	-0.254698	0.056774	0.049962	1.892347	1.710919	1.916416	8.982160	0.241279	-0.245526	-5.325529	1.608123	-0.138079	2.382348	0.260252	0.050150
1.045838	-0.012391	0.102859	-1.559721	-0.054719	0.021118	0.027178	-0.100708	-0.052283	-0.238035	0.059605	0.050626	0.894422	1.603725	1.491247	10.073289	0.257669	-0.235976	-4.825888	1.414825	-0.002339	1.666329	0.283041	0.066403
1.044727	0.002196	0.112941	-1.449853	-0.052038	0.018914	-0.015269	-0.088964	-0.050598	-0.230540	0.062617	0.051482	-0.111071	1.458754	1.008220	10.986827	0.268074	-0.220411	-4.244695	1.174401	0.168488	0.749461	0.301275	0.085583
1.033742	0.015163	0.117873	-1.332926	-0.049310	0.016913	-0.051370	-0.079820	-0.047061	-0.233960	0.065754	0.052541	-1.098507	1.296699	0.493206	11.692726	0.272855	-0.200099	-3.610100	0.914423	0.353726	-0.341973	0.313695	0.105909
1.013390	0.026506	0.117627	-1.211321	-0.046585	0.015150	-0.080838	-0.073213	-0.041750	-0.249692	0.068951	0.053797	-2.035222	1.134287	-0.024593	12.160467	0.272480	-0.176328	-2.946812	0.660751	0.531148	-1.573234	0.319615	0.125513
0.984557	0.036328	0.112487	-1.087714	-0.043911	0.013647	-0.103617	-0.068868	-0.034953	-0.278693	0.072143	0.055226	-2.883264	0.982159	-0.514010	12.360728	0.267422	-0.150276	-2.277890	0.434431	0.679680	-2.900020	0.319273	0.142942
0.948546	0.044775	0.103045	-0.965037	-0.041330	0.012417	-0.119842	-0.066365	-0.027081	-0.321401	0.075283	0.056801	-3.601176	0.844708	-0.944210	12.267652	0.258074	-0.123009	-1.622530	0.250289	0.787186	-4.270816	0.314002	0.157489
0.907079	0.051990	0.090172	-0.846416	-0.038883	0.011462	-0.129760	-0.065194	-0.018523	-0.377714	0.078343	0.058493	-4.146604	0.721515	-1.287228	11.862180	0.244718	-0.095530	-0.991811	0.117147	0.855817	-5.631351	0.305971	0.169213
0.862269	0.058094	0.074967	-0.735048	-0.036607	0.010773	-0.133619	-0.064799	-0.009528	-0.447007	0.081319	0.060281	-4.481001	0.610460	-1.520544	11.136725	0.227556	-0.068862	-0.385864	0.039438	0.899516	-6.929240	0.297615	0.178790
0.816502	0.063217	0.058663	-0.634042	-0.034539	0.010332	-0.131560	-0.064600	-0.000160	-0.528187	0.084229	0.062154	-4.576717	0.512236	-1.630381	10.100578	0.206828	-0.044103	0.205844	0.019908	0.936729	-8.117987	0.291017	0.187264
0.772254	0.067554	0.042510	-0.546198	-0.032709	0.010108	-0.123550	-0.063983	0.009671	-0.619784	0.087104	0.064111	-4.424796	0.433719	-1.615300	8.784490	0.183016	-0.022452	0.801062	0.061722	0.983133	-9.159717	0.287453	0.195698
0.731853	0.071422	0.027629	-0.473771	-0.031138	0.010058	-0.109356	-0.062307	0.020136	-0.720046	0.089976	0.066158	-4.040133	0.386816	-1.488090	7.242652	0.157047	-0.004993	1.419372	0.167574	1.046542	-10.026246	0.287168	0.204728
0.697240	0.075244	0.014892	-0.418261	-0.029834	0.010136	-0.088587	-0.058953	0.031383	-0.827034	0.092869	0.068300	-3.461304	0.382180	-1.273684	5.550994	0.130388	0.007831	2.076955	0.335465	1.124685	-10.698742	0.289329	0.214172
0.669789	0.079461	0.004860	-0.380248	-0.028785	0.010303	-0.060756	-0.053413	0.043443	-0.938696	0.095790	0.070529	-2.745085	0.421681	-1.003240	3.801277	0.104906	0.016662	2.783020	0.553960	1.205960	-11.166236	0.292154	0.222934
0.650209	0.084416	-0.002232	-0.359338	-0.027960	0.010532	-0.025378	-0.045410	0.056170	-1.052928	0.098723	0.072822	-1.958022	0.495539	-0.709255	2.091029	0.082534	0.022968	3.537852	0.800351	1.272732	-11.423223	0.293277	0.229348
0.638526	0.090277	-0.006485	-0.354218	-0.027311	0.010813	0.017943	-0.034977	0.069230	-1.167602	0.101626	0.075140	-1.168276	0.586112	-0.425225	0.511972	0.064872	0.028053	4.332057	1.043227	1.305983	-11.467353	0.290284	0.231729
0.634113	0.097009	-0.008326	-0.362794	-0.026783	0.011135	0.069409	-0.022494	0.082125	-1.280584	0.104438	0.077427	-0.441282	0.673211	-0.184132	-0.857602	0.052863	0.032226	5.146658	1.248306	1.289485	-11.298221	0.281155	0.228738
0.635707	0.104367	-0.008431	-0.382331	-0.026316	0.011484	0.128943	-0.008646	0.094245	-1.389756	0.107082	0.079622	0.159387	0.735750	-0.010524	-1.953624	0.046658	0.034886	5.953350	1.384801	1.212060	-10.917239	0.264437	0.219463
0.641411	0.111892	-0.007576	-0.409578	-0.025859	0.011837	0.196090	0.005657	0.104924	-1.493037	0.109475	0.081655	0.570392	0.752498	0.085537	-2.724722	0.045651	0.035323	6.714764	1.430350	1.067902	-10.328056	0.239266	0.203349
0.648740	0.118958	-0.006531	-0.440926	-0.025374	0.012173	0.269948	0.019400	0.113488	-1.588410	0.111528	0.083457	0.732843	0.706613	0.104450	-3.134782	0.048575	0.033610	7.385729	1.374288	0.856320	-9.537309	0.205339	0.180161
0.654771	0.124868	-0.006020	-0.472629	-0.024838	0.012483	0.349111	0.031593	0.119310	-1.673967	0.113157	0.084957	0.603152	0.590947	0.051184	-3.170317	0.053600	0.031023	7.916288	1.219262	0.582223	-8.555746	0.162901	0.150012
0.656431	0.128957	-0.006651	-0.501115	-0.024252	0.012778	0.431683	0.041398	0.121879	-1.747963	0.114284	0.086091	0.166009	0.408951	-0.063113	-2.848633	0.058567	0.029428	8.257263	0.980564	0.256913	-7.399584	0.112711	0.113387
0.650875	0.130670	-0.008819	-0.523326	-0.023637	0.013077	0.515385	0.048223	0.120854	-1.808878	0.114843	0.086802	-0.555643	0.171247	-0.216795	-2.221117	0.061458	0.029894	8.370176	0.682504	-0.102539	-6.091509	0.055942	0.071108
0.635884	0.129583	-0.012609	-0.536993	-0.023029	0.013396	0.597780	0.051750	0.116093	-1.855484	0.114784	0.087045	-1.499035	-0.108662	-0.378986	-1.366620	0.060817	0.031894	8.239539	0.352648	-0.476022	-4.660558	-0.005992	0.024279
0.610161	0.125424	-0.017786	-0.540757	-0.022471	0.013736	0.676566	0.051921	0.107656	-1.886889	0.114068	0.086787	-2.572344	-0.415939	-0.517756	-0.376438	0.055796	0.034004	7.878588	0.017084	-0.843686	-3.140505	-0.071554	-0.025765
0.573415	0.118095	-0.023892	-0.534149	-0.022012	0.014088	0.749791	0.048909	0.095777	-1.902557	0.112678	0.086013	-3.674615	-0.732817	-0.610599	0.660773	0.045887	0.035279	7.322465	-0.301180	-1.187899	-1.566833	-0.139039	-0.077425
0.526268	0.107718	-0.030402	-0.517479	-0.021705	0.014448	0.815934	0.043084	0.080839	-1.902291	0.110614	0.084725	-4.714717	-1.037689	-0.650970	1.667058	0.030736	0.035947	6.614317	-0.582434	-1.493833	0.026647	-0.206370	-0.128726
0.470055	0.094638	-0.036883	-0.491719	-0.021604	0.014819	0.873877	0.034966	0.063342	-1.886192	0.107904	0.082952	-5.621233	-1.308003	-0.648091	2.575919	0.010134	0.037071	5.794270	-0.811837	-1.749700	1.609891	-0.271010	-0.177337
0.406621	0.079384	-0.043105	-0.458420	-0.021763	0.015217	0.922828	0.025145	0.043876	-1.854623	0.104602	0.080744	-6.343375	-1.525484	-0.622263	3.329952	-0.015893	0.039808	4.895133	-0.982156	-1.946567	3.156879	-0.330186	-0.220820
0.338132	0.062589	-0.049094	-0.419618	-0.022233	0.015666	0.962252	0.014198	0.023101	-1.808174	0.100789	0.078174	-6.848950	-1.679430	-0.598839	3.880218	-0.047046	0.044941	3.942431	-1.094609	-2.077546	4.644902	-0.381321	-0.257000
0.266887	0.044927	-0.055096	-0.377720	-0.023060	0.016196	0.991809	0.002640	0.001730	-1.747638	0.096564	0.075331	-7.124477	-1.766214	-0.600229	4.189768	-0.082705	0.052963	2.955684	-1.155869	-2.137059	6.053591	-0.422454	-0.284318
0.195127	0.027061	-0.061457	-0.335337	-0.024278	0.016840	1.011312	-0.009095	-0.019477	-1.674001	0.092040	0.072310	-7.176007	-1.786640	-0.636121	4.238340	-0.121811	0.064413	1.950295	-1.173435	-2.120772	7.363717	-0.452420	-0.302081
0.124871	0.009629	-0.068433	-0.295109	-0.025906	0.017639	1.020715	-0.020621	-0.039742	-1.588443	0.087332	0.069205	-7.025646	-1.743185	-0.697567	4.022741	-0.162748	0.079864	0.940308	-1.152652	-2.026461	8.555832	-0.470800	-0.310523
0.057837	-0.006753	-0.076022	-0.259586	-0.027939	0.018633	1.020130	-0.031582	-0.058298	-1.492350	0.082554	0.066098	-6.703338	-1.638166	-0.758953	3.552333	-0.203353	0.099478	-0.058496	-1.096089	-1.855609	9.609301	-0.477830	-0.310673
-0.004547	-0.021487	-0.083891	-0.231145	-0.030351	0.019860	1.009868	-0.041626	-0.074446	-1.387328	0.077810	0.063057	-6.238476	-1.473451	-0.786870	2.844108	-0.241123	0.122624	-1.026216	-1.004430	-1.614764	10.502148	-0.474325	-0.304085
-0.061103	-0.034005	-0.091413	-0.211940	-0.033086	0.021338	0.990488	-0.050409	-0.087603	-1.275213	0.073195	0.060132	-5.655600	-1.251780	-0.752233	1.920465	-0.273495	0.147804	-1.937986	-0.878230	-1.315783	11.211549	-0.461538	-0.292494
-0.110858	-0.043794	-0.097814	-0.203845	-0.036066	0.023065	0.962838	-0.057606	-0.097354	-1.158067	0.068786	0.057357	-4.975437	-0.978885	-0.640047	0.809537	-0.298056	0.172728	-2.764999	-0.719774	-0.975071	11.714563	-0.440942	-0.277486
-0.153049	-0.050444	-0.102352	-0.208377	-0.039194	0.025011	0.928067	-0.062950	-0.103479	-1.038178	0.064645	0.054754	-4.219168	-0.664985	-0.453831	-0.453172	-0.312820	0.194624	-3.477127	-0.534327	-0.612455	11.988961	-0.414042	-0.260322
-0.187172	-0.053694	-0.104499	-0.226609	-0.042361	0.027120	0.887604	-0.066257	-0.105979	-0.918031	0.060823	0.052335	-3.412229	-0.325029	-0.214720	-1.823270	-0.316718	0.210887	-4.046333	-0.330711	-0.249991	12.014615	-0.382261	-0.241919
-0.213019	-0.053475	-0.104057	-0.259088	-0.045462	0.029318	0.843106	-0.067471	-0.105085	-0.800272	0.057353	0.050106	-2.584724	0.021898	0.044260	-3.247885	-0.310061	0.219839	-4.449758	-0.121400	0.089353	11.775954	-0.346916	-0.222860
-0.230693	-0.049943	-0.101199	-0.305784	-0.048409	0.031530	0.796388	-0.066690	-0.101254	-0.687618	0.054262	0.048073	-1.767411	0.353182	0.285755	-4.669591	-0.294640	0.221194	-4.671809	0.078060	0.383116	11.265421	-0.309196	-0.203327
-0.240542	-0.043513	-0.096457	-0.366117	-0.051142	0.033690	0.749333	-0.064187	-0.095146	-0.582746	0.051560	0.046242	-0.984846	0.643024	0.474179	-6.033334	-0.273346	0.215974	-4.705488	0.250356	0.610825	10.487184	-0.270162	-0.183060
-0.243040	-0.034877	-0.090651	-0.439049	-0.053636	0.035750	0.703799	-0.060405	-0.087587	-0.488148	0.049252	0.044628	-0.249797	0.863568	0.580645	-7.293168	-0.249429	0.205954	-4.553385	0.378118	0.755872	9.459752	-0.230748	-0.161465
-0.238661	-0.024996	-0.084776	-0.523205	-0.055894	0.037679	0.661519	-0.055949	-0.079504	-0.405986	0.047335	0.043248	0.437810	0.988181	0.587472	-8.415577	-0.225746	0.192940	-4.228017	0.445617	0.808266	8.216241	-0.191773	-0.137952
-0.227783	-0.015029	-0.079867	-0.616995	-0.057936	0.039461	0.624008	-0.051540	-0.071833	-0.337963	0.045795	0.042125	1.087797	0.996639	0.490904	-9.378999	-0.204262	0.178248	-3.751093	0.440936	0.767093	6.802274	-0.153994	-0.112310
-0.210631	-0.006226	-0.076857	-0.718708	-0.059795	0.041087	0.592489	-0.047948	-0.065430	-0.285233	0.044613	0.041277	1.715236	0.880294	0.300996	-10.171329	-0.185898	0.162533	-3.151929	0.359200	0.640354	5.272987	-0.118197	-0.084844
-0.187265	0.000226	-0.076465	-0.826579	-0.061502	0.042546	0.567835	-0.045894	-0.061001	-0.248332	0.043760	0.040715	2.336619	0.645241	0.039264	-10.787079	-0.170669	0.145906	-2.465413	0.205365	0.442875	3.690090	-0.085236	-0.056163
-0.157593	0.003352	-0.079114	-0.938828	-0.063082	0.043827	0.550540	-0.045957	-0.059041	-0.227149	0.043201	0.040445	2.967162	0.312616	-0.264920	-11.224938	-0.157970	0.128161	-1.729457	-0.006320	0.195970	2.118303	-0.055967	-0.026962
-0.121405	0.002514	-0.084897	-1.053687	-0.064550	0.044917	0.540717	-0.048520	-0.059745	-0.220942	0.042889	0.040464	3.618808	-0.083863	-0.578281	-11.485855	-0.146870	0.108975	-0.982346	-0.256242	-0.070390	0.620746	-0.031188	0.001894
-0.078422	-0.002508	-0.093564	-1.169402	-0.065914	0.045798	0.538101	-0.053754	-0.062917	-0.228395	0.042772	0.040755	4.298332	-0.502162	-0.866739	-11.571497	-0.136312	0.088070	-0.261622	-0.523466	-0.317199	-0.745328	-0.011673	0.029087
-0.028370	-0.011477	-0.104539	-1.284232	-0.067166	0.046451	0.542043	-0.061627	-0.067938	-0.247698	0.042790	0.041283	5.005151	-0.896943	-1.097495	-11.483024	-0.125260	0.065344	0.394274	-0.787227	-0.502048	-1.930255	0.001805	0.052730
0.028920	-0.023729	-0.116954	-1.396436	-0.068294	0.046860	0.551467	-0.071881	-0.073854	-0.276602	0.042877	0.041989	5.729067	-1.225122	-1.241542	-11.220442	-0.112805	0.040903	0.942387	-1.025450	-0.591646	-2.890427	0.008635	0.070668
0.093408	-0.038244	-0.129722	-1.504263	-0.069277	0.047011	0.564796	-0.084006	-0.079612	-0.312461	0.042964	0.042801	6.448776	-1.451596	-1.276792	-10.782660	-0.098235	0.015017	1.332859	-1.212460	-0.575794	-3.585930	0.008705	0.081151
0.164728	-0.053785	-0.141628	-1.605945	-0.070088	0.046891	0.579920	-0.097223	-0.084302	-0.352283	0.042991	0.043636	7.131999	-1.554044	-1.190598	-10.168249	-0.081112	-0.011933	1.512402	-1.321699	-0.468936	-3.982204	0.002740	0.083552
0.242101	-0.069039	-0.151445	-1.699715	-0.070701	0.046496	0.594278	-0.110568	-0.087263	-0.392866	0.042916	0.044424	7.737294	-1.525415	-0.981679	-9.376977	-0.061333	-0.039500	1.435782	-1.334483	-0.296134	-4.058290	-0.007498	0.078759
0.324273	-0.082769	-0.158064	-1.783835	-0.071091	0.045823	0.605088	-0.123025	-0.088086	-0.431046	0.042723	0.045113	8.217225	-1.372985	-0.661841	-8.411944	-0.039043	-0.067302	1.081038	-1.245717	-0.082311	-3.817963	-0.019327	0.068916
0.409516	-0.093914	-0.160623	-1.856652	-0.071236	0.044872	0.609692	-0.133637	-0.086640	-0.464007	0.042426	0.045678	8.524253	-1.114521	-0.255961	-7.281770	-0.014445	-0.095168	0.460362	-1.061191	0.144638	-3.296157	-0.029711	0.056504
0.495726	-0.101654	-0.158605	-1.916673	-0.071113	0.043641	0.605904	-0.141564	-0.083134	-0.489561	0.042066	0.046112	8.620992	-0.774026	0.201814	-6.002046	0.012291	-0.123101	-0.378732	-0.792699	0.350567	-2.555319	-0.036001	0.043362
0.580640	-0.105447	-0.151853	-1.962628	-0.070703	0.042130	0.592291	-0.146140	-0.078101	-0.506293	0.041702	0.046416	8.491434	-0.379244	0.675151	-4.595496	0.040956	-0.151066	-1.361366	-0.457615	0.503278	-1.673279	-0.036322	0.030405
0.662097	-0.105054	-0.140537	-1.993535	-0.069991	0.040342	0.568306	-0.146949	-0.072264	-0.513589	0.041407	0.046597	8.145715	0.039304	1.131650	-3.090747	0.071214	-0.178778	-2.398439	-0.080913	0.583747	-0.729604	-0.029513	0.018096
0.738247	-0.100557	-0.125094	-2.008734	-0.068966	0.038286	0.534296	-0.143892	-0.066378	-0.511552	0.041257	0.046667	7.615018	0.449672	1.544283	-1.519871	0.102512	-0.205600	-3.400984	0.305698	0.588547	0.203722	-0.015038	0.007038
0.807649	-0.092347	-0.106192	-2.007887	-0.067626	0.035981	0.491372	-0.137215	-0.061116	-0.500895	0.041327	0.046649	6.940133	0.821051	1.890171	0.084653	0.133981	-0.230535	-4.292432	0.667724	0.526172	1.065742	0.007043	-0.001840
0.869247	-0.081076	-0.084684	-1.990964	-0.065982	0.033458	0.441207	-0.127488	-0.056975	-0.482835	0.041689	0.046573	6.159865	1.127098	2.150855	1.692332	0.164432	-0.252312	-5.016461	0.972693	0.414140	1.805930	0.036155	-0.007549
0.922287	-0.067581	-0.061544	-1.958208	-0.064057	0.030762	0.385807	-0.115536	-0.054211	-0.459006	0.042401	0.046479	5.304004	1.349479	2.314036	3.275569	0.192518	-0.269600	-5.540096	1.195139	0.276411	2.382942	0.071255	-0.009402
0.966208	-0.052780	-0.037801	-1.910115	-0.061887	0.027949	0.327274	-0.102334	-0.052821	-0.431355	0.043510	0.046408	4.392038	1.480101	2.374294	4.809334	0.216977	-0.281269	-5.853291	1.320224	0.138995	2.765064	0.110838	-0.007158
1.000562	-0.037576	-0.014478	-1.847412	-0.059519	0.025083	0.267610	-0.088893	-0.052580	-0.402034	0.045040	0.046399	3.435434	1.520406	2.332241	6.270320	0.236815	-0.286556	-5.966385	1.344120	0.024143	2.932163	0.153016	-0.000842
1.024976	-0.022791	0.007457	-1.771052	-0.057005	0.022232	0.208557	-0.076175	-0.053125	-0.373267	0.046997	0.046494	2.441406	1.478449	2.193545	7.635969	0.251367	-0.285127	-5.905231	1.271808	-0.054569	2.876700	0.195680	0.009533
1.039151	-0.009130	0.027145	-1.682218	-0.054402	0.019462	0.151525	-0.065029	-0.054055	-0.347252	0.049363	0.046734	1.417530	1.366074	1.968811	8.883437	0.260308	-0.277044	-5.703257	1.114560	-0.093001	2.601496	0.236641	0.023991
1.042913	0.002847	0.043884	-1.582331	-0.051766	0.016835	0.097602	-0.056140	-0.054986	-0.326102	0.052100	0.047157	0.376144	1.197771	1.673812	9.988693	0.263656	-0.262672	-5.392299	0.888964	-0.093027	2.114995	0.273717	0.042242
1.036281	0.012755	0.057174	-1.473070	-0.049149	0.014409	0.047639	-0.049966	-0.055567	-0.311824	0.055148	0.047790	-0.663154	0.990810	1.329026	10.926078	0.261693	-0.242570	-4.996333	0.617406	-0.058112	1.427784	0.304806	0.063340
1.019547	0.020403	0.066756	-1.356386	-0.046600	0.012235	0.002330	-0.046687	-0.055473	-0.306291	0.058429	0.048647	-1.673475	0.764763	0.958187	11.668404	0.254849	-0.217401	-4.530873	0.327878	0.009367	0.553283	0.328078	0.085705
0.993323	0.025794	0.072618	-1.234510	-0.044164	0.010356	-0.037739	-0.046175	-0.054394	-0.311175	0.061853	0.049722	-2.622326	0.539143	0.586241	12.187639	0.243656	-0.187940	-4.006890	0.051154	0.107922	-0.488422	0.342338	0.107469
0.958586	0.029094	0.074992	-1.109947	-0.041876	0.008805	-0.072092	-0.048020	-0.052051	-0.327845	0.065327	0.050992	-3.473711	0.329997	0.237387	12.456269	0.228731	-0.155100	-3.435306	-0.184467	0.234266	-1.666954	0.347449	0.126975
0.916687	0.030570	0.074330	-0.985455	-0.039769	0.007605	-0.100378	-0.051604	-0.048247	-0.357252	0.068773	0.052424	-4.189913	0.147584	-0.066168	12.449250	0.210736	-0.119956	-2.828606	-0.358427	0.380456	-2.940702	0.344595	0.143280
0.869354	0.030538	0.071275	-0.863989	-0.037866	0.006768	-0.122365	-0.056206	-0.042895	-0.399846	0.072134	0.053988	-4.733338	-0.003239	-0.305500	12.146551	0.190321	-0.083748	-2.198709	-0.460208	0.535205	-4.259412	0.336134	0.156386
0.818660	0.029336	0.066602	-0.748622	-0.036185	0.006289	-0.137894	-0.061081	-0.035997	-0.455540	0.075385	0.055659	-5.069323	-0.120138	-0.467369	11.536650	0.168094	-0.047846	-1.552865	-0.487486	0.689721	-5.569436	0.325049	0.167094
0.766952	0.027340	0.061136	-0.642410	-0.034738	0.006152	-0.146803	-0.065499	-0.027585	-0.523735	0.078527	0.057425	-5.170890	-0.199619	-0.546602	10.621291	0.144678	-0.013692	-0.890872	-0.441815	0.841225	-6.819488	0.314213	0.176609
0.716695	0.024995	0.055671	-0.548201	-0.033530	0.006325	-0.148862	-0.068747	-0.017685	-0.603385	0.081584	0.059286	-5.025696	-0.234567	-0.546424	9.420828	0.120788	0.017306	-0.205920	-0.324756	0.990020	-7.964966	0.305721	0.186095
0.670270	0.022845	0.050903	-0.468423	-0.032557	0.006765	-0.143746	-0.070117	-0.006343	-0.693088	0.084589	0.061248	-4.642495	-0.214999	-0.476796	7.977824	0.097284	0.043994	0.511614	-0.137002	1.134171	-8.970292	0.300473	0.196212
0.629742	0.021520	0.047381	-0.404861	-0.031806	0.007423	-0.131045	-0.068933	0.006321	-0.791185	0.087570	0.063316	-4.052723	-0.132490	-0.352226	6.356243	0.075126	0.065771	1.270034	0.118350	1.266453	-9.809671	0.298063	0.206739
0.596684	0.021659	0.045483	-0.358501	-0.031254	0.008251	-0.110310	-0.064630	0.020066	-0.895847	0.090539	0.065481	-3.305884	0.013979	-0.189811	4.635990	0.055247	0.082795	2.073574	0.430320	1.374504	-10.466262	0.296935	0.216487
0.572064	0.023803	0.045402	-0.329452	-0.030869	0.009210	-0.081101	-0.056866	0.034502	-1.005144	0.093487	0.067717	-2.461917	0.214332	-0.008138	2.904874	0.038421	0.095889	2.920901	0.776456	1.443554	-10.929714	0.294803	0.223619
0.556218	0.028285	0.047123	-0.316949	-0.030617	0.010270	-0.043061	-0.045628	0.049103	-1.117075	0.096379	0.069979	-1.584631	0.448235	0.172110	1.250349	0.025228	0.106023	3.803948	1.123736	1.460122	-11.193061	0.289203	0.226224
0.548834	0.035180	0.050399	-0.319419	-0.030457	0.011407	0.004006	-0.031292	0.063250	-1.229580	0.099159	0.072207	-0.738393	0.689520	0.327635	-0.247008	0.016031	0.113661	4.706664	1.433608	1.414650	-11.250508	0.277965	0.222798
0.548956	0.044284	0.054763	-0.334586	-0.030347	0.012591	0.060048	-0.014603	0.076272	-1.340549	0.101753	0.074331	0.012144	0.910358	0.436363	-1.516790	0.010935	0.118445	5.604206	1.668884	1.302195	-11.096878	0.259458	0.212433
0.554973	0.055116	0.059609	-0.359581	-0.030250	0.013786	0.124681	0.003395	0.087489	-1.447834	0.104080	0.076279	0.601776	1.083244	0.484635	-2.499490	0.009771	0.119523	6.463314	1.799887	1.121775	-10.728468	0.232716	0.194788
0.564652	0.066948	0.064307	-0.391062	-0.030129	0.014950	0.197122	0.021480	0.096242	-1.549278	0.106055	0.077980	0.967898	1.183214	0.469767	-3.148077	0.012089	0.116384	7.244130	1.808458	0.875310	-10.144486	0.197509	0.170022
0.575242	0.078869	0.068258	-0.425394	-0.029958	0.016047	0.276153	0.038376	0.101913	-1.642764	0.107599	0.079367	1.059015	1.192032	0.395162	-3.433221	0.017080	0.109630	7.903090	1.689611	0.567059	-9.348570	0.154316	0.138763
0.583702	0.089888	0.070921	-0.458906	-0.029723	0.017057	0.360113	0.052888	0.103957	-1.726268	0.108640	0.080387	0.845905	1.101923	0.266290	-3.351156	0.023477	0.101039	8.396041	1.451180	0.204345	-8.350415	0.104187	0.102012
0.587008	0.099051	0.071853	-0.488207	-0.029426	0.017983	0.446933	0.064008	0.101947	-1.797941	0.109126	0.080997	0.330628	0.916263	0.093197	-2.930086	0.029705	0.092623	8.681955	1.112025	-0.200940	-7.167312	0.048516	0.060952
0.582513	0.105523	0.070792	-0.510510	-0.029083	0.018837	0.534232	0.070998	0.095630	-1.856191	0.109014	0.081164	-0.449507	0.647228	-0.106134	-2.230303	0.034284	0.085406	8.729900	0.698953	-0.631703	-5.824933	-0.011176	0.016746
0.568273	0.108644	0.067715	-0.523865	-0.028722	0.019628	0.619528	0.073424	0.084965	-1.899757	0.108280	0.080869	-1.423999	0.312126	-0.307668	-1.335474	0.036165	0.079028	8.529595	0.242593	-1.066502	-4.356670	-0.073385	-0.029530
0.543288	0.107958	0.062840	-0.527246	-0.028374	0.020353	0.700513	0.071164	0.070154	-1.927769	0.106914	0.080102	-2.498442	-0.068594	-0.487489	-0.338170	0.034739	0.072511	8.098505	-0.225950	-1.481099	-2.801143	-0.136586	-0.076734
0.507579	0.103253	0.056550	-0.520512	-0.028077	0.021006	0.775286	0.064400	0.051647	-1.939751	0.104924	0.078868	-3.570958	-0.470576	-0.629057	0.673394	0.029689	0.065307	7.477265	-0.676430	-1.850662	-1.198179	-0.199048	-0.123374
0.462075	0.094600	0.049263	-0.504287	-0.027868	0.021583	0.842442	0.053596	0.030117	-1.935598	0.102337	0.077193	-4.550378	-0.865261	-0.728679	1.622515	0.020891	0.057677	6.715627	-1.080423	-2.153025	0.415248	-0.258680	-0.167485
0.408394	0.082370	0.041299	-0.479835	-0.027785	0.022086	0.901034	0.039458	0.006397	-1.915526	0.099206	0.075125	-5.368074	-1.222995	-0.796368	2.445205	0.008369	0.050380	5.859214	-1.413796	-2.371995	2.007206	-0.313135	-0.206841
0.348586	0.067189	0.032784	-0.448947	-0.027862	0.022529	0.950466	0.022859	-0.018591	-1.880019	0.095604	0.072731	-5.980783	-1.518115	-0.851478	3.088824	-0.007719	0.044220	4.943226	-1.659897	-2.498855	3.550752	-0.360155	-0.239357
0.284904	0.049862	0.023632	-0.413829	-0.028133	0.022927	0.990387	0.004746	-0.043907	-1.829790	0.091625	0.070097	-6.368237	-1.732709	-0.915291	3.511771	-0.027097	0.039822	3.992068	-1.811267	-2.531530	5.022830	-0.397913	-0.263448
0.219605	0.031287	0.013601	-0.376972	-0.028627	0.023304	1.020605	-0.013942	-0.068635	-1.765759	0.087373	0.067314	-6.529953	-1.857500	-1.003050	3.685716	-0.049367	0.037754	3.021780	-1.868849	-2.472830	6.403120	-0.425179	-0.278233
0.154784	0.012382	0.002423	-0.340988	-0.029366	0.023692	1.041037	-0.032336	-0.091930	-1.689029	0.082960	0.064478	-6.482012	-1.890429	-1.117829	3.598421	-0.073980	0.038784	2.043253	-1.839326	-2.329496	7.672971	-0.441331	-0.283593
0.092264	-0.005960	-0.010064	-0.308456	-0.030368	0.024130	1.051694	-0.049658	-0.113051	-1.600888	0.078496	0.061677	-6.252017	-1.834249	-1.248706	3.253177	-0.100168	0.043839	1.065717	-1.732262	-2.112108	8.814126	-0.446340	-0.280117
0.033547	-0.022907	-0.023800	-0.281815	-0.031637	0.024665	1.052699	-0.065244	-0.131398	-1.502814	0.074089	0.058987	-5.871746	-1.694698	-1.373562	2.664057	-0.126895	0.053487	0.100486	-1.558606	-1.834669	9.807400	-0.440749	-0.268986
-0.020156	-0.037710	-0.038458	-0.263306	-0.033166	0.025340	1.044340	-0.078550	-0.146534	-1.396496	0.069833	0.056470	-5.370324	-1.480338	-1.465799	1.850957	-0.152859	0.067418	-0.835933	-1.330555	-1.513635	10.631848	-0.425605	-0.251759
-0.067871	-0.049749	-0.053488	-0.254924	-0.034931	0.026183	1.027133	-0.089169	-0.158204	-1.283847	0.065810	0.054169	-4.771440	-1.203808	-1.502984	0.838197	-0.176532	0.084326	-1.720682	-1.061884	-1.166956	11.264883	-0.402286	-0.230092
-0.108826	-0.058578	-0.068216	-0.258359	-0.036893	0.027204	1.001874	-0.096849	-0.166339	-1.167014	0.062087	0.052114	-4.095495	-0.882939	-1.472849	-0.343521	-0.196230	0.102107	-2.525953	-0.768033	-0.813554	11.683292	-0.372319	-0.205508
-0.142466	-0.063977	-0.081962	-0.274904	-0.038998	0.028387	0.969651	-0.101506	-0.171069	-1.048365	0.058714	0.050320	-3.363977	-0.539936	-1.374564	-1.654482	-0.210428	0.118276	-3.222259	-0.465691	-0.472961	11.864845	-0.337242	-0.179352
-0.168484	-0.065962	-0.094132	-0.305356	-0.041181	0.029693	0.931832	-0.103225	-0.172712	-0.930462	0.055729	0.048792	-2.601858	-0.198454	-1.216991	-3.045251	-0.218304	0.130656	-3.781916	-0.171851	-0.164287	11.790312	-0.298511	-0.152807
-0.186839	-0.064770	-0.104298	-0.349950	-0.043382	0.031073	0.890019	-0.102250	-0.171759	-0.816002	0.053155	0.047524	-1.835508	0.119200	-1.016633	-4.459371	-0.220150	0.138018	-4.181333	0.097435	0.095213	11.446064	-0.257437	-0.126819
-0.197707	-0.060845	-0.112266	-0.408345	-0.045555	0.032476	0.845995	-0.098970	-0.168848	-0.707727	0.051003	0.046504	-1.086785	0.392491	-0.796750	-5.839518	-0.217264	0.140243	-4.402395	0.327990	0.291130	10.827428	-0.215198	-0.101981
-0.201381	-0.054832	-0.118120	-0.479691	-0.047669	0.033856	0.801651	-0.093896	-0.164720	-0.608304	0.049274	0.045719	-0.367402	0.601308	-0.585468	-7.134588	-0.211422	0.137996	-4.434348	0.507434	0.412838	9.942331	-0.172874	-0.078467
-0.198159	-0.047576	-0.122226	-0.562731	-0.049712	0.035178	0.758885	-0.087653	-0.160167	-0.520164	0.047960	0.045158	0.322246	0.725631	-0.410560	-8.303950	-0.204302	0.132272	-4.276604	0.624271	0.455320	8.814034	-0.131443	-0.056114
-0.188261	-0.040094	-0.125153	-0.655909	-0.051683	0.036419	0.719475	-0.080978	-0.155948	-0.445347	0.047042	0.044812	0.989754	0.748168	-0.292693	-9.317855	-0.197131	0.124059	-3.941014	0.667519	0.421844	7.481675	-0.091781	-0.034635
-0.171800	-0.033499	-0.127558	-0.757468	-0.053589	0.037561	0.684956	-0.074697	-0.152688	-0.385364	0.046495	0.044674	1.646140	0.659456	-0.240490	-10.155913	-0.190565	0.114158	-3.451883	0.628154	0.325983	5.998285	-0.054688	-0.013824
-0.148775	-0.028874	-0.130049	-0.865522	-0.055436	0.038591	0.656516	-0.069671	-0.150785	-0.341090	0.046285	0.044737	2.302458	0.462575	-0.249164	-10.805391	-0.184685	0.103076	-2.843990	0.502522	0.190328	4.427373	-0.020990	0.006377
-0.119098	-0.027127	-0.133078	-0.978119	-0.057227	0.039502	0.634914	-0.066710	-0.150371	-0.312697	0.046369	0.044997	2.967730	0.174697	-0.302842	-11.259679	-0.179084	0.091016	-2.160201	0.296148	0.041382	2.839340	0.008366	0.025906
-0.082624	-0.028875	-0.136872	-1.093285	-0.058957	0.040281	0.620424	-0.066461	-0.151322	-0.299624	0.046692	0.045442	3.647403	-0.174879	-0.379447	-11.516559	-0.173064	0.077940	-1.449059	0.024846	-0.095130	1.307296	0.032315	0.044510
-0.039202	-0.034362	-0.141430	-1.209048	-0.060616	0.040918	0.612807	-0.069343	-0.153276	-0.300607	0.047190	0.046057	4.342139	-0.548704	-0.455776	-11.576341	-0.165871	0.063713	-0.761621	-0.288150	-0.195304	-0.098342	0.049837	0.061506
0.011268	-0.043422	-0.146539	-1.323453	-0.062185	0.041400	0.611326	-0.075500	-0.155664	-0.313756	0.047792	0.046813	5.047069	-0.905999	-0.510891	-11.440460	-0.156856	0.048207	-0.148139	-0.615681	-0.238846	-1.314806	0.060203	0.075632
0.068779	-0.055501	-0.151815	-1.434562	-0.063640	0.041713	0.614761	-0.084767	-0.157833	-0.336647	0.048425	0.047666	5.751081	-1.207829	-0.527651	-11.110941	-0.145516	0.031294	0.343542	-0.926776	-0.216902	-2.289115	0.063258	0.085309
0.133136	-0.069719	-0.156743	-1.540466	-0.064955	0.041841	0.621442	-0.096629	-0.159225	-0.366428	0.049022	0.048560	6.435718	-1.421793	-0.492721	-10.590405	-0.131484	0.012816	0.668083	-1.186186	-0.139208	-2.978113	0.059700	0.089373
0.203880	-0.084974	-0.160705	-1.639290	-0.066100	0.041768	0.629288	-0.110229	-0.159509	-0.399931	0.049534	0.049438	7.074347	-1.525558	-0.396247	-9.882403	-0.114537	-0.007361	0.784569	-1.360002	-0.028395	-3.350331	0.051202	0.087828
0.280205	-0.100063	-0.163036	-1.729214	-0.067046	0.041475	0.635919	-0.124481	-0.158571	-0.433852	0.049936	0.050259	7.632557	-1.508852	-0.233111	-8.992425	-0.094602	-0.029266	0.663075	-1.425199	0.093758	-3.392099	0.040250	0.082049
0.360909	-0.113797	-0.163091	-1.808511	-0.067763	0.040947	0.638863	-0.138222	-0.156457	-0.465005	0.050234	0.051001	8.070380	-1.373440	-0.005435	-7.929652	-0.071711	-0.052839	0.294399	-1.374119	0.211422	-3.115271	0.029715	0.074213
0.444384	-0.125113	-0.160329	-1.875597	-0.068223	0.040167	0.635833	-0.150344	-0.153364	-0.490609	0.050457	0.051664	8.347517	-1.131621	0.276128	-6.708590	-0.045950	-0.077969	-0.302957	-1.212195	0.309361	-2.560370	0.022317	0.066329
0.528703	-0.133157	-0.154394	-1.929092	-0.068398	0.039123	0.624996	-0.159889	-0.149667	-0.508519	0.050659	0.052260	8.431864	-0.804355	0.593551	-5.349538	-0.017502	-0.104384	-1.083681	-0.954507	0.369637	-1.791020	0.020185	0.059550
0.611781	-0.137347	-0.145148	-1.967871	-0.068265	0.037809	0.605161	-0.166131	-0.145900	-0.517343	0.050906	0.052802	8.307805	-0.419007	0.924576	-3.877871	0.013285	-0.131445	-1.983564	-0.624159	0.376718	-0.882444	0.024698	0.054223
0.691576	-0.137412	-0.132680	-1.991100	-0.067806	0.036228	0.575864	-0.168641	-0.142643	-0.516451	0.051271	0.053306	7.979469	-0.006506	1.246801	-2.322893	0.045853	-0.158074	-2.929666	-0.250976	0.325679	0.089234	0.036585	0.050445
0.766251	-0.133395	-0.117276	-1.998264	-0.067012	0.034399	0.537366	-0.167327	-0.140387	-0.505918	0.051832	0.053792	7.467564	0.401668	1.540430	-0.716399	0.079410	-0.182882	-3.849813	0.131392	0.225614	1.053327	0.056053	0.048562
0.834268	-0.125629	-0.099390	-1.989171	-0.065883	0.032355	0.490558	-0.162430	-0.139413	-0.486450	0.052660	0.054284	6.801719	0.776623	1.788581	0.909276	0.112916	-0.204386	-4.680735	0.489715	0.097368	1.946745	0.082817	0.049209
0.894394	-0.114677	-0.079619	-1.963940	-0.064432	0.030143	0.436824	-0.154476	-0.139715	-0.459314	0.053821	0.054814	6.012517	1.095241	1.977055	2.523102	0.145129	-0.221215	-5.373467	0.795344	-0.030190	2.713614	0.116095	0.052970
0.945664	-0.101251	-0.058673	-1.922978	-0.062684	0.027820	0.377871	-0.144199	-0.140963	-0.426261	0.055367	0.055415	5.127077	1.342601	2.094622	4.096238	0.174742	-0.232277	-5.895265	1.027766	-0.124814	3.305314	0.154619	0.060099
0.987346	-0.086126	-0.037347	-1.866957	-0.060678	0.025451	0.315572	-0.132430	-0.142544	-0.389431	0.057334	0.056120	4.168161	1.512506	2.132664	5.602067	0.200573	-0.236881	-6.229884	1.176836	-0.158044	3.683006	0.196626	0.070560
1.018897	-0.070071	-0.016501	-1.796799	-0.058462	0.023103	0.251801	-0.120009	-0.143676	-0.351219	0.059733	0.056962	3.155130	1.605437	2.084595	7.015843	0.221691	-0.234807	-6.377126	1.242129	-0.113164	3.821210	0.239928	0.084209
1.039960	-0.053819	0.002970	-1.713658	-0.056087	0.020840	0.188303	-0.107710	-0.143582	-0.314127	0.062555	0.057972	2.106269	1.625203	1.947047	8.314027	0.237488	-0.226308	-6.349850	1.229863	0.009358	3.709200	0.282182	0.100947
1.050376	-0.038048	0.020194	-1.618923	-0.053610	0.018720	0.126624	-0.096208	-0.141664	-0.280640	0.065767	0.059179	1.041639	1.577146	1.722377	9.473499	0.247691	-0.212014	-6.167880	1.150285	0.191758	3.348623	0.321230	0.120676
1.050227	-0.023356	0.034394	-1.514214	-0.051087	0.016792	0.068110	-0.086035	-0.137611	-0.253149	0.069319	0.060609	-0.014978	1.469210	1.420068	10.470933	0.252316	-0.192772	-5.851408	1.017222	0.405308	2.749124	0.355245	0.143007
1.039870	-0.010219	0.044956	-1.401391	-0.048571	0.015097	0.013937	-0.077551	-0.131405	-0.233893	0.073146	0.062278	-1.035623	1.313691	1.056203	11.282355	0.251567	-0.169530	-5.417258	0.848418	0.620645	1.925572	0.382686	0.166967
1.019980	0.001050	0.051478	-1.282562	-0.046113	0.013664	-0.034859	-0.070905	-0.123235	-0.224906	0.077169	0.064188	-1.989077	1.126845	0.652147	11.882877	0.245789	-0.143301	-4.879566	0.664644	0.816964	0.898748	0.402260	0.190935
0.991553	0.010311	0.053812	-1.160092	-0.043758	0.012513	-0.077392	-0.066033	-0.113380	-0.227926	0.081300	0.066316	-2.842713	0.926087	0.233464	12.247007	0.235458	-0.115164	-4.253305	0.487147	0.985571	-0.301987	0.413073	0.212870
0.955909	0.017577	0.052102	-1.036592	-0.041547	0.011650	-0.112963	-0.062690	-0.102108	-0.244294	0.085449	0.068624	-3.564362	0.726672	-0.171044	12.349982	0.221172	-0.086228	-3.557119	0.334332	1.127201	-1.636816	0.414932	0.230799
0.914672	0.022976	0.046791	-0.914890	-0.039511	0.011075	-0.141091	-0.060500	-0.089648	-0.274856	0.089534	0.071058	-4.123656	0.539878	-0.531096	12.170206	0.203592	-0.057565	-2.812856	0.218968	1.245945	-3.056161	0.408549	0.243351
0.869739	0.026710	0.038612	-0.797962	-0.037677	0.010773	-0.161510	-0.059030	-0.076212	-0.319898	0.093489	0.073559	-4.493370	0.373409	-0.817928	11.692747	0.183385	-0.030163	-2.041818	0.147074	1.343568	-4.504270	0.395453	0.250069
0.823220	0.029045	0.028530	-0.688824	-0.036065	0.010724	-0.174110	-0.057837	-0.062038	-0.379143	0.097265	0.076072	-4.651904	0.233470	-1.008170	10.913798	0.161213	-0.004869	-1.260066	0.119300	1.417450	-5.924475	0.377640	0.251395
0.777343	0.030318	0.017655	-0.590368	-0.034687	0.010901	-0.178866	-0.056492	-0.047407	-0.451785	0.100836	0.078557	-4.587648	0.127262	-1.087495	9.845663	0.137763	0.017628	-0.475556	0.134435	1.463126	-7.264183	0.357088	0.248429
0.734298	0.030961	0.007126	-0.505159	-0.033549	0.011268	-0.175751	-0.054563	-0.032620	-0.536569	0.104189	0.080981	-4.304513	0.064324	-1.052934	8.520916	0.113798	0.036771	0.311430	0.192869	1.478654	-8.478373	0.335295	0.242451
0.696041	0.031513	-0.002009	-0.435222	-0.032648	0.011790	-0.164700	-0.051593	-0.017955	-0.631880	0.107319	0.083325	-3.825668	0.055176	-0.913526	6.993702	0.090167	0.052160	1.105103	0.297039	1.466508	-9.531184	0.312981	0.234355
0.664114	0.032579	-0.008897	-0.381851	-0.031970	0.012428	-0.145599	-0.047114	-0.003639	-0.735839	0.110219	0.085567	-3.192709	0.106606	-0.688800	5.337026	0.067785	0.063766	1.910184	0.447924	1.431605	-10.395812	0.289991	0.224253
0.639508	0.034736	-0.012947	-0.345485	-0.031494	0.013149	-0.118309	-0.040713	0.010138	-0.846373	0.112873	0.087682	-2.460587	0.215775	-0.404952	3.636662	0.047584	0.072184	2.728919	0.640047	1.377727	-11.053402	0.265444	0.211444
0.622602	0.038420	-0.013865	-0.325658	-0.031190	0.013934	-0.082714	-0.032127	0.023190	-0.961289	0.115254	0.089630	-1.690595	0.368344	-0.091813	1.982685	0.030422	0.078494	3.559556	0.858685	1.305137	-11.491622	0.238109	0.194789
0.613167	0.043847	-0.011691	-0.321056	-0.031020	0.014771	-0.038757	-0.021317	0.035291	-1.078323	0.117323	0.091362	-0.943579	0.542744	0.217406	0.460146	0.016942	0.083650	4.395723	1.080930	1.210107	-11.703417	0.206833	0.173202
0.610407	0.051006	-0.006812	-0.329634	-0.030946	0.015650	0.013502	-0.008521	0.046148	-1.195183	0.119031	0.092822	-0.275947	0.715888	0.487929	-0.857770	0.007466	0.087879	5.225843	1.279620	1.085746	-11.685966	0.170796	0.146001
0.613006	0.059659	0.000093	-0.348750	-0.030926	0.016556	0.073821	0.005759	0.055384	-1.309580	0.120327	0.093952	0.259854	0.865297	0.690455	-1.911646	0.002003	0.090636	6.031957	1.428051	0.923570	-11.439756	0.129616	0.113063
0.619135	0.069351	0.008178	-0.375299	-0.030922	0.017467	0.141705	0.020800	0.062539	-1.419260	0.121161	0.094701	0.612962	0.969169	0.808486	-2.654829	0.000318	0.091126	6.788386	1.504021	0.715480	-10.967996	0.083386	0.074837
0.626490	0.079437	0.016563	-0.405844	-0.030903	0.018358	0.216321	0.035727	0.067098	-1.522027	0.121487	0.095023	0.735502	1.008578	0.838528	-3.054545	0.001911	0.089056	7.461562	1.492771	0.455953	-10.276679	0.032672	0.032267
0.632394	0.089154	0.024404	-0.436819	-0.030844	0.019209	0.296438	0.049612	0.068541	-1.615782	0.121272	0.094890	0.590356	0.971748	0.784127	-3.097456	0.005894	0.085125	8.011665	1.388484	0.144272	-9.375467	-0.021556	-0.013361
0.634011	0.097722	0.030927	-0.464787	-0.030735	0.020017	0.380396	0.061555	0.066405	-1.698574	0.120492	0.094283	0.161707	0.856806	0.652290	-2.796867	0.010948	0.080800	8.395841	1.194321	-0.213640	-8.279265	-0.078025	-0.060628
0.628646	0.104431	0.035484	-0.486755	-0.030579	0.020790	0.466138	0.070771	0.060357	-1.768672	0.119139	0.093202	-0.536527	0.670891	0.455734	-2.196709	0.015581	0.077343	8.574213	0.921555	-0.604712	-7.009736	-0.135265	-0.108177
0.614079	0.108696	0.037635	-0.500441	-0.030394	0.021539	0.551339	0.076645	0.050258	-1.824629	0.117221	0.091654	-1.456622	0.426492	0.215017	-1.368661	0.018513	0.074879	8.520084	0.587414	-1.009953	-5.595692	-0.191763	-0.154786
0.588883	0.110069	0.037194	-0.504459	-0.030205	0.022264	0.633643	0.078761	0.036191	-1.865347	0.114760	0.089660	-2.519644	0.137359	-0.044043	-0.401829	0.018876	0.072445	8.230366	0.211599	-1.406647	-4.071889	-0.246110	-0.199342
0.552610	0.108242	0.034231	-0.498348	-0.030043	0.022953	0.710923	0.076904	0.018485	-1.890111	0.111790	0.087253	-3.627291	-0.182742	-0.296322	0.611170	0.016204	0.068948	7.728048	-0.185722	-1.770623	-2.476393	-0.297052	-0.240738
0.505807	0.103065	0.028990	-0.482491	-0.029940	0.023593	0.781462	0.071073	-0.002301	-1.898583	0.108356	0.084475	-4.680270	-0.517717	-0.524061	1.585690	0.010342	0.064027	7.053921	-0.583057	-2.078577	-0.847177	-0.343404	-0.277788
0.449855	0.094592	0.021779	-0.457983	-0.029926	0.024175	0.844000	0.061503	-0.025407	-1.890775	0.104516	0.081383	-5.595219	-0.847324	-0.721096	2.450823	0.001342	0.058183	6.253760	-0.957005	-2.310639	0.780848	-0.383926	-0.309218
0.386720	0.083101	0.012859	-0.426481	-0.030033	0.024699	0.897686	0.048660	-0.049933	-1.867003	0.100343	0.078045	-6.313553	-1.149059	-0.892037	3.150162	-0.010633	0.052389	5.368641	-1.284377	-2.452618	2.377209	-0.417370	-0.333795
0.318703	0.069082	0.002385	-0.390077	-0.030287	0.025176	0.941999	0.033204	-0.074903	-1.827845	0.095916	0.074540	-6.801714	-1.401889	-1.047449	3.640364	-0.025444	0.047681	4.431260	-1.545536	-2.496954	3.915735	-0.442671	-0.350522
0.248226	0.053193	-0.009588	-0.351171	-0.030718	0.025626	0.976662	0.015939	-0.099327	-1.774107	0.091325	0.070952	-7.047639	-1.588916	-1.197268	3.890662	-0.043064	0.045043	3.466332	-1.726493	-2.442400	5.373778	-0.459111	-0.358758
0.177648	0.036208	-0.023024	-0.312327	-0.031353	0.026082	1.001584	-0.002253	-0.122262	-1.706795	0.086661	0.067369	-7.057832	-1.698488	-1.343562	3.884333	-0.063527	0.045565	2.492205	-1.819190	-2.293563	6.731257	-0.466381	-0.358309
0.109109	0.018963	-0.037785	-0.276137	-0.032220	0.026587	1.016812	-0.020465	-0.142869	-1.627100	0.082015	0.063874	-6.853894	-1.724531	-1.476168	3.619062	-0.086700	0.050451	1.522768	-1.821230	-2.060712	7.969499	-0.464609	-0.349487
0.044448	0.002299	-0.053529	-0.245101	-0.033340	0.027192	1.022512	-0.037824	-0.160463	-1.536400	0.077471	0.060543	-6.466052	-1.666356	-1.574334	3.103592	-0.112006	0.060570	0.570039	-1.735880	-1.759345	9.069955	-0.454358	-0.333110
-0.014814	-0.012980	-0.069654	-0.221566	-0.034723	0.027951	1.018984	-0.053540	-0.174554	-1.436269	0.073106	0.057439	-5.926200	-1.527970	-1.612503	2.353461	-0.138263	0.075899	-0.352811	-1.571662	-1.409163	10.013183	-0.436586	-0.310420
-0.067461	-0.026157	-0.085339	-0.207668	-0.036360	0.028904	1.006691	-0.066953	-0.184881	-1.328485	0.068980	0.054610	-5.264706	-1.317611	-1.568480	1.389831	-0.163744	0.095299	-1.229320	-1.341287	-1.032694	10.778342	-0.412553	-0.282915
-0.112577	-0.036638	-0.099661	-0.205256	-0.038224	0.030070	0.986296	-0.077561	-0.191418	-1.215054	0.065143	0.052088	-4.511640	-1.048147	-1.432264	0.241238	-0.186410	0.116621	-2.039452	-1.060746	-0.653640	11.343119	-0.383686	-0.252180
-0.149574	-0.044011	-0.111763	-0.215795	-0.040267	0.031442	0.958689	-0.085047	-0.194366	-1.098212	0.061629	0.049890	-3.699648	-0.737297	-1.210134	-1.053975	-0.204297	0.137124	-2.760713	-0.748618	-0.294854	11.684143	-0.351422	-0.219782
-0.178220	-0.048072	-0.120980	-0.240265	-0.042428	0.032983	0.924993	-0.089297	-0.194129	-0.980429	0.058458	0.048018	-2.864647	-0.406146	-0.921718	-2.446922	-0.216044	0.154181	-3.369684	-0.424984	0.023711	11.778379	-0.317081	-0.187218
-0.198640	-0.048842	-0.126932	-0.279076	-0.044641	0.034643	0.886557	-0.090398	-0.191266	-0.864369	0.055641	0.046460	-2.042031	-0.076908	-0.595204	-3.881122	-0.221367	0.165969	-3.843508	-0.110116	0.286374	11.605967	-0.281758	-0.155815
-0.211235	-0.046565	-0.129584	-0.332065	-0.046853	0.036361	0.844944	-0.088634	-0.186443	-0.752826	0.053177	0.045195	-1.259470	0.227660	-0.265212	-5.298970	-0.221157	0.171786	-4.161308	0.176403	0.482213	11.154270	-0.246308	-0.126514
-0.216542	-0.041730	-0.129286	-0.398552	-0.049024	0.038080	0.801883	-0.084475	-0.180391	-0.648603	0.051063	0.044198	-0.530665	0.483500	0.029815	-6.648683	-0.217096	0.171940	-4.306132	0.415925	0.605199	10.422305	-0.211418	-0.099688
-0.215084	-0.035072	-0.126738	-0.477436	-0.051134	0.039754	0.759201	-0.078565	-0.173848	-0.554360	0.049286	0.043446	0.145768	0.665770	0.254737	-7.888397	-0.211032	0.167360	-4.268202	0.590921	0.654348	9.424368	-0.177720	-0.075161
-0.207261	-0.027553	-0.122878	-0.567305	-0.053179	0.041345	0.718714	-0.071705	-0.167509	-0.472444	0.047827	0.042921	0.782278	0.751893	0.386004	-8.986834	-0.204443	0.159139	-4.048677	0.686070	0.633897	8.191545	-0.145862	-0.052476
-0.193297	-0.020290	-0.118720	-0.666525	-0.055160	0.042827	0.682098	-0.064798	-0.161972	-0.404740	0.046662	0.042609	1.396425	0.726374	0.415853	-9.922045	-0.198178	0.148195	-3.661579	0.690628	0.553729	6.770404	-0.116502	-0.031223
-0.173237	-0.014433	-0.115200	-0.773321	-0.057085	0.044179	0.650771	-0.058783	-0.157679	-0.352543	0.045760	0.042498	2.005971	0.585668	0.351967	-10.679628	-0.192475	0.135145	-3.132756	0.601562	0.429247	5.219666	-0.090270	-0.011174
-0.146977	-0.011024	-0.113057	-0.885832	-0.058956	0.045382	0.625798	-0.054521	-0.154886	-0.316479	0.045082	0.042575	2.626070	0.340852	0.214330	-11.251112	-0.187095	0.120348	-2.497256	0.426209	0.279339	3.606429	-0.067754	0.007751
-0.114297	-0.010856	-0.112753	-1.002159	-0.060771	0.046422	0.607828	-0.052697	-0.153643	-0.296454	0.044587	0.042830	3.267965	0.016854	0.030410	-11.632661	-0.181512	0.103960	-1.797005	0.182397	0.124294	2.002533	-0.049546	0.025449
-0.074917	-0.014368	-0.114452	-1.120396	-0.062522	0.047282	0.597037	-0.053746	-0.153781	-0.291648	0.044224	0.043244	3.938024	-0.351208	-0.169940	-11.823734	-0.175104	0.086019	-1.079089	-0.104955	-0.013814	0.480546	-0.036294	0.041418
-0.028554	-0.021600	-0.118031	-1.238651	-0.064195	0.047948	0.593094	-0.057830	-0.154895	-0.300552	0.043938	0.043789	4.636262	-0.723186	-0.357840	-11.825416	-0.167304	0.066577	-0.394330	-0.408346	-0.111382	-0.890353	-0.028615	0.054568
0.024990	-0.032192	-0.123098	-1.355039	-0.065772	0.048406	0.595129	-0.064830	-0.156380	-0.321024	0.043669	0.044423	5.354365	-1.059234	-0.506725	-11.638849	-0.157644	0.045817	0.203492	-0.699982	-0.148564	-2.047186	-0.026826	0.063383
0.085731	-0.045434	-0.129033	-1.467685	-0.067229	0.048646	0.601714	-0.074346	-0.157555	-0.350372	0.043363	0.045088	6.074191	-1.324219	-0.593496	-11.264601	-0.145752	0.024035	0.658534	-0.951677	-0.117502	-2.934775	-0.030615	0.066513
0.153410	-0.060342	-0.135036	-1.574716	-0.068543	0.048662	0.610879	-0.085705	-0.157811	-0.385458	0.042975	0.045723	6.767872	-1.490804	-0.600360	-10.703118	-0.131367	0.001562	0.916502	-1.135848	-0.025557	-3.508625	-0.038845	0.063463
0.227405	-0.075757	-0.140206	-1.674276	-0.069686	0.048449	0.620206	-0.098008	-0.156701	-0.422870	0.042479	0.046272	7.399499	-1.541500	-0.516961	-9.955990	-0.114362	-0.021294	0.932616	-1.230314	0.110960	-3.741220	-0.049575	0.054953
0.306683	-0.090453	-0.143632	-1.764555	-0.070634	0.048006	0.627029	-0.110244	-0.153954	-0.459172	0.041876	0.046699	7.927765	-1.469517	-0.342640	-9.027861	-0.094713	-0.044314	0.682367	-1.223611	0.274743	-3.630211	-0.060301	0.042645
0.389783	-0.103237	-0.144513	-1.843840	-0.071358	0.047331	0.628731	-0.121401	-0.149485	-0.491207	0.041192	0.046983	8.309987	-1.278434	-0.088085	-7.928517	-0.072404	-0.067464	0.170205	-1.115692	0.446855	-3.203487	-0.068382	0.028455
0.474869	-0.113053	-0.142261	-1.910581	-0.071832	0.046423	0.623041	-0.130554	-0.143467	-0.516370	0.040477	0.047123	8.508597	-0.981630	0.225191	-6.674079	-0.047404	-0.090863	-0.569065	-0.915280	0.601856	-2.516301	-0.071559	0.013912
0.559864	-0.119071	-0.136574	-1.963450	-0.072029	0.045277	0.608275	-0.136941	-0.136362	-0.532780	0.039794	0.047122	8.499497	-0.601786	0.568735	-5.286882	-0.019754	-0.114575	-1.476526	-0.638725	0.710460	-1.641036	-0.068225	-0.000024
0.642649	-0.120765	-0.127439	-2.001395	-0.071926	0.043893	0.583489	-0.140047	-0.128863	-0.539335	0.039221	0.046995	8.278516	-0.169420	0.913547	-3.794539	0.010345	-0.138401	-2.478630	-0.310594	0.749943	-0.655455	-0.057351	-0.012695
0.721269	-0.117961	-0.115086	-2.023680	-0.071501	0.042275	0.548525	-0.139671	-0.121737	-0.535682	0.038837	0.046761	7.862025	0.280467	1.235296	-2.228465	0.042516	-0.161823	-3.496370	0.037638	0.712616	0.365249	-0.038378	-0.023401
0.794082	-0.110827	-0.099931	-2.029896	-0.070739	0.040434	0.503992	-0.135950	-0.115668	-0.522167	0.038724	0.046448	7.281309	0.713333	1.515415	-0.621623	0.076174	-0.184073	-4.453289	0.372068	0.606869	1.351519	-0.011283	-0.031321
0.859817	-0.099827	-0.082535	-2.019956	-0.069634	0.038392	0.451168	-0.129331	-0.111133	-0.499769	0.038958	0.046091	6.573463	1.100007	1.739620	0.993994	0.110475	-0.204217	-5.282398	0.661863	0.453474	2.239807	0.023348	-0.035693
0.917547	-0.085630	-0.063562	-1.994065	-0.068191	0.036179	0.391850	-0.120496	-0.108319	-0.470038	0.039602	0.045731	5.772981	1.419710	1.897295	2.589056	0.144306	-0.221232	-5.931843	0.883520	0.281452	2.973138	0.064387	-0.036029
0.966620	-0.069026	-0.043745	-1.952693	-0.066427	0.033838	0.328162	-0.110265	-0.107084	-0.435002	0.040704	0.045409	4.907365	1.660416	1.981712	4.137242	0.176404	-0.234127	-6.368804	1.023117	0.123465	3.503549	0.110202	-0.032194
1.006589	-0.050853	-0.023855	-1.896547	-0.064372	0.031417	0.262352	-0.099499	-0.106997	-0.397044	0.042290	0.045166	3.996867	1.817298	1.989005	5.614636	0.205527	-0.242084	-6.580993	1.076569	0.008709	3.795839	0.158637	-0.024318
1.037153	-0.031945	-0.004686	-1.826559	-0.062066	0.028972	0.196600	-0.089016	-0.107443	-0.358740	0.044361	0.045040	3.056457	1.890787	1.916946	6.998786	0.230592	-0.244568	-6.575201	1.048293	-0.044608	3.830401	0.207079	-0.012615
1.058141	-0.013092	0.012978	-1.743881	-0.059558	0.026558	0.132874	-0.079522	-0.107763	-0.322711	0.046888	0.045066	2.098804	1.885295	1.766335	8.267730	0.250753	-0.241356	-6.372584	0.949397	-0.031997	3.602912	0.252695	0.002680
1.069515	0.004993	0.028417	-1.649889	-0.056904	0.024233	0.072858	-0.071561	-0.107358	-0.291504	0.049815	0.045277	1.137389	1.808557	1.543963	9.399216	0.265460	-0.232489	-6.001584	0.796121	0.040487	3.120694	0.292758	0.021100
1.071403	0.021705	0.041056	-1.546187	-0.054159	0.022051	0.017943	-0.065476	-0.105745	-0.267518	0.053065	0.045694	0.188724	1.671110	1.263830	10.370191	0.274445	-0.218209	-5.491531	0.608481	0.161310	2.398605	0.324955	0.041669
1.064134	0.036561	0.050516	-1.434623	-0.051383	0.020062	-0.030758	-0.061388	-0.102570	-0.252940	0.056541	0.046323	-0.726828	1.485675	0.946036	11.156388	0.277645	-0.198925	-4.870062	0.408811	0.317536	1.457777	0.347662	0.062914
1.048279	0.049221	0.056664	-1.317302	-0.048632	0.018310	-0.072402	-0.059191	-0.097593	-0.249668	0.060144	0.047155	-1.585576	1.265960	0.614818	11.732187	0.275121	-0.175232	-4.164421	0.219739	0.497654	0.327176	0.360207	0.083213
1.024661	0.059467	0.059630	-1.196588	-0.045961	0.016831	-0.106438	-0.058578	-0.090666	-0.259214	0.063775	0.048168	-2.361720	1.024616	0.296600	12.071374	0.267020	-0.147899	-3.403592	0.061230	0.692761	-0.954607	0.363122	0.101272
0.994379	0.067180	0.059811	-1.075097	-0.043426	0.015652	-0.132617	-0.059105	-0.081711	-0.282608	0.067357	0.049334	-3.028237	0.771287	0.018118	12.149059	0.253575	-0.117834	-2.617946	-0.052629	0.895470	-2.339390	0.358244	0.116577
0.958807	0.072303	0.057852	-0.955652	-0.041075	0.014791	-0.150970	-0.060261	-0.070738	-0.320330	0.070842	0.050630	-3.557228	0.512329	-0.195903	11.944474	0.235106	-0.086089	-1.835331	-0.115638	1.097328	-3.772134	0.348455	0.129595
0.919597	0.074834	0.054590	-0.841207	-0.038954	0.014252	-0.161725	-0.061551	-0.057865	-0.372289	0.074212	0.052045	-3.920973	0.253026	-0.326216	11.444499	0.212019	-0.053882	-1.075493	-0.129000	1.287266	-5.195987	0.337021	0.141556
0.878645	0.074849	0.050958	-0.734729	-0.037106	0.014026	-0.165189	-0.062533	-0.043339	-0.437866	0.077480	0.053585	-4.095203	0.001584	-0.363233	10.647875	0.184846	-0.022609	-0.346320	-0.098152	1.452637	-6.557694	0.326809	0.153993
0.837995	0.072579	0.047854	-0.639032	-0.035562	0.014088	-0.161629	-0.062815	-0.027518	-0.515981	0.080677	0.055268	-4.064948	-0.227076	-0.310430	9.569627	0.154364	0.006166	0.355997	-0.028205	1.582014	-7.811500	0.319738	0.168242
0.799684	0.068472	0.046001	-0.556587	-0.034345	0.014397	-0.151194	-0.062021	-0.010839	-0.605192	0.083843	0.057118	-3.831161	-0.410646	-0.185224	8.244594	0.121748	0.030869	1.043438	0.079389	1.667934	-8.921089	0.316533	0.185010
0.765536	0.063232	0.045842	-0.489302	-0.033458	0.014900	-0.133884	-0.059757	0.006237	-0.703790	0.087010	0.059158	-3.414791	-0.524030	-0.015908	6.728483	0.088637	0.050328	1.731000	0.226358	1.707616	-9.859814	0.316729	0.204038
0.736979	0.057754	0.047490	-0.438351	-0.032888	0.015543	-0.109566	-0.055625	0.023248	-0.809886	0.090199	0.061399	-2.855678	-0.547761	0.164787	5.095069	0.057005	0.064259	2.431793	0.413222	1.701061	-10.609550	0.318859	0.224029
0.714911	0.053002	0.050755	-0.404057	-0.032600	0.016277	-0.078030	-0.049286	0.039734	-0.921472	0.093407	0.063828	-2.206808	-0.475209	0.326462	3.429448	0.028845	0.073397	3.153665	0.633945	1.648609	-11.158634	0.320810	0.242930
0.699642	0.049855	0.055205	-0.385866	-0.032542	0.017067	-0.039055	-0.040555	0.055235	-1.036469	0.096609	0.066412	-1.526956	-0.314712	0.445057	1.819087	0.005811	0.079052	3.897487	0.873100	1.550157	-11.499660	0.320258	0.258415
0.690894	0.048985	0.060247	-0.382411	-0.032652	0.017891	0.007511	-0.029485	0.069294	-1.152749	0.099759	0.069095	-0.874724	-0.087028	0.504143	0.345441	-0.011016	0.082356	4.656625	1.106920	1.405893	-11.627980	0.315016	0.268293
0.687837	0.050767	0.065219	-0.391622	-0.032864	0.018728	0.061681	-0.016410	0.081467	-1.268160	0.102792	0.071802	-0.305698	0.178227	0.497183	-0.921079	-0.021193	0.083722	5.416915	1.307520	1.217315	-11.541178	0.303217	0.270720
0.689109	0.055219	0.069533	-0.410843	-0.033113	0.019557	0.123245	-0.001926	0.091344	-1.380551	0.105625	0.074445	0.127172	0.445208	0.431443	-1.922052	-0.024893	0.082886	6.156418	1.448406	0.987667	-11.239086	0.283378	0.264294
0.692837	0.061981	0.072797	-0.436950	-0.033341	0.020352	0.191697	0.013167	0.098558	-1.487791	0.108171	0.076927	0.372832	0.676153	0.326447	-2.610750	-0.022830	0.079488	6.845207	1.509329	0.721388	-10.723966	0.254511	0.248144
0.696693	0.070370	0.074830	-0.466499	-0.033503	0.021090	0.266162	0.027960	0.102788	-1.587801	0.110333	0.079147	0.385585	0.838896	0.203223	-2.954884	-0.016207	0.073827	7.446561	1.479237	0.423012	-10.001016	0.216264	0.222046
0.698038	0.079501	0.075567	-0.495936	-0.033570	0.021762	0.345364	0.041527	0.103754	-1.678597	0.112023	0.081012	0.134442	0.913142	0.073762	-2.943699	-0.006641	0.067190	7.920143	1.356794	0.096549	-9.079593	0.168990	0.186477
0.694182	0.088414	0.074977	-0.521896	-0.033529	0.022374	0.427632	0.053016	0.101214	-1.758346	0.113160	0.082437	-0.385533	0.891253	-0.059077	-2.596013	0.004050	0.061239	8.226841	1.148877	-0.253970	-7.974916	0.113696	0.142544
0.682722	0.096165	0.073034	-0.541528	-0.033387	0.022942	0.510988	0.061699	0.094983	-1.825439	0.113679	0.083355	-1.146077	0.775108	-0.194300	-1.963178	0.014213	0.056808	8.335597	0.868287	-0.623066	-6.709241	0.051900	0.091810
0.661856	0.101896	0.069758	-0.552755	-0.033161	0.023475	0.593307	0.067018	0.084959	-1.878554	0.113534	0.083717	-2.086561	0.573092	-0.327546	-1.122684	0.022645	0.053258	8.231880	0.531872	-1.002380	-5.311507	-0.014525	0.036169
0.630622	0.104890	0.065240	-0.554395	-0.032875	0.023966	0.672541	0.068616	0.071159	-1.916707	0.112699	0.083495	-3.123422	0.299451	-0.451817	-0.164029	0.028605	0.049103	7.923367	0.159810	-1.380075	-3.815295	-0.083463	-0.022155
0.588964	0.104642	0.059622	-0.546136	-0.032558	0.024398	0.746913	0.066371	0.053748	-1.939263	0.111174	0.082690	-4.165763	-0.024852	-0.561789	0.825926	0.031642	0.043226	7.437258	-0.224512	-1.741019	-2.255661	-0.152512	-0.080534
0.537654	0.100915	0.053042	-0.528422	-0.032243	0.024754	0.815015	0.060412	0.033072	-1.945924	0.108984	0.081330	-5.130981	-0.372611	-0.658046	1.771385	0.031467	0.035566	6.810205	-0.595919	-2.067667	-0.666052	-0.218960	-0.135999
0.478114	0.093776	0.045550	-0.502333	-0.031964	0.025023	0.875798	0.051101	0.009649	-1.936690	0.106184	0.079474	-5.954004	-0.713967	-0.749138	2.608844	0.027904	0.026906	6.078223	-0.931075	-2.342237	0.923360	-0.279998	-0.185578
0.412224	0.083557	0.037047	-0.469485	-0.031755	0.025205	0.928513	0.038972	-0.015843	-1.911832	0.102853	0.077207	-6.589012	-1.021885	-0.850308	3.284812	0.020904	0.018257	5.271511	-1.212882	-2.549287	2.485799	-0.333159	-0.226783
0.342146	0.070795	0.027262	-0.431940	-0.031650	0.025310	0.972646	0.024646	-0.042611	-1.871859	0.099086	0.074627	-7.007760	-1.276194	-0.978471	3.754561	0.010530	0.010460	4.413375	-1.432567	-2.676717	3.997365	-0.376700	-0.257990
0.270157	0.056152	0.015824	-0.392096	-0.031680	0.025352	1.007855	0.008768	-0.069766	-1.817493	0.094989	0.071841	-7.198941	-1.464310	-1.143851	3.984315	-0.003032	0.004229	3.520890	-1.587829	-2.715559	5.436552	-0.409736	-0.278559
0.198472	0.040356	0.002409	-0.352545	-0.031874	0.025357	1.033918	-0.008023	-0.096371	-1.749656	0.090667	0.068953	-7.168484	-1.579627	-1.341488	3.955142	-0.019401	0.000425	2.606298	-1.679066	-2.660438	6.783748	-0.432150	-0.288760
0.129105	0.024163	-0.013080	-0.315907	-0.032254	0.025358	1.050712	-0.025091	-0.121480	-1.669452	0.086223	0.066057	-6.936739	-1.619292	-1.548882	3.663761	-0.037944	0.000101	1.679348	-1.706823	-2.510926	8.020324	-0.444431	-0.289601
0.063794	0.008335	-0.030393	-0.284721	-0.032832	0.025399	1.058220	-0.041806	-0.144204	-1.578179	0.081748	0.063231	-6.531108	-1.582717	-1.731290	3.118646	-0.057772	0.004111	0.750825	-1.671549	-2.272464	9.127324	-0.447510	-0.282606
0.004010	-0.006382	-0.048900	-0.261368	-0.033609	0.025525	1.056581	-0.057555	-0.163768	-1.477335	0.077322	0.060536	-5.978380	-1.471748	-1.850768	2.335250	-0.077765	0.012606	-0.163939	-1.574848	-1.956348	10.084388	-0.442591	-0.269554
-0.049006	-0.019304	-0.067668	-0.248026	-0.034575	0.025773	1.046144	-0.071764	-0.179564	-1.368641	0.073012	0.058014	-5.301560	-1.292178	-1.876733	1.334218	-0.096587	0.024785	-1.043715	-1.420944	-1.579588	10.869427	-0.430968	-0.252197
-0.094228	-0.029856	-0.085620	-0.246596	-0.035703	0.026162	1.027514	-0.083938	-0.191210	-1.254050	0.068873	0.055693	-4.522232	-1.055204	-1.795260	0.143062	-0.112773	0.038953	-1.862946	-1.217328	-1.164585	11.459046	-0.413876	-0.232065
-0.130888	-0.037630	-0.101748	-0.258601	-0.036953	0.026691	1.001566	-0.093683	-0.198588	-1.135756	0.064950	0.053589	-3.665990	-0.777428	-1.612804	-1.200528	-0.124993	0.052876	-2.594848	-0.974538	-0.737798	11.829418	-0.392376	-0.210378
-0.158551	-0.042420	-0.115278	-0.285067	-0.038278	0.027335	0.969424	-0.100740	-0.201859	-1.016181	0.061277	0.051709	-2.766340	-0.478940	-1.352921	-2.646564	-0.132528	0.064454	-3.214197	-0.705665	-0.327146	11.957494	-0.367275	-0.188061
-0.177183	-0.044225	-0.125765	-0.326411	-0.039635	0.028060	0.932435	-0.104998	-0.201449	-0.897952	0.057886	0.050051	-1.863224	-0.180570	-1.048726	-4.134415	-0.135716	0.072443	-3.698876	-0.425821	0.041048	11.822933	-0.339104	-0.165770
-0.187142	-0.043248	-0.133128	-0.382399	-0.040995	0.028828	0.892131	-0.106513	-0.198002	-0.783841	0.054804	0.048612	-0.995886	0.097767	-0.736297	-5.598827	-0.135995	0.076836	-4.030418	-0.151508	0.344666	11.411139	-0.308200	-0.143892
-0.189079	-0.039879	-0.137640	-0.452182	-0.042350	0.029615	0.850184	-0.105516	-0.192323	-0.676668	0.052055	0.047387	-0.193715	0.336875	-0.451243	-6.978317	-0.135457	0.078669	-4.194705	0.099712	0.567923	10.717281	-0.274850	-0.122550
-0.183780	-0.034706	-0.139900	-0.534407	-0.043711	0.030409	0.808345	-0.102423	-0.185291	-0.579164	0.049661	0.046370	0.529975	0.517290	-0.225931	-8.222497	-0.136153	0.079410	-4.183895	0.309257	0.703149	9.750396	-0.239446	-0.101661
-0.171993	-0.028510	-0.140749	-0.627364	-0.045106	0.031212	0.768354	-0.097841	-0.177771	-0.493802	0.047635	0.045559	1.178710	0.619583	-0.084979	-9.295733	-0.139505	0.080299	-3.999097	0.458201	0.751987	8.536159	-0.202594	-0.081064
-0.154302	-0.022236	-0.141145	-0.729133	-0.046566	0.032032	0.731832	-0.092548	-0.170513	-0.422632	0.045983	0.044952	1.769052	0.627406	-0.039566	-10.176827	-0.145998	0.081982	-3.652131	0.529271	0.725871	7.117046	-0.165171	-0.060723
-0.131055	-0.016913	-0.141986	-0.837695	-0.048118	0.032877	0.700178	-0.087445	-0.164066	-0.367131	0.044700	0.044544	2.324668	0.532305	-0.084125	-10.856174	-0.155183	0.084481	-3.165406	0.510339	0.644623	5.550071	-0.128326	-0.040857
-0.102351	-0.013537	-0.143969	-0.951016	-0.049777	0.033750	0.674471	-0.083456	-0.158748	-0.328096	0.043765	0.044325	2.870446	0.337600	-0.198245	-11.332198	-0.165862	0.087355	-2.570690	0.398852	0.531828	3.903549	-0.093463	-0.021854
-0.068074	-0.012939	-0.147493	-1.067097	-0.051541	0.034649	0.655394	-0.081408	-0.154653	-0.305561	0.043143	0.044284	3.427690	0.059746	-0.352434	-11.608088	-0.176420	0.089905	-1.907714	0.204838	0.409535	2.253463	-0.062186	-0.004101
-0.027967	-0.015668	-0.152637	-1.183989	-0.053393	0.035563	0.643170	-0.081911	-0.151686	-0.298776	0.042782	0.044404	4.010746	-0.272811	-0.514418	-11.689160	-0.185211	0.091365	-1.222419	-0.050250	0.296650	0.678501	-0.036172	0.011946
0.018284	-0.021897	-0.159176	-1.299799	-0.055302	0.036473	0.637526	-0.085290	-0.149585	-0.306236	0.042612	0.044658	4.625039	-0.622917	-0.653884	-11.581042	-0.190854	0.091030	-0.564445	-0.337959	0.210107	-0.746056	-0.016996	0.025460
0.070946	-0.031393	-0.166632	-1.412686	-0.057225	0.037356	0.637677	-0.091553	-0.147957	-0.325768	0.042553	0.045009	5.266173	-0.949671	-0.745589	-11.288696	-0.192337	0.088294	0.015084	-0.626285	0.162870	-1.953107	-0.005842	0.035135
0.130140	-0.043533	-0.174344	-1.520848	-0.059115	0.038182	0.642319	-0.100359	-0.146378	-0.354623	0.042523	0.045406	5.919430	-1.213973	-0.771226	-10.816199	-0.189005	0.082612	0.464241	-0.880544	0.157812	-2.885508	-0.003036	0.039656
0.195733	-0.057370	-0.181541	-1.622520	-0.060920	0.038917	0.649629	-0.111019	-0.144517	-0.389596	0.042447	0.045791	6.559340	-1.383726	-0.719720	-10.167131	-0.180534	0.073470	0.730968	-1.066065	0.186106	-3.497359	-0.007631	0.038476
0.267232	-0.071754	-0.187410	-1.715976	-0.062589	0.039522	0.657309	-0.122577	-0.142165	-0.427186	0.042272	0.046113	7.149843	-1.438336	-0.586847	-9.345648	-0.166915	0.060467	0.768015	-1.155816	0.235224	-3.759022	-0.017418	0.032236
0.343695	-0.085468	-0.191169	-1.799560	-0.064073	0.039955	0.662750	-0.133954	-0.139195	-0.463847	0.041979	0.046338	7.646366	-1.371372	-0.375900	-8.358388	-0.148382	0.043380	0.544148	-1.137634	0.296963	-3.666049	-0.029369	0.022492
0.423709	-0.097371	-0.192152	-1.871727	-0.065326	0.040177	0.663314	-0.144098	-0.135545	-0.496306	0.041576	0.046448	8.001324	-1.190336	-0.098332	-7.216675	-0.125254	0.022137	0.056414	-1.014408	0.365034	-3.245912	-0.040286	0.010969
0.505446	-0.106514	-0.189874	-1.931106	-0.066304	0.040145	0.656665	-0.152088	-0.131268	-0.521863	0.041102	0.046437	8.173704	-0.914351	0.227873	-5.937894	-0.097830	-0.003206	-0.664893	-0.799024	0.427724	-2.555645	-0.047422	-0.001119
0.586846	-0.112228	-0.184056	-1.976561	-0.066968	0.039821	0.641056	-0.157197	-0.126591	-0.538567	0.040614	0.046305	8.140069	-0.571336	0.581783	-4.545483	-0.066429	-0.032350	-1.560953	-0.510921	0.467682	-1.670484	-0.048798	-0.013194
0.665854	-0.114176	-0.174625	-2.007239	-0.067283	0.039175	0.615505	-0.158957	-0.121895	-0.545272	0.040182	0.046056	7.900778	-0.194846	0.943033	-3.067816	-0.031508	-0.064587	-2.555140	-0.175941	0.469603	-0.670485	-0.043119	-0.024853
0.740625	-0.112373	-0.161692	-2.022599	-0.067222	0.038188	0.579848	-0.157209	-0.117620	-0.541587	0.039886	0.045703	7.477129	0.180303	1.293336	-1.536068	0.006167	-0.098695	-3.565673	0.174760	0.427526	0.368496	-0.029611	-0.035314
0.809641	-0.107142	-0.145533	-2.022413	-0.066768	0.036859	0.534677	-0.152124	-0.114143	-0.527809	0.039806	0.045269	6.901551	0.523110	1.615859	0.018682	0.045358	-0.132938	-4.517032	0.508530	0.347672	1.377812	-0.007991	-0.043359
0.871711	-0.099038	-0.126585	-2.006733	-0.065925	0.035207	0.481204	-0.144165	-0.111664	-0.504857	0.040022	0.044792	6.207005	0.810369	1.894849	1.567905	0.084351	-0.165213	-5.347389	0.795919	0.247884	2.295196	0.021539	-0.047753
0.925919	-0.088752	-0.105418	-1.975869	-0.064713	0.033273	0.421089	-0.134015	-0.110121	-0.474217	0.040605	0.044316	5.420837	1.028678	2.116660	3.086498	0.121183	-0.193353	-6.011439	1.014928	0.154323	3.063967	0.058280	-0.047625
0.971559	-0.077008	-0.082715	-1.930345	-0.063173	0.031119	0.356282	-0.122480	-0.109164	-0.437869	0.041614	0.043890	4.564020	1.174331	2.270324	4.552390	0.153995	-0.215473	-6.480760	1.153564	0.095747	3.634878	0.100964	-0.042538
1.008090	-0.064499	-0.059249	-1.870888	-0.061360	0.028816	0.288844	-0.110383	-0.108202	-0.398166	0.043091	0.043567	3.653095	1.250967	2.346619	5.945679	0.181337	-0.230254	-6.743757	1.209675	0.096120	3.970233	0.147704	-0.032340
1.035117	-0.051838	-0.035877	-1.798412	-0.059336	0.026445	0.220801	-0.098495	-0.106532	-0.357692	0.045052	0.043397	2.702633	1.266020	2.337233	7.247624	0.202313	-0.237115	-6.804352	1.188790	0.167013	4.047415	0.196085	-0.016970
1.052396	-0.039557	-0.013519	-1.714015	-0.057171	0.024083	0.154024	-0.087479	-0.103498	-0.319104	0.047487	0.043433	1.727921	1.228108	2.235793	8.439651	0.216558	-0.236234	-6.677603	1.101576	0.303451	3.858870	0.243438	0.003574
1.059868	-0.028090	0.006884	-1.618988	-0.054929	0.021799	0.090191	-0.077858	-0.098636	-0.285017	0.050358	0.043722	0.747167	1.146752	2.040266	9.502753	0.224165	-0.228405	-6.383355	0.962138	0.486152	3.408619	0.287167	0.028941
1.057688	-0.017757	0.024432	-1.514814	-0.052673	0.019651	0.030775	-0.069985	-0.091760	-0.257929	0.053608	0.044303	-0.218003	1.033333	1.754818	10.417314	0.225613	-0.214797	-5.941546	0.787252	0.687635	2.708785	0.324993	0.058088
1.046250	-0.008746	0.038338	-1.403186	-0.050456	0.017683	-0.022944	-0.064032	-0.082984	-0.240138	0.057159	0.045196	-1.143802	0.901003	1.390550	11.162827	0.221672	-0.196731	-5.371947	0.595279	0.877592	1.779105	0.355083	0.089241
1.026187	-0.001119	0.047994	-1.286011	-0.048323	0.015928	-0.069919	-0.059992	-0.072702	-0.233649	0.060921	0.046398	-2.006227	0.762778	0.965661	11.717475	0.213295	-0.175555	-4.697539	0.404055	1.028161	0.648898	0.376228	0.120196
0.998363	0.005170	0.053046	-1.165428	-0.046308	0.014402	-0.109394	-0.057705	-0.061490	-0.240062	0.064802	0.047885	-2.782400	0.628894	0.505127	12.058364	0.201549	-0.152538	-3.947484	0.228717	1.121200	-0.641224	0.388080	0.148787
0.963858	0.010222	0.053440	-1.043800	-0.044432	0.013115	-0.140956	-0.056900	-0.049957	-0.260463	0.068715	0.049619	-3.450553	0.505157	0.039481	12.162765	0.187554	-0.128764	-3.156187	0.080437	1.153280	-2.040135	0.391329	0.173378
0.923967	0.014155	0.049465	-0.923697	-0.042709	0.012064	-0.164539	-0.057238	-0.038618	-0.295362	0.072592	0.051551	-3.989083	0.393345	-0.397588	12.010268	0.172363	-0.105093	-2.358280	-0.033764	1.133913	-3.489938	0.387652	0.193204
0.880207	0.017090	0.041736	-0.807838	-0.041141	0.011242	-0.180358	-0.058340	-0.027825	-0.344677	0.076385	0.053636	-4.375988	0.293480	-0.772879	11.585891	0.156795	-0.082168	-1.581889	-0.110198	1.079286	-4.931433	0.379357	0.208488
0.834306	0.019158	0.031157	-0.698997	-0.039727	0.010638	-0.188789	-0.059809	-0.017767	-0.407773	0.080074	0.055839	-4.590111	0.206804	-1.057911	10.884142	0.141332	-0.060428	-0.843104	-0.146915	1.005838	-6.309637	0.368849	0.220268
0.788155	0.020541	0.018831	-0.599863	-0.038466	0.010236	-0.190225	-0.061222	-0.008496	-0.483557	0.083655	0.058138	-4.615063	0.138300	-1.232530	9.913387	0.126148	-0.040160	-0.143631	-0.141328	0.927106	-7.578344	0.358066	0.229931
0.743707	0.021518	0.005957	-0.512871	-0.037354	0.010020	-0.184950	-0.062103	0.000049	-0.570583	0.087135	0.060524	-4.444816	0.097738	-1.287457	8.699254	0.111234	-0.021585	0.527557	-0.088021	0.854481	-8.702692	0.348067	0.238559
0.702827	0.022500	-0.006307	-0.440015	-0.036388	0.009971	-0.173061	-0.061897	0.008026	-0.667172	0.090524	0.062988	-4.088048	0.098187	-1.226360	7.285567	0.096561	-0.004900	1.188875	0.020522	0.797686	-9.658838	0.338917	0.246449
0.667139	0.024014	-0.016972	-0.382694	-0.035565	0.010070	-0.154465	-0.060006	0.015650	-0.771486	0.093823	0.065519	-3.568732	0.151345	-1.066479	5.732136	0.082261	0.009818	1.859542	0.189152	0.762417	-10.431434	0.329865	0.253052
0.637906	0.026621	-0.025322	-0.341592	-0.034878	0.010297	-0.128920	-0.055867	0.023129	-0.881593	0.097020	0.068091	-2.923319	0.260715	-0.835030	4.110165	0.068760	0.022775	2.554585	0.413854	0.747897	-11.010632	0.319694	0.257262
0.615938	0.030787	-0.030949	-0.316627	-0.034310	0.010642	-0.096098	-0.049087	0.030597	-0.995491	0.100091	0.070670	-2.196820	0.416563	-0.562695	2.496495	0.056795	0.034466	3.282125	0.678008	0.746867	-11.389840	0.307105	0.257842
0.601542	0.036755	-0.033743	-0.306952	-0.033837	0.011095	-0.055676	-0.039553	0.038072	-1.111138	0.103001	0.073207	-1.439569	0.596838	-0.279443	0.967459	0.047265	0.045306	4.042187	0.953399	0.747470	-11.564709	0.290954	0.253703
0.594485	0.044488	-0.033880	-0.311011	-0.033428	0.011647	-0.007415	-0.027499	0.045426	-1.226468	0.105703	0.075647	-0.705719	0.773284	-0.013643	-0.405865	0.040964	0.055156	4.826131	1.205460	0.735387	-11.532963	0.270279	0.243986
0.593942	0.053666	-0.031786	-0.326602	-0.033044	0.012279	0.048743	-0.013497	0.052380	-1.339411	0.108146	0.077927	-0.054321	0.917787	0.209421	-1.559105	0.038392	0.063231	5.615788	1.400123	0.695393	-11.294293	0.244266	0.228085
0.598428	0.063728	-0.028082	-0.350944	-0.032647	0.012964	0.112564	0.001600	0.058507	-1.447911	0.110269	0.079984	0.448627	1.006252	0.370306	-2.434177	0.039681	0.068505	6.382128	1.509795	0.612669	-10.850046	0.212323	0.205688
0.605756	0.073943	-0.023524	-0.380761	-0.032202	0.013668	0.183414	0.016773	0.063249	-1.549943	0.112012	0.081753	0.732756	1.021518	0.455809	-2.981685	0.044499	0.070391	7.085023	1.517299	0.474265	-10.203218	0.174229	0.176842
0.613105	0.083505	-0.018952	-0.412452	-0.031683	0.014362	0.260173	0.030949	0.065960	-1.643537	0.113314	0.083173	0.734918	0.956131	0.457256	-3.169105	0.051852	0.069455	7.675827	1.417563	0.271066	-9.359397	0.130220	0.141984
0.617270	0.091634	-0.015227	-0.442378	-0.031083	0.015037	0.341199	0.043122	0.065965	-1.726825	0.114124	0.084192	0.416494	0.812886	0.372516	-2.992580	0.060012	0.067421	8.102638	1.217245	0.000512	-8.328766	0.080990	0.101889
0.615050	0.097653	-0.013105	-0.467235	-0.030414	0.015697	0.424381	0.052445	0.062652	-1.798107	0.114400	0.084767	-0.221966	0.601907	0.212155	-2.485704	0.066897	0.066026	8.318160	0.932367	-0.331308	-7.128219	0.027601	0.057576
0.603703	0.101012	-0.013084	-0.484415	-0.029707	0.016354	0.507292	0.058286	0.055554	-1.855930	0.114113	0.084870	-1.134733	0.335909	0.002088	-1.718009	0.070741	0.065716	8.291178	0.584080	-0.709838	-5.782301	-0.028704	0.010227
0.581345	0.101282	-0.015301	-0.492233	-0.029002	0.017009	0.587472	0.060231	0.044416	-1.899154	0.113246	0.084481	-2.235823	0.027069	-0.221683	-0.781824	0.070492	0.065543	8.017969	0.194484	-1.113767	-4.322372	-0.086677	-0.038894
0.547199	0.098167	-0.019539	-0.489979	-0.028344	0.017652	0.662719	0.058087	0.029247	-1.926994	0.111795	0.083596	-3.414534	-0.311520	-0.423807	0.225357	0.065750	0.064220	7.524747	-0.214435	-1.516918	-2.784033	-0.145111	-0.088455
0.501632	0.091550	-0.025343	-0.477838	-0.027780	0.018264	0.731300	0.051894	0.010340	-1.939028	0.109768	0.082226	-4.556695	-0.661708	-0.580417	1.214152	0.056483	0.061183	6.858081	-0.619275	-1.890671	-1.203416	-0.202665	-0.136959
0.445997	0.081557	-0.032186	-0.456745	-0.027351	0.018832	0.792006	0.041946	-0.011736	-1.935168	0.107191	0.080400	-5.563518	-0.999299	-0.684280	2.109316	0.042839	0.056884	6.070550	-0.994781	-2.207555	0.386042	-0.257685	-0.182683
0.382373	0.068578	-0.039620	-0.428240	-0.027101	0.019357	0.844105	0.028785	-0.036188	-1.915618	0.104109	0.078162	-6.362366	-1.297878	-0.743393	2.850522	0.025071	0.052438	5.209877	-1.316111	-2.445294	1.954986	-0.308221	-0.223803
0.313285	0.053239	-0.047390	-0.394332	-0.027066	0.019847	0.887245	0.013163	-0.062086	-1.880838	0.100586	0.075575	-6.908860	-1.533915	-0.777030	3.390724	0.003488	0.049062	4.314074	-1.562188	-2.589765	3.477997	-0.352271	-0.258622
0.241442	0.036336	-0.055485	-0.357380	-0.027281	0.020325	0.921353	-0.004019	-0.088443	-1.831508	0.096705	0.072717	-7.184275	-1.690299	-0.809511	3.695250	-0.021556	0.047768	3.410732	-1.718215	-2.635696	4.933039	-0.388109	-0.285794
0.169514	0.018757	-0.064079	-0.319945	-0.027777	0.020819	0.946533	-0.021785	-0.114294	-1.768498	0.092560	0.069673	-7.192836	-1.757868	-0.859325	3.743472	-0.049587	0.049426	2.517997	-1.776624	-2.585139	6.300975	-0.414525	-0.304492
0.099928	0.001409	-0.073363	-0.284640	-0.028576	0.021368	0.962995	-0.039155	-0.138747	-1.692850	0.088251	0.066528	-6.958626	-1.734878	-0.928410	3.530504	-0.079869	0.054891	1.646242	-1.736910	-2.445291	7.564781	-0.430896	-0.314461
0.034736	-0.014844	-0.083360	-0.253990	-0.029689	0.022016	0.971001	-0.055206	-0.161018	-1.605768	0.083880	0.063368	-6.519111	-1.625258	-0.999751	3.065037	-0.111315	0.064796	0.800631	-1.605159	-2.227015	8.708171	-0.437143	-0.315977
-0.024428	-0.029216	-0.093806	-0.230344	-0.031114	0.022808	0.970849	-0.069140	-0.180460	-1.508628	0.079543	0.060271	-5.916420	-1.437229	-1.044584	2.364522	-0.142485	0.079144	-0.015258	-1.393414	-1.944220	9.713987	-0.433648	-0.309749
-0.076339	-0.041045	-0.104157	-0.215824	-0.032831	0.023778	0.962891	-0.080324	-0.196599	-1.402999	0.075331	0.057303	-5.191099	-1.182878	-1.035089	1.452025	-0.171680	0.097005	-0.795760	-1.118408	-1.613959	10.562927	-0.421166	-0.296791
-0.120149	-0.049826	-0.113722	-0.212259	-0.034802	0.024943	0.947583	-0.088320	-0.209166	-1.290668	0.071324	0.054520	-4.381010	-0.878107	-0.956527	0.356567	-0.197138	0.116509	-1.530842	-0.799580	-1.256706	11.233105	-0.400746	-0.278285
-0.155389	-0.055244	-0.121834	-0.221100	-0.036975	0.026295	0.925525	-0.092890	-0.218122	-1.173662	0.067587	0.051965	-3.524046	-0.541761	-0.811122	-0.884173	-0.217344	0.135251	-2.205745	-0.456961	-0.895521	11.700592	-0.373664	-0.255476
-0.181993	-0.057176	-0.127956	-0.243319	-0.039290	0.027806	0.897506	-0.093985	-0.223658	-1.054254	0.064174	0.049669	-2.660402	-0.193245	-0.612279	-2.221880	-0.231475	0.151055	-2.801956	-0.109555	-0.553623	11.940782	-0.341310	-0.229600
-0.200295	-0.055682	-0.131739	-0.279319	-0.041687	0.029432	0.864519	-0.091732	-0.226172	-0.934949	0.061123	0.047651	-1.830183	0.149434	-0.378304	-3.599981	-0.239734	0.162643	-3.298690	0.225316	-0.251418	11.930550	-0.305088	-0.201849
-0.210958	-0.050994	-0.133060	-0.328926	-0.044120	0.031130	0.827775	-0.086418	-0.226215	-0.818435	0.058460	0.045917	-1.066244	0.468806	-0.132064	-4.960695	-0.243283	0.169797	-3.674419	0.531427	-0.004254	11.651361	-0.266366	-0.173325
-0.214825	-0.043541	-0.132079	-0.391455	-0.046558	0.032861	0.788688	-0.078493	-0.224428	-0.707502	0.056195	0.044468	-0.386690	0.745232	0.098128	-6.252956	-0.243789	0.173089	-3.908666	0.792516	0.178610	11.093329	-0.226473	-0.144914
-0.212743	-0.033986	-0.129255	-0.465827	-0.048987	0.034595	0.748839	-0.068574	-0.221489	-0.604907	0.054328	0.043297	0.208184	0.955572	0.282345	-7.437201	-0.242839	0.173420	-3.984873	0.991897	0.293914	10.259542	-0.186717	-0.117152
-0.205408	-0.023233	-0.125292	-0.550688	-0.051401	0.036311	0.709897	-0.057438	-0.218048	-0.513215	0.052844	0.042394	0.733424	1.075213	0.396351	-8.486081	-0.241488	0.171610	-3.894209	1.113592	0.344095	9.169204	-0.148407	-0.090238
-0.193272	-0.012401	-0.121015	-0.644515	-0.053803	0.037993	0.673510	-0.045992	-0.214671	-0.434633	0.051715	0.041752	1.213594	1.083215	0.427702	-9.382650	-0.240112	0.168153	-3.638740	1.144609	0.337696	7.858170	-0.112828	-0.064227
-0.176509	-0.002716	-0.117236	-0.745692	-0.056188	0.039625	0.641185	-0.035214	-0.211776	-0.370864	0.050904	0.041360	1.676383	0.968570	0.377852	-10.117731	-0.238512	0.163188	-3.232470	1.077754	0.289509	6.376853	-0.081160	-0.039222
-0.155034	0.004631	-0.114633	-0.852566	-0.058549	0.041191	0.614182	-0.026068	-0.209596	-0.322995	0.050360	0.041206	2.147504	0.734661	0.260305	-10.687397	-0.236114	0.156606	-2.700265	0.914662	0.218011	4.786925	-0.054373	-0.015353
-0.128558	0.008631	-0.113671	-0.963476	-0.060871	0.042673	0.593423	-0.019394	-0.208184	-0.291417	0.050029	0.041280	2.647559	0.399996	0.096176	-11.090988	-0.232175	0.148180	-2.075930	0.667325	0.141251	3.157837	-0.033153	0.007392
-0.096655	0.008586	-0.114582	-1.076772	-0.063130	0.044049	0.579420	-0.015836	-0.207422	-0.275792	0.049850	0.041571	3.190300	-0.004497	-0.091040	-11.329620	-0.225970	0.137635	-1.400309	0.355835	0.076161	1.562447	-0.017904	0.029067
-0.058839	0.004188	-0.117375	-1.190821	-0.065300	0.045296	0.572230	-0.015797	-0.207012	-0.275080	0.049761	0.042064	3.781587	-0.439795	-0.279285	-11.404895	-0.216928	0.124712	-0.718949	0.003920	0.041006	0.071239	-0.008833	0.049316
-0.014649	-0.004446	-0.121868	-1.304000	-0.067347	0.046389	0.571439	-0.019432	-0.206469	-0.287610	0.049701	0.042734	4.418973	-0.863425	-0.449294	-11.317866	-0.204695	0.109236	-0.079170	-0.363551	0.054280	-1.253059	-0.006065	0.066947
0.036268	-0.016788	-0.127713	-1.414686	-0.069238	0.047300	0.576158	-0.026628	-0.205204	-0.311184	0.049605	0.043534	5.091789	-1.234174	-0.584539	-11.068591	-0.189111	0.091139	0.471874	-0.719573	0.126500	-2.357381	-0.009564	0.080057
0.094080	-0.031953	-0.134423	-1.521249	-0.070939	0.048004	0.585029	-0.036958	-0.202702	-0.343150	0.049417	0.044402	5.781111	-1.516518	-0.670952	-10.656361	-0.170120	0.070397	0.887147	-1.032960	0.250261	-3.196600	-0.018817	0.086802
0.158676	-0.048796	-0.141389	-1.622053	-0.072416	0.048474	0.596228	-0.049663	-0.198697	-0.380475	0.049092	0.045266	6.459620	-1.684316	-0.696654	-10.080382	-0.147721	0.047001	1.119925	-1.270540	0.400462	-3.732487	-0.032489	0.086385
0.229595	-0.066031	-0.147911	-1.715461	-0.073636	0.048684	0.607509	-0.063720	-0.193213	-0.419855	0.048609	0.046062	7.091936	-1.723488	-0.652208	-9.340773	-0.122043	0.021045	1.128031	-1.405679	0.548390	-3.937953	-0.048325	0.079624
0.305953	-0.082361	-0.153233	-1.799861	-0.074570	0.048613	0.616340	-0.077985	-0.186461	-0.457916	0.047975	0.046749	7.635832	-1.633015	-0.532228	-8.440057	-0.093383	-0.007181	0.883166	-1.426548	0.675251	-3.806161	-0.063406	0.068697
0.386407	-0.096599	-0.156613	-1.873712	-0.075191	0.048240	0.620152	-0.091354	-0.178745	-0.491502	0.047228	0.047311	8.045369	-1.423734	-0.337958	-7.385058	-0.062117	-0.037224	0.381223	-1.336888	0.771561	-3.358609	-0.074678	0.056196
0.469187	-0.107754	-0.157403	-1.935596	-0.075478	0.047555	0.616628	-0.102861	-0.170460	-0.517957	0.046432	0.047752	8.278007	-1.115517	-0.078970	-6.188448	-0.028624	-0.068518	-0.352462	-1.150725	0.828525	-2.645492	-0.079590	0.044120
0.552237	-0.115098	-0.155125	-1.984290	-0.075411	0.046552	0.603974	-0.111741	-0.162105	-0.535329	0.045667	0.048087	8.304997	-0.734366	0.227763	-4.869323	0.006666	-0.100331	-1.265359	-0.887979	0.835485	-1.737197	-0.076458	0.033467
0.633433	-0.118205	-0.149511	-2.018817	-0.074979	0.045235	0.581118	-0.117481	-0.154248	-0.542451	0.045023	0.048333	8.119576	-0.310745	0.561412	-3.452788	0.043178	-0.131703	-2.285635	-0.574016	0.785695	-0.712201	-0.064417	0.024581
0.710808	-0.116985	-0.140504	-2.038502	-0.074178	0.043620	0.547790	-0.119877	-0.147426	-0.538926	0.044591	0.048511	7.737479	0.121977	0.900673	-1.968436	0.080150	-0.161473	-3.332823	-0.239581	0.682147	0.352512	-0.043228	0.017804
0.782703	-0.111673	-0.128261	-2.042979	-0.073012	0.041737	0.504504	-0.119052	-0.142045	-0.525068	0.044459	0.048649	7.189492	0.531191	1.224351	-0.447686	0.116586	-0.188352	-4.328539	0.082559	0.538107	1.385852	-0.013177	0.013804
0.847813	-0.102773	-0.113148	-2.032188	-0.071499	0.039626	0.452458	-0.115422	-0.138295	-0.501839	0.044709	0.048782	6.511014	0.889996	1.511316	1.079042	0.151250	-0.211020	-5.204672	0.362960	0.375034	2.322906	0.024947	0.013356
0.905159	-0.090968	-0.095719	-2.006349	-0.069671	0.037343	0.393379	-0.109624	-0.136082	-0.470794	0.045407	0.048952	5.734636	1.180537	1.742808	2.583943	0.182820	-0.228308	-5.907888	0.579802	0.221343	3.104462	0.069845	0.016927
0.954034	-0.077022	-0.076674	-1.965926	-0.067570	0.034949	0.329361	-0.102411	-0.134989	-0.434005	0.046604	0.049197	4.887500	1.394629	1.904543	4.042271	0.210111	-0.239408	-6.401744	0.721303	0.109239	3.678918	0.119671	0.024524
0.993948	-0.061700	-0.056812	-1.911603	-0.065248	0.032509	0.262683	-0.094550	-0.134312	-0.393940	0.048324	0.049556	3.991358	1.532179	1.986242	5.432267	0.232247	-0.244016	-6.667842	0.786094	0.067675	4.006428	0.172026	0.035858
1.024585	-0.045718	-0.037003	-1.844256	-0.062760	0.030085	0.195630	-0.086737	-0.133169	-0.353316	0.050565	0.050062	3.063724	1.598163	1.980871	6.734750	0.248726	-0.242360	-6.705253	0.781271	0.114378	4.062405	0.224098	0.050596
1.045782	-0.029720	-0.018149	-1.764933	-0.060166	0.027734	0.130358	-0.079543	-0.130673	-0.314936	0.053295	0.050746	2.119683	1.599843	1.885395	7.932331	0.259428	-0.235135	-6.527261	0.719462	0.249518	3.838069	0.272980	0.068433
1.057521	-0.014260	-0.001130	-1.674847	-0.057520	0.025501	0.068798	-0.073376	-0.126135	-0.281558	0.056455	0.051635	1.173903	1.545973	1.701924	9.008537	0.264620	-0.223352	-6.156016	0.616707	0.453825	3.337786	0.315999	0.088897
1.059943	0.000214	0.013253	-1.575376	-0.054871	0.023420	0.012628	-0.068464	-0.119196	-0.255805	0.059964	0.052746	0.242187	1.447422	1.438232	9.947111	0.264884	-0.208102	-5.616980	0.491197	0.693929	2.575254	0.350940	0.111067
1.053363	0.013384	0.024333	-1.468063	-0.052261	0.021516	-0.036734	-0.064845	-0.109865	-0.240087	0.063726	0.054081	-0.657983	1.316988	1.108077	10.731295	0.260984	-0.190329	-4.936199	0.361873	0.933120	1.571842	0.376179	0.133507
1.038285	0.025061	0.031652	-1.354634	-0.049724	0.019809	-0.078152	-0.062379	-0.098441	-0.236507	0.067634	0.055625	-1.507818	1.167689	0.731855	11.342968	0.253707	-0.170709	-4.141792	0.246597	1.142423	0.358002	0.390827	0.154442
1.015407	0.035167	0.035019	-1.237013	-0.047287	0.018313	-0.110824	-0.060777	-0.085370	-0.246752	0.071583	0.057346	-2.287784	1.010620	0.336674	11.762048	0.243739	-0.149652	-3.267155	0.160213	1.307090	-1.024485	0.394871	0.172060
0.985630	0.043700	0.034563	-1.117347	-0.044971	0.017039	-0.134345	-0.059653	-0.071113	-0.271970	0.075476	0.059195	-2.977677	0.853295	-0.045583	11.966640	0.231605	-0.127402	-2.352126	0.112400	1.425638	-2.521872	0.389306	0.184952
0.950068	0.050692	0.030741	-0.998004	-0.042794	0.015996	-0.148744	-0.058597	-0.056084	-0.312679	0.079237	0.061121	-3.556214	0.699171	-0.382234	11.934287	0.217647	-0.104209	-1.439917	0.105562	1.502942	-4.070884	0.376141	0.192585
0.910061	0.056182	0.024295	-0.881557	-0.040774	0.015192	-0.154445	-0.057252	-0.040652	-0.368724	0.082819	0.063076	-4.000735	0.549052	-0.644544	11.644658	0.201998	-0.080455	-0.570034	0.134533	1.543184	-5.604451	0.358142	0.195520
0.867179	0.060225	0.016176	-0.770721	-0.038928	0.014625	-0.152146	-0.055355	-0.025172	-0.439315	0.086201	0.065029	-4.288189	0.404280	-0.811911	11.083617	0.184618	-0.056718	0.229881	0.189714	1.547961	-7.059075	0.338264	0.195245
0.823194	0.062931	0.007427	-0.668240	-0.037274	0.014286	-0.142651	-0.052727	-0.009977	-0.523129	0.089391	0.066965	-4.398450	0.270555	-0.874867	10.248097	0.165402	-0.033834	0.949484	0.262810	1.519541	-8.381438	0.318976	0.193658
0.779998	0.064537	-0.000940	-0.576732	-0.035830	0.014157	-0.126690	-0.049208	0.004669	-0.618452	0.092409	0.068889	-4.319659	0.160588	-0.836688	9.150776	0.144373	-0.012927	1.596066	0.351892	1.464549	-9.532258	0.301737	0.192333
0.739461	0.065469	-0.008074	-0.498498	-0.034611	0.014204	-0.104792	-0.044586	0.018604	-0.723316	0.095277	0.070808	-4.053631	0.093202	-0.713430	7.823428	0.121896	0.004710	2.189833	0.462218	1.393517	-10.486411	0.286791	0.191932
0.703272	0.066343	-0.013391	-0.435319	-0.033623	0.014385	-0.077227	-0.038568	0.031767	-0.835617	0.098010	0.072728	-3.618886	0.087398	-0.531712	6.317858	0.098874	0.018032	2.756509	0.601767	1.316321	-11.230151	0.273311	0.192052
0.672773	0.067875	-0.016624	-0.388283	-0.032855	0.014652	-0.044022	-0.030829	0.044144	-0.953191	0.100608	0.074643	-3.049911	0.153246	-0.323308	4.703654	0.076763	0.026788	3.320431	0.773920	1.237714	-11.757391	0.259803	0.191491
0.648840	0.070720	-0.017799	-0.357655	-0.032282	0.014970	-0.005024	-0.021114	0.055706	-1.073856	0.103054	0.076530	-2.393355	0.284486	-0.117488	3.062784	0.057294	0.031802	3.899859	0.971420	1.156145	-12.066530	0.244615	0.188702
0.631809	0.075300	-0.017159	-0.342836	-0.031862	0.015317	0.040020	-0.009367	0.066359	-1.195440	0.105317	0.078352	-1.703031	0.458012	0.063968	1.481941	0.041971	0.034653	4.504360	1.174733	1.065340	-12.158347	0.226287	0.182182
0.621453	0.081713	-0.015106	-0.342391	-0.031546	0.015686	0.091354	0.004188	0.075924	-1.315789	0.107353	0.080059	-1.035648	0.641348	0.205323	0.044492	0.031648	0.036899	5.133409	1.355544	0.956502	-12.034887	0.203670	0.170706
0.616960	0.089736	-0.012166	-0.354142	-0.031282	0.016080	0.149109	0.019023	0.084124	-1.432779	0.109112	0.081593	-0.449259	0.802205	0.293993	-1.175106	0.026393	0.039365	5.775480	1.483465	0.820006	-11.699039	0.175910	0.153408
0.616919	0.098871	-0.008945	-0.375277	-0.031026	0.016500	0.213184	0.034350	0.090592	-1.544324	0.110537	0.082891	-0.004105	0.913589	0.322135	-2.113510	0.025643	0.041996	6.407521	1.532675	0.646777	-11.154484	0.142449	0.129808
0.619310	0.108425	-0.006055	-0.402483	-0.030742	0.016944	0.283141	0.049212	0.094890	-1.648385	0.111568	0.083890	0.239082	0.955407	0.288976	-2.720626	0.028369	0.044392	6.995726	1.486220	0.429820	-10.406072	0.103077	0.099849
0.621590	0.117585	-0.004057	-0.432138	-0.030411	0.017410	0.358127	0.062591	0.096550	-1.742995	0.112148	0.084529	0.227998	0.915981	0.199826	-2.965521	0.033075	0.046650	7.498558	1.337950	0.166053	-9.460998	0.058015	0.063932
0.620918	0.125513	-0.003394	-0.460593	-0.030033	0.017907	0.436842	0.073521	0.095133	-1.826304	0.112228	0.084758	-0.067261	0.792765	0.066266	-2.845455	0.037836	0.049666	7.871558	1.092909	-0.141761	-8.330906	0.007981	0.022894
0.614495	0.131423	-0.004300	-0.484521	-0.029626	0.018451	0.517577	0.081185	0.090297	-1.896644	0.111769	0.084537	-0.642227	0.591015	-0.090577	-2.392803	0.040667	0.054444	8.073478	0.766415	-0.483565	-7.034080	-0.045873	-0.022139
0.599960	0.134634	-0.006693	-0.501258	-0.029225	0.019062	0.598324	0.084995	0.081881	-1.952608	0.110747	0.083837	-1.453490	0.321132	-0.239294	-1.673685	0.040084	0.061096	8.074663	0.381004	-0.841605	-5.596308	-0.102161	-0.069929
0.575728	0.134597	-0.010136	-0.509026	-0.028871	0.019748	0.676987	0.084610	0.069964	-1.993104	0.109153	0.082646	-2.423204	-0.003755	-0.344300	-0.776829	0.035373	0.068628	7.866380	-0.038453	-1.191739	-4.049637	-0.159439	-0.119164
0.541206	0.130924	-0.013915	-0.507006	-0.028607	0.020505	0.751635	0.079931	0.054892	-2.017398	0.106991	0.080963	-3.452216	-0.367239	-0.377871	0.202011	0.026406	0.075621	7.464796	-0.467963	-1.507214	-2.429437	-0.216194	-0.168287
0.496816	0.123459	-0.017232	-0.495275	-0.028474	0.021315	0.820683	0.071095	0.037252	-2.025108	0.104284	0.078810	-4.439033	-0.746500	-0.331754	1.173104	0.013327	0.081060	6.904784	-0.883546	-1.763928	-0.770968	-0.270683	-0.215299
0.443831	0.112344	-0.019444	-0.474673	-0.028510	0.022163	0.882954	0.058502	0.017801	-2.016177	0.101075	0.076232	-5.298443	-1.111519	-0.221193	2.060229	-0.003611	0.084754	6.227068	-1.259258	-1.945127	0.893127	-0.320891	-0.257821
0.384106	0.098049	-0.020253	-0.446645	-0.028751	0.023035	0.937624	0.042817	-0.002644	-1.990839	0.097428	0.073297	-5.972581	-1.429526	-0.080926	2.802784	-0.024061	0.087244	5.467001	-1.568530	-2.044526	2.533755	-0.364760	-0.293475
0.319792	0.081323	-0.019819	-0.413106	-0.029227	0.023929	0.984122	0.024923	-0.023312	-1.949588	0.093423	0.070094	-6.431331	-1.672587	0.043407	3.353851	-0.047572	0.089405	4.649757	-1.789373	-2.066826	4.125083	-0.400507	-0.320306
0.253131	0.063082	-0.018760	-0.376331	-0.029962	0.024850	1.022033	0.005826	-0.043564	-1.893150	0.089154	0.066724	-6.666171	-1.824125	0.105945	3.677518	-0.073568	0.092059	3.791124	-1.909784	-2.025148	5.643801	-0.426830	-0.337010
0.186286	0.044276	-0.018039	-0.338839	-0.030976	0.025809	1.051042	-0.013465	-0.062933	-1.822467	0.084725	0.063294	-6.684459	-1.880612	0.072027	3.749214	-0.101348	0.095930	2.900878	-1.929021	-1.936925	7.068362	-0.442959	-0.343019
0.121222	0.025797	-0.018747	-0.303253	-0.032277	0.026827	1.070907	-0.032006	-0.081130	-1.738686	0.080238	0.059909	-6.506431	-1.847879	-0.070776	3.558617	-0.130087	0.101838	1.986557	-1.854178	-1.819728	8.378037	-0.448653	-0.338491
0.059606	0.008440	-0.021811	-0.272150	-0.033865	0.027934	1.081478	-0.048967	-0.098006	-1.643170	0.075797	0.056666	-6.161561	-1.735660	-0.306371	3.110284	-0.158831	0.110663	1.057058	-1.696055	-1.687565	9.551594	-0.444152	-0.324262
0.002786	-0.007105	-0.027750	-0.247954	-0.035730	0.029163	1.082736	-0.063644	-0.113492	-1.537511	0.071496	0.053649	-5.681960	-1.554529	-0.593940	2.419550	-0.186480	0.122869	0.125852	-1.467721	-1.548558	10.565974	-0.430086	-0.301709
-0.048175	-0.020264	-0.036557	-0.232877	-0.037848	0.030543	1.074865	-0.075492	-0.127544	-1.423554	0.067422	0.050923	-5.096106	-1.315933	-0.880710	1.507733	-0.211817	0.138040	-0.787105	-1.184784	-1.405210	11.395674	-0.407390	-0.272558
-0.092448	-0.030599	-0.047730	-0.228865	-0.040184	0.032092	1.058307	-0.084142	-0.140118	-1.303421	0.063650	0.048537	-4.427303	-1.033439	-1.117284	0.401171	-0.233616	0.154834	-1.655840	-0.865051	-1.257412	12.013317	-0.377204	-0.238670
-0.129417	-0.037832	-0.060420	-0.237529	-0.042692	0.033804	1.033799	-0.089415	-0.151178	-1.179509	0.060242	0.046517	-3.696953	-0.723371	-1.269011	-0.866328	-0.250789	0.171286	-2.450826	-0.527300	-1.106053	12.391168	-0.340813	-0.201925
-0.158706	-0.041871	-0.073613	-0.260035	-0.045318	0.035658	1.002380	-0.091317	-0.160727	-1.054476	0.057246	0.044876	-2.928842	-0.403877	-1.319281	-2.250630	-0.262583	0.185329	-3.141842	-0.190111	-0.954847	12.503313	-0.299619	-0.164164
-0.180204	-0.042801	-0.086288	-0.297008	-0.048006	0.037612	0.965380	-0.090029	-0.168827	-0.931191	0.054695	0.043605	-2.149849	-0.092956	-1.267459	-3.697283	-0.268856	0.195393	-3.700004	0.128763	-0.810062	12.328490	-0.255047	-0.127087
-0.194058	-0.040876	-0.097564	-0.348469	-0.050709	0.039620	0.924390	-0.085904	-0.175619	-0.812655	0.052610	0.042684	-1.385350	0.192476	-1.127595	-5.146162	-0.270224	0.200814	-4.099003	0.412473	-0.679136	11.853573	-0.208463	-0.092071
-0.200583	-0.036522	-0.106843	-0.413859	-0.053387	0.041638	0.881223	-0.079457	-0.181309	-0.701880	0.050999	0.042084	-0.652553	0.435380	-0.927898	-6.538913	-0.267875	0.201814	-4.316751	0.644750	-0.569005	11.077550	-0.161165	-0.059976
-0.200152	-0.030353	-0.113908	-0.492113	-0.056018	0.043629	0.837836	-0.071360	-0.186155	-0.601726	0.049854	0.041774	0.043142	0.616938	-0.706478	-7.825433	-0.263111	0.199131	-4.338681	0.809685	-0.484654	10.015398	-0.114471	-0.031096
-0.193085	-0.023182	-0.118937	-0.581783	-0.058588	0.045565	0.796215	-0.062437	-0.190433	-0.514722	0.049156	0.041721	0.706700	0.717106	-0.502985	-8.967011	-0.256927	0.193551	-4.162072	0.892328	-0.427766	8.700380	-0.069772	-0.005277
-0.179595	-0.015997	-0.122437	-0.681147	-0.061086	0.047421	0.758226	-0.053633	-0.194382	-0.442888	0.048871	0.041899	1.348987	0.718473	-0.349967	-9.936420	-0.249863	0.185591	-3.798890	0.880398	-0.394884	7.183372	-0.028519	0.017828
-0.159770	-0.009876	-0.125108	-0.788312	-0.063507	0.049175	0.725469	-0.045958	-0.198145	-0.387592	0.048949	0.042284	1.982529	0.612127	-0.267056	-10.716465	-0.242062	0.175431	-3.275669	0.767444	-0.376337	5.529622	0.007816	0.038539
-0.133581	-0.005848	-0.127696	-0.901292	-0.065841	0.050805	0.699155	-0.040387	-0.201727	-0.349446	0.049326	0.042855	2.618819	0.402811	-0.258833	-11.298026	-0.233362	0.163003	-2.631468	0.557169	-0.358219	3.814639	0.037712	0.057021
-0.100916	-0.004741	-0.130859	-1.018072	-0.068074	0.052286	0.680000	-0.037723	-0.204991	-0.328249	0.049922	0.043586	3.266531	0.110671	-0.316344	-11.678010	-0.223346	0.148104	-1.915502	0.266317	-0.326306	2.119709	0.059546	0.073123
-0.061615	-0.007053	-0.135071	-1.136646	-0.070188	0.053591	0.668158	-0.038496	-0.207672	-0.322985	0.050639	0.044447	3.930059	-0.231246	-0.421184	-11.857335	-0.211427	0.130522	-1.184194	-0.077286	-0.268130	0.526336	0.071714	0.086123
-0.015531	-0.012880	-0.140571	-1.255036	-0.072158	0.054693	0.663186	-0.042894	-0.209415	-0.331881	0.051369	0.045394	4.608480	-0.582629	-0.549944	-11.839080	-0.197001	0.110156	-0.497177	-0.439808	-0.174316	-0.889545	0.073035	0.094664
0.037415	-0.021905	-0.147345	-1.371307	-0.073954	0.055564	0.664048	-0.050737	-0.209848	-0.352493	0.052002	0.046365	5.294575	-0.902563	-0.677451	-11.627078	-0.179578	0.087077	0.086191	-0.784242	-0.043295	-2.061239	0.063265	0.097166
0.097148	-0.033458	-0.155131	-1.483559	-0.075542	0.056178	0.669137	-0.061458	-0.208697	-0.381826	0.052437	0.047292	5.973325	-1.155265	-0.778566	-11.225191	-0.158840	0.061488	0.508925	-1.072156	0.115126	-2.933334	0.043505	0.092617
0.163354	-0.046602	-0.163425	-1.589933	-0.076889	0.056515	0.676334	-0.074157	-0.205848	-0.416481	0.052600	0.048104	6.620548	-1.314380	-0.829464	-10.637425	-0.134633	0.033690	0.719657	-1.269832	0.284916	-3.465506	0.016240	0.081222
0.235387	-0.060261	-0.171528	-1.688624	-0.077958	0.056556	0.683137	-0.087720	-0.201322	-0.452877	0.052450	0.048749	7.203276	-1.365927	-0.810258	-9.869106	-0.106951	0.004035	0.680340	-1.356333	0.452541	-3.639537	-0.014994	0.064550
0.312218	-0.073351	-0.178616	-1.777915	-0.078717	0.056284	0.686910	-0.100980	-0.195240	-0.487542	0.051988	0.049200	7.683166	-1.308962	-0.708841	-8.929027	-0.075914	-0.027152	0.377322	-1.326030	0.608240	-3.466488	-0.046194	0.045058
0.392456	-0.084888	-0.183847	-1.856229	-0.079135	0.055688	0.685202	-0.112832	-0.187831	-0.517424	0.051252	0.049452	8.023745	-1.153751	-0.523035	-7.831463	-0.041722	-0.059657	-0.170824	-1.185150	0.740904	-2.988190	-0.073561	0.025196
0.474452	-0.094078	-0.186445	-1.922195	-0.079181	0.054755	0.676050	-0.122314	-0.179465	-0.540120	0.050312	0.049519	8.199580	-0.919030	-0.259836	-6.596624	-0.004642	-0.093278	-0.915173	-0.948235	0.836578	-2.269606	-0.094023	0.006694
0.556465	-0.100370	-0.185781	-1.974688	-0.078832	0.053479	0.658173	-0.128686	-0.170632	-0.553979	0.049258	0.049424	8.201359	-0.629170	0.066422	-5.249237	0.034899	-0.127573	-1.787731	-0.637173	0.883247	-1.385967	-0.105394	-0.009516
0.636803	-0.103480	-0.181423	-2.012852	-0.078070	0.051862	0.631018	-0.131489	-0.161872	-0.558099	0.048196	0.049195	8.033748	-0.310966	0.435752	-3.816455	0.076213	-0.161684	-2.715499	-0.280302	0.876006	-0.411999	-0.106235	-0.022858
0.713906	-0.103384	-0.173180	-2.036114	-0.076887	0.049918	0.594714	-0.130586	-0.153686	-0.552265	0.047238	0.048869	7.710309	0.009549	0.824373	-2.326202	0.118300	-0.194389	-3.630431	0.090320	0.818665	0.583457	-0.095725	-0.032611
0.786400	-0.100289	-0.161108	-2.044173	-0.075289	0.047676	0.549974	-0.126162	-0.146453	-0.536882	0.046502	0.048491	7.249392	0.309486	1.207141	-0.805903	0.159848	-0.224240	-4.473930	0.442345	0.723284	1.538301	-0.073626	-0.037810
0.853106	-0.094583	-0.145506	-2.036989	-0.073295	0.045178	0.497990	-0.118701	-0.140361	-0.512924	0.046098	0.048115	6.670645	0.570666	1.560201	0.718476	0.199317	-0.249760	-5.198434	0.746080	0.609237	2.395792	-0.040358	-0.037629
0.913028	-0.086777	-0.126880	-2.014760	-0.070944	0.042481	0.440307	-0.108926	-0.135357	-0.481882	0.046128	0.047797	5.992237	0.780616	1.862667	2.222912	0.235117	-0.269684	-5.768272	0.977570	0.500319	3.104168	0.002920	-0.031757
0.965327	-0.077447	-0.105911	-1.977905	-0.068286	0.039650	0.378699	-0.097711	-0.131157	-0.445689	0.046671	0.047593	5.229852	0.932913	2.096822	3.685446	0.265797	-0.283134	-6.160843	1.121514	0.420075	3.619279	0.054287	-0.020389
1.009300	-0.067181	-0.083437	-1.927044	-0.065385	0.036753	0.315020	-0.085985	-0.127286	-0.406599	0.047782	0.047553	4.397289	1.026667	2.247462	5.086141	0.290163	-0.289702	-6.367873	1.172538	0.387060	3.908992	0.111139	-0.003980
1.044380	-0.056529	-0.060424	-1.862976	-0.062311	0.033858	0.251071	-0.074640	-0.123193	-0.367036	0.049485	0.047723	3.508034	1.065218	2.301257	6.406800	0.307383	-0.289491	-6.394904	1.134551	0.409286	3.956307	0.170322	0.016999
1.070152	-0.045980	-0.037951	-1.786672	-0.059139	0.031027	0.188496	-0.064450	-0.118392	-0.329449	0.051769	0.048144	2.577168	1.054862	2.247276	7.630359	0.317124	-0.283121	-6.257567	1.018973	0.480089	3.758736	0.228408	0.042063
1.086377	-0.035936	-0.017157	-1.699269	-0.055943	0.028311	0.128739	-0.056023	-0.112581	-0.296208	0.054590	0.048848	1.622560	1.004408	2.079477	8.740272	0.319627	-0.271642	-5.975685	0.842690	0.581169	3.324066	0.282064	0.070410
1.093024	-0.026686	0.000843	-1.602068	-0.052787	0.025748	0.073055	-0.049759	-0.105667	-0.269551	0.057873	0.049854	0.664604	0.925008	1.799922	9.720166	0.315610	-0.256273	-5.568401	0.626433	0.691321	2.665741	0.328319	0.100578
1.090272	-0.018394	0.015049	-1.496533	-0.049727	0.023367	0.022522	-0.045825	-0.097729	-0.251536	0.061520	0.051158	-0.275135	0.829215	1.420690	10.553453	0.306062	-0.238123	-5.053296	0.393368	0.793849	1.801508	0.364690	0.130410
1.078519	-0.011101	0.024688	-1.384307	-0.046806	0.021186	-0.021972	-0.044155	-0.088929	-0.243981	0.065414	0.052732	-1.175334	0.729268	0.963839	11.222653	0.292075	-0.218014	-4.449330	0.167012	0.879967	0.755444	0.389371	0.157379
1.058363	-0.004749	0.029287	-1.267219	-0.044058	0.019222	-0.059777	-0.044471	-0.079446	-0.248375	0.069429	0.054523	-2.015602	0.635192	0.459867	11.708754	0.274730	-0.196442	-3.780511	-0.031564	0.948340	-0.439383	0.401570	0.179137
1.030602	0.000783	0.028739	-1.147308	-0.041508	0.017486	-0.090545	-0.046336	-0.069433	-0.265775	0.073448	0.056465	-2.776078	0.553194	-0.054790	11.991079	0.255008	-0.173630	-3.076846	-0.186592	1.001301	-1.739993	0.401862	0.194172
0.996240	0.005632	0.023326	-1.026828	-0.039171	0.015989	-0.114254	-0.049234	-0.059030	-0.296730	0.077371	0.058488	-3.436153	0.484926	-0.541219	12.047999	0.233709	-0.149682	-2.370890	-0.289781	1.040251	-3.095482	0.392315	0.202336
0.956510	0.009915	0.013705	-0.908241	-0.037058	0.014742	-0.131161	-0.052640	-0.048391	-0.341250	0.081133	0.060537	-3.973047	0.428249	-0.962187	11.858774	0.211357	-0.124735	-1.690733	-0.340575	1.063936	-4.451974	0.376147	0.204896
0.912896	0.013711	0.000844	-0.794175	-0.035176	0.013751	-0.141687	-0.056075	-0.037680	-0.398840	0.084702	0.062578	-4.361418	0.379677	-1.286056	11.406570	0.188176	-0.099100	-1.052513	-0.343513	1.071086	-5.758991	0.356949	0.204050
0.867141	0.017090	-0.014055	-0.687349	-0.033534	0.013017	-0.146249	-0.059114	-0.027038	-0.468585	0.088081	0.064600	-4.575440	0.337855	-1.489896	10.682589	0.164156	-0.073366	-0.456200	-0.303853	1.064217	-6.974525	0.337850	0.202222
0.821201	0.020157	-0.029671	-0.590438	-0.032142	0.012533	-0.145116	-0.061354	-0.016535	-0.549255	0.091290	0.066614	-4.594092	0.306689	-1.561626	9.691116	0.139203	-0.048418	0.113288	-0.224033	1.050332	-8.067059	0.320991	0.201446
0.777115	0.023119	-0.044680	-0.505893	-0.031009	0.012280	-0.138313	-0.062380	-0.006154	-0.639405	0.094364	0.068643	-4.408575	0.296249	-1.500872	8.454513	0.113322	-0.025308	0.680298	-0.102612	1.038051	-9.014914	0.307324	0.202880
0.736829	0.026319	-0.057867	-0.435733	-0.030141	0.012230	-0.125608	-0.061742	0.004182	-0.737445	0.097330	0.070708	-4.028530	0.319960	-1.318737	7.015980	0.086845	-0.004978	1.270441	0.063778	1.033581	-9.804071	0.296648	0.206520
0.701994	0.030203	-0.068231	-0.381350	-0.029535	0.012351	-0.106574	-0.058983	0.014560	-0.841699	0.100209	0.072821	-3.483520	0.388408	-1.036393	5.438261	0.060574	0.012110	1.903454	0.275950	1.037802	-10.425377	0.287876	0.211294
0.673802	0.035230	-0.075048	-0.343367	-0.029178	0.012614	-0.080680	-0.053709	0.025017	-0.950420	0.103003	0.074976	-2.819211	0.502736	-0.681651	3.798326	0.035734	0.026263	2.589351	0.527374	1.045670	-10.872107	0.279447	0.215484
0.652898	0.041752	-0.077902	-0.321576	-0.029040	0.012998	-0.047400	-0.045691	0.035493	-1.061807	0.105700	0.077148	-2.090421	0.652202	-0.285475	2.179142	0.013722	0.038412	3.328036	0.801762	1.047650	-11.138672	0.269686	0.217173
0.639359	0.049930	-0.076721	-0.314973	-0.029082	0.013492	-0.006294	-0.034951	0.045811	-1.174010	0.108270	0.079293	-1.353865	0.817809	0.118188	0.660308	-0.004199	0.049436	4.110618	1.074055	1.031818	-11.220302	0.257014	0.214528
0.632724	0.059713	-0.071805	-0.321864	-0.029253	0.014087	0.042913	-0.021809	0.055666	-1.285140	0.110670	0.081353	-0.663524	0.978223	0.491565	-0.689111	-0.017073	0.059453	4.920646	1.314166	0.985518	-11.113010	0.239996	0.205953
0.632016	0.070841	-0.063835	-0.339987	-0.029496	0.014764	0.100258	-0.006888	0.064631	-1.393276	0.112844	0.083255	-0.070803	1.112821	0.797001	-1.812315	-0.024327	0.067698	5.734564	1.492109	0.896435	-10.813569	0.217410	0.190237
0.635736	0.082858	-0.053784	-0.366606	-0.029755	0.015495	0.165474	0.008941	0.072165	-1.496473	0.114729	0.084922	0.372040	1.201668	1.005045	-2.661872	-0.025812	0.073091	6.521597	1.582896	0.753419	-10.319771	0.188434	0.166708
0.641848	0.095121	-0.042790	-0.398583	-0.029973	0.016245	0.237915	0.024642	0.077640	-1.592786	0.116257	0.086275	0.611117	1.226371	1.099493	-3.197752	-0.021890	0.075038	7.244013	1.570112	0.547470	-9.631289	0.152830	0.135330
0.647827	0.106860	-0.032028	-0.432498	-0.030110	0.016986	0.316503	0.039124	0.080375	-1.680299	0.117367	0.087242	0.597912	1.173918	1.076180	-3.391490	-0.013610	0.074084	7.858818	1.448190	0.273539	-8.751275	0.110949	0.096672
0.650849	0.117267	-0.022620	-0.464859	-0.030138	0.017705	0.399712	0.051359	0.079704	-1.757184	0.118003	0.087760	0.302254	1.040634	0.940747	-3.236059	-0.002806	0.071966	8.320961	1.223558	-0.067086	-7.688486	0.063605	0.051798
0.648093	0.125590	-0.015516	-0.492416	-0.030056	0.018413	0.485593	0.060500	0.075047	-1.821776	0.118122	0.087782	-0.275657	0.832364	0.710460	-2.755762	0.008194	0.070716	8.588083	0.914045	-0.465722	-6.459210	0.011965	0.002159
0.637099	0.131196	-0.011342	-0.512507	-0.029883	0.019125	0.571875	0.065957	0.065979	-1.872655	0.117697	0.087276	-1.099400	0.560554	0.417371	-2.009044	0.017259	0.071274	8.628154	0.545728	-0.906821	-5.087934	-0.042567	-0.050522
0.616113	0.133576	-0.010282	-0.523310	-0.029653	0.019854	0.656167	0.067435	0.052296	-1.908716	0.116712	0.086233	-2.098543	0.238042	0.106033	-1.080381	0.023039	0.072913	8.429191	0.147791	-1.368268	-3.606016	-0.098442	-0.104296
0.584317	0.132366	-0.012056	-0.523956	-0.029403	0.020595	0.736212	0.064915	0.034078	-1.929202	0.115172	0.084664	-3.179578	-0.121083	-0.177436	-0.064543	0.024964	0.074060	8.004587	-0.251976	-1.821756	-2.048690	-0.153989	-0.156952
0.541883	0.127383	-0.016058	-0.514472	-0.029174	0.021332	0.810095	0.058625	0.011721	-1.933718	0.113099	0.082604	-4.243419	-0.498212	-0.400229	0.948357	0.022868	0.073647	7.388290	-0.628989	-2.235733	-0.451557	-0.207343	-0.206014
0.489855	0.118695	-0.021584	-0.495663	-0.029007	0.022049	0.876323	0.049006	-0.014088	-1.922197	0.110534	0.080115	-5.202859	-0.868866	-0.552532	1.880955	0.016690	0.071776	6.622781	-0.961918	-2.580957	1.152075	-0.256446	-0.248921
0.429923	0.106634	-0.028056	-0.468962	-0.028944	0.022744	0.933805	0.036672	-0.042446	-1.894874	0.107542	0.077281	-5.993205	-1.206046	-0.647270	2.670047	0.006346	0.069462	5.748194	-1.233389	-2.835789	2.732364	-0.299259	-0.283382
0.364184	0.091772	-0.035183	-0.436316	-0.029027	0.023424	0.981778	0.022351	-0.072330	-1.852245	0.104201	0.074203	-6.573832	-1.486237	-0.712677	3.264598	-0.008289	0.068012	4.797319	-1.432165	-2.988386	4.262854	-0.334100	-0.307719
0.294947	0.074831	-0.043004	-0.400079	-0.029300	0.024109	1.019735	0.006802	-0.102684	-1.795047	0.100602	0.070993	-6.923728	-1.694085	-0.782056	3.623739	-0.027362	0.068542	3.795638	-1.554839	-3.035358	5.719823	-0.359880	-0.321067
0.224571	0.056601	-0.051819	-0.362899	-0.029810	0.024829	1.047369	-0.009240	-0.132475	-1.724232	0.096840	0.067758	-7.037592	-1.822966	-0.881557	3.718029	-0.050939	0.071917	2.763467	-1.604208	-2.979144	7.081517	-0.376182	-0.323457
0.155317	0.037883	-0.061992	-0.327562	-0.030598	0.025618	1.064551	-0.025088	-0.160740	-1.640959	0.093008	0.064600	-6.925440	-1.871861	-1.017245	3.533618	-0.078788	0.078968	1.718147	-1.584810	-2.826442	8.327263	-0.383213	-0.315788
0.089207	0.019468	-0.073683	-0.296824	-0.031700	0.026524	1.071313	-0.040085	-0.186615	-1.546596	0.089191	0.061603	-6.611005	-1.841526	-1.169141	3.073801	-0.110208	0.090529	0.676211	-1.499746	-2.587547	9.436328	-0.381724	-0.299700
0.027955	0.002141	-0.086667	-0.273273	-0.033140	0.027594	1.067875	-0.053597	-0.209371	-1.442728	0.085462	0.058830	-6.125145	-1.732710	-1.298428	2.355150	-0.144058	0.107058	-0.343795	-1.351191	-2.275620	10.386786	-0.372898	-0.277338
-0.027029	-0.013331	-0.100293	-0.259247	-0.034930	0.028876	1.054689	-0.065027	-0.228434	-1.331178	0.081880	0.056320	-5.498469	-1.547126	-1.362522	1.402571	-0.178912	0.128198	-1.318624	-1.143019	-1.906271	11.154951	-0.358186	-0.251016
-0.074618	-0.026234	-0.113585	-0.256771	-0.037060	0.030402	1.032491	-0.073860	-0.243413	-1.214020	0.078489	0.054091	-4.758811	-1.290309	-1.329203	0.247652	-0.213094	0.152561	-2.219740	-0.883257	-1.497885	11.715803	-0.339125	-0.222874
-0.113957	-0.035978	-0.125450	-0.267469	-0.039507	0.032180	1.002335	-0.079713	-0.254132	-1.093577	0.075317	0.052144	-3.933971	-0.974380	-1.186520	-1.069872	-0.244694	0.177811	-3.015675	-0.585330	-1.071924	12.044345	-0.317197	-0.194661
-0.144520	-0.042164	-0.134909	-0.292469	-0.042225	0.034191	0.965572	-0.082392	-0.260653	-0.972401	0.072380	0.050468	-3.056306	-0.618611	-0.945880	-2.500002	-0.271809	0.201134	-3.676264	-0.267856	-0.652043	12.117632	-0.293717	-0.167682
-0.166165	-0.044640	-0.141279	-0.332296	-0.045156	0.036391	0.923805	-0.081922	-0.263274	-0.853226	0.069682	0.049040	-2.164417	-0.247648	-0.637058	-3.982625	-0.293008	0.220010	-4.176664	0.046948	-0.262152	11.917471	-0.269747	-0.142801
-0.179150	-0.043536	-0.144283	-0.386819	-0.048233	0.038720	0.878809	-0.078568	-0.262515	-0.738888	0.067222	0.047836	-1.298514	0.110421	-0.300433	-5.452332	-0.307696	0.232894	-4.499665	0.335474	0.075904	11.433831	-0.246059	-0.120382
-0.184061	-0.039287	-0.144092	-0.455288	-0.051394	0.041114	0.832443	-0.072823	-0.259063	-0.632202	0.064990	0.046833	-0.491130	0.424922	0.019144	-6.846921	-0.316126	0.239409	-4.636537	0.574457	0.345196	10.668550	-0.223188	-0.100278
-0.181654	-0.032648	-0.141302	-0.536441	-0.054584	0.043514	0.786567	-0.065400	-0.253699	-0.535817	0.062974	0.046014	0.240670	0.663903	0.278971	-8.115250	-0.319048	0.239995	-4.587588	0.742271	0.536384	9.638495	-0.201543	-0.081939
-0.172685	-0.024670	-0.136837	-0.628649	-0.057757	0.045868	0.742939	-0.057193	-0.247213	-0.452049	0.061159	0.045367	0.896924	0.797755	0.446545	-9.220796	-0.317280	0.235342	-4.362808	0.820704	0.648573	8.376854	-0.181479	-0.064684
-0.157776	-0.016621	-0.131780	-0.730057	-0.060871	0.048128	0.703121	-0.049220	-0.240327	-0.382732	0.059526	0.044887	1.490882	0.804958	0.505704	-10.140808	-0.311416	0.226010	-3.981835	0.797356	0.688644	6.931710	-0.163298	-0.047999
-0.137346	-0.009842	-0.127200	-0.838689	-0.063889	0.050251	0.668395	-0.042536	-0.233629	-0.329106	0.058054	0.044570	2.043059	0.677846	0.457967	-10.863207	-0.301775	0.212373	-3.472601	0.668351	0.669837	5.362559	-0.147225	-0.031651
-0.111586	-0.005584	-0.124008	-0.952522	-0.066774	0.052199	0.639705	-0.038127	-0.227539	-0.291743	0.056720	0.044415	2.575962	0.425804	0.319196	-11.383284	-0.288471	0.194720	-2.869045	0.440887	0.608968	3.736328	-0.133440	-0.015565
-0.080483	-0.004836	-0.122865	-1.069533	-0.069489	0.053932	0.617617	-0.036785	-0.222308	-0.270510	0.055498	0.044417	3.110304	0.074802	0.114284	-11.701152	-0.271507	0.173341	-2.208751	0.134235	0.523133	2.123255	-0.122176	0.000249
-0.043860	-0.008196	-0.124141	-1.187733	-0.071997	0.055417	0.602306	-0.039009	-0.218019	-0.264589	0.054359	0.044572	3.662329	-0.336031	-0.127609	-11.819943	-0.250863	0.148534	-1.531097	-0.222445	0.428889	0.592121	-0.113864	0.015470
-0.001441	-0.015792	-0.127906	-1.305177	-0.074263	0.056623	0.593544	-0.044957	-0.214582	-0.272533	0.053267	0.044863	4.241842	-0.759512	-0.376463	-11.744412	-0.226555	0.120591	-0.876218	-0.594723	0.343718	-0.794410	-0.109197	0.029129
0.047066	-0.027258	-0.133943	-1.419975	-0.076249	0.057521	0.590693	-0.054423	-0.211737	-0.292356	0.052177	0.045259	4.850694	-1.146624	-0.603685	-11.479872	-0.198641	0.089782	-0.285051	-0.946651	0.284440	-1.982256	-0.109014	0.039559
0.101881	-0.041790	-0.141778	-1.530292	-0.077921	0.058084	0.592688	-0.066845	-0.209132	-0.321609	0.051038	0.045707	5.481516	-1.453240	-0.783497	-11.031644	-0.167199	0.056323	0.199466	-1.242152	0.260561	-2.925360	-0.113903	0.044857
0.163048	-0.058251	-0.150713	-1.634343	-0.079245	0.058288	0.598005	-0.081318	-0.206428	-0.357456	0.049802	0.046144	6.116720	-1.646058	-0.893549	-10.405078	-0.132334	0.020394	0.531713	-1.447350	0.270387	-3.584687	-0.123676	0.043666
0.230332	-0.075316	-0.159868	-1.730404	-0.080187	0.058111	0.604676	-0.096688	-0.203354	-0.396768	0.048431	0.046502	6.728439	-1.706526	-0.915444	-9.606101	-0.094265	-0.017762	0.667130	-1.536986	0.307358	-3.931155	-0.137087	0.035808
0.303135	-0.091637	-0.168229	-1.816829	-0.080721	0.057533	0.610404	-0.111703	-0.199656	-0.436304	0.046911	0.046726	7.280229	-1.632087	-0.836147	-8.642511	-0.053399	-0.057729	0.572720	-1.501471	0.369795	-3.953673	-0.151964	0.022427
0.380450	-0.105984	-0.174733	-1.892088	-0.080824	0.056544	0.612807	-0.125184	-0.195047	-0.472980	0.045255	0.046782	7.731477	-1.434664	-0.650409	-7.525904	-0.010289	-0.098943	0.240370	-1.348156	0.460921	-3.667610	-0.165602	0.005539
0.460895	-0.117358	-0.178367	-1.954818	-0.080480	0.055136	0.609748	-0.136147	-0.189254	-0.504146	0.043502	0.046654	8.044503	-1.137441	-0.363313	-6.273057	0.034398	-0.140751	-0.305903	-1.096265	0.579253	-3.116585	-0.175300	-0.012807
0.542808	-0.125069	-0.178286	-2.003874	-0.079683	0.053314	0.599602	-0.143856	-0.182138	-0.527795	0.041713	0.046342	8.191365	-0.771122	0.008096	-4.905530	0.079768	-0.182254	-1.014615	-0.770868	0.711609	-2.364854	-0.178860	-0.031139
0.624374	-0.128770	-0.173933	-2.038354	-0.078437	0.051093	0.581403	-0.147856	-0.173780	-0.542645	0.039966	0.045857	8.156582	-0.370083	0.435275	-3.447996	0.124581	-0.222104	-1.819957	-0.399997	0.835860	-1.485038	-0.174758	-0.048493
0.703739	-0.128456	-0.165112	-2.057623	-0.076764	0.048507	0.554858	-0.147997	-0.164476	-0.548129	0.038346	0.045217	7.936503	0.031420	0.882047	-1.926983	0.167314	-0.258570	-2.654481	-0.014127	0.930374	-0.548410	-0.162004	-0.063987
0.779121	-0.124431	-0.152002	-2.061327	-0.074700	0.045609	0.520294	-0.144448	-0.154647	-0.544334	0.036946	0.044452	7.538181	0.402451	1.311081	-0.370327	0.206342	-0.289836	-3.456372	0.354851	0.982945	0.379510	-0.140019	-0.076585
0.848892	-0.117254	-0.135107	-2.049390	-0.072299	0.042466	0.478562	-0.137685	-0.144708	-0.531936	0.035859	0.043600	6.977134	0.717746	1.689494	1.193674	0.240111	-0.314296	-4.173191	0.676390	0.993898	1.239855	-0.108690	-0.085192
0.911624	-0.107658	-0.115194	-2.022015	-0.069625	0.039158	0.430913	-0.128435	-0.134972	-0.512131	0.035174	0.042711	6.273139	0.959568	1.991236	2.737496	0.267364	-0.330767	-4.764920	0.924928	0.973553	1.980452	-0.068489	-0.088879
0.966088	-0.096469	-0.093220	-1.979662	-0.066752	0.035772	0.378850	-0.117604	-0.125599	-0.486562	0.034969	0.041841	5.446407	1.118957	2.197446	4.235269	0.287309	-0.338612	-5.206277	1.083136	0.937333	2.556889	-0.020496	-0.087008
1.011251	-0.084516	-0.070253	-1.923032	-0.063756	0.032395	0.323977	-0.106167	-0.116590	-0.457213	0.035306	0.041049	4.516360	1.195294	2.296652	5.662995	0.299609	-0.337746	-5.487318	1.143657	0.900865	2.934880	0.033674	-0.079189
1.046279	-0.072573	-0.047403	-1.853048	-0.060713	0.029109	0.267861	-0.095078	-0.107836	-0.426288	0.036225	0.040397	3.502798	1.194232	2.284980	6.998398	0.304286	-0.328600	-5.611584	1.108925	0.875419	3.092530	0.091939	-0.065151
1.070558	-0.061317	-0.025745	-1.770842	-0.057696	0.025988	0.211945	-0.085180	-0.099189	-0.396083	0.037744	0.039951	2.427874	1.125611	2.165825	8.220666	0.301706	-0.312048	-5.591648	0.989783	0.864731	3.020499	0.151894	-0.044664
1.083733	-0.051293	-0.006253	-1.677741	-0.054771	0.023096	0.157515	-0.077142	-0.090529	-0.368891	0.039854	0.039774	1.317466	1.002402	1.949236	9.310054	0.292566	-0.289252	-5.442981	0.803780	0.865969	2.719251	0.211026	-0.017675
1.085747	-0.042890	0.010260	-1.575268	-0.051992	0.020481	0.105728	-0.071404	-0.081792	-0.346938	0.042523	0.039927	0.201437	0.840283	1.651292	10.247363	0.277819	-0.261472	-5.178664	0.573877	0.873677	2.195267	0.266862	0.015290
1.076873	-0.036321	0.023193	-1.465132	-0.049407	0.018182	0.057649	-0.068132	-0.072971	-0.332343	0.045693	0.040455	-0.887386	0.656935	1.293270	11.013518	0.258567	-0.229915	-4.807964	0.327181	0.882086	1.459506	0.317031	0.052841
1.057721	-0.031617	0.032196	-1.349240	-0.047047	0.016225	0.014255	-0.067209	-0.064116	-0.327051	0.049288	0.041384	-1.915242	0.470353	0.900348	11.589191	0.235947	-0.195682	-4.339349	0.092280	0.885476	0.529219	0.359476	0.092862
1.029226	-0.028656	0.037197	-1.229696	-0.044937	0.014627	-0.023597	-0.068260	-0.055324	-0.332740	0.053216	0.042714	-2.849506	0.296198	0.500118	11.954468	0.211066	-0.159828	-3.785221	-0.105125	0.879239	-0.568932	0.392833	0.132958
0.992626	-0.027204	0.038407	-1.108804	-0.043087	0.013392	-0.055245	-0.070728	-0.046711	-0.350709	0.057384	0.044423	-3.659974	0.145180	0.120963	12.089166	0.184976	-0.123442	-3.164754	-0.246765	0.861355	-1.796878	0.416780	0.170975
0.949431	-0.026985	0.036304	-0.989059	-0.041500	0.012516	-0.080272	-0.073972	-0.038379	-0.381767	0.061706	0.046478	-4.319524	0.021919	-0.210263	11.974498	0.158653	-0.087668	-2.502687	-0.324451	0.833195	-3.105799	0.432176	0.205448
0.901383	-0.027722	0.031588	-0.873099	-0.040171	0.011979	-0.098514	-0.077365	-0.030377	-0.426168	0.066115	0.048836	-4.804773	-0.073743	-0.471677	11.596020	0.132970	-0.053695	-1.824288	-0.339245	0.800163	-4.440074	0.440892	0.235788
0.850411	-0.029154	0.025091	-0.763624	-0.039084	0.011751	-0.110005	-0.080339	-0.022669	-0.483603	0.070568	0.051457	-5.097237	-0.143248	-0.649663	10.947484	0.108694	-0.022774	-1.149056	-0.297359	0.770750	-5.743517	0.445303	0.262163
0.798555	-0.031008	0.017689	-0.663272	-0.038219	0.011789	-0.114868	-0.082391	-0.015140	-0.553259	0.075044	0.054309	-5.185580	-0.185406	-0.740220	10.035187	0.086501	0.003831	-0.486311	-0.205220	0.752973	-6.965619	0.447621	0.285165
0.747867	-0.032951	0.010204	-0.574454	-0.037549	0.012039	-0.113213	-0.083055	-0.007629	-0.633917	0.079537	0.057363	-5.068820	-0.194238	-0.748436	8.881830	0.066983	0.025005	0.165502	-0.066384	0.751064	-8.065790	0.449305	0.305361
0.700278	-0.034552	0.003333	-0.499172	-0.037042	0.012440	-0.105053	-0.081874	0.000014	-0.724066	0.084044	0.060591	-4.758829	-0.160148	-0.687111	7.528189	0.050656	0.040089	0.816035	0.118093	0.764287	-9.014886	0.450703	0.322814
0.657476	-0.035297	-0.002410	-0.438858	-0.036663	0.012932	-0.090268	-0.078414	0.007883	-0.822010	0.088554	0.063958	-4.280277	-0.074463	-0.574369	6.031387	0.037985	0.049197	1.478480	0.345979	0.786939	-9.794445	0.450968	0.336750
0.620796	-0.034649	-0.006712	-0.394258	-0.036369	0.013465	-0.068616	-0.072322	0.015978	-0.925953	0.093037	0.067414	-3.667957	0.064833	-0.430198	4.460001	0.029352	0.053338	2.165162	0.609204	0.809455	-10.394265	0.448291	0.345621
0.591165	-0.032153	-0.009449	-0.365383	-0.036119	0.014007	-0.039773	-0.063410	0.024188	-1.034045	0.097441	0.070890	-2.963063	0.249587	-0.273704	2.887497	0.024978	0.054175	2.884284	0.891150	0.821007	-10.809199	0.440424	0.347556
0.569066	-0.027531	-0.010679	-0.351529	-0.035871	0.014542	-0.003395	-0.051740	0.032312	-1.144409	0.101693	0.074299	-2.209931	0.462213	-0.122969	1.385448	0.024854	0.053458	3.637884	1.167043	0.812411	-11.036427	0.425246	0.340889
0.554523	-0.020734	-0.010642	-0.351348	-0.035583	0.015065	0.040810	-0.037671	0.040087	-1.255148	0.105705	0.077544	-1.454254	0.679653	0.003715	0.018077	0.028720	0.052356	4.420472	1.406931	0.777552	-11.073891	0.401128	0.324477
0.547085	-0.011957	-0.009755	-0.362946	-0.035223	0.015576	0.092988	-0.021866	0.047216	-1.364345	0.109375	0.080522	-0.743853	0.877688	0.088706	-1.159776	0.036096	0.051112	5.217810	1.580460	0.712899	-10.919694	0.367068	0.297811
0.545765	-0.001620	-0.008562	-0.383951	-0.034759	0.016069	0.153046	-0.005243	0.053378	-1.470066	0.112603	0.083132	-0.131989	1.033683	0.119256	-2.100539	0.046310	0.049234	6.005808	1.662337	0.616106	-10.572073	0.322752	0.261054
0.548971	0.009662	-0.007643	-0.411563	-0.034174	0.016529	0.220550	0.011125	0.058229	-1.570365	0.115289	0.085283	0.320612	1.128238	0.091950	-2.761162	0.058502	0.046044	6.750331	1.636770	0.485176	-10.029956	0.268625	0.215066
0.554482	0.021135	-0.007513	-0.442616	-0.033459	0.016944	0.294641	0.026121	0.061419	-1.663307	0.117348	0.086897	0.551101	1.147256	0.012965	-3.105347	0.071577	0.041445	7.409122	1.499581	0.319005	-9.294228	0.205878	0.161366
0.559566	0.031975	-0.008563	-0.473740	-0.032618	0.017309	0.374000	0.038700	0.062607	-1.747005	0.118711	0.087916	0.508376	1.084068	-0.105034	-3.112397	0.084099	0.036569	7.935869	1.257930	0.118810	-8.369710	0.136285	0.101960
0.561253	0.041375	-0.011002	-0.501622	-0.031675	0.017645	0.456853	0.047987	0.061500	-1.819679	0.119330	0.088307	0.168693	0.940017	-0.243882	-2.788185	0.094269	0.033607	8.285334	0.928720	-0.110729	-7.267461	0.061935	0.039063
0.556707	0.048609	-0.014790	-0.523340	-0.030673	0.017991	0.541051	0.053351	0.057883	-1.879744	0.119179	0.088055	-0.454604	0.723386	-0.378799	-2.171784	0.100233	0.034528	8.419807	0.536369	-0.361691	-6.006513	-0.015059	-0.025212
0.543611	0.053086	-0.019606	-0.536673	-0.029666	0.018387	0.624232	0.054447	0.051638	-1.925884	0.118252	0.087165	-1.309548	0.447708	-0.481537	-1.333327	0.100622	0.039663	8.318142	0.109620	-0.624487	-4.613977	-0.092773	-0.088995
0.520490	0.054393	-0.024897	-0.540301	-0.028718	0.018862	0.704074	0.051227	0.042750	-1.957115	0.116557	0.085659	-2.312171	0.130635	-0.529160	-0.362779	0.094863	0.047475	7.984182	-0.322075	-0.888876	-3.123055	-0.169483	-0.150575
0.486876	0.052332	-0.030021	-0.533843	-0.027887	0.019419	0.778542	0.043917	0.031317	-1.972808	0.114122	0.083577	-3.361345	-0.206066	-0.512377	0.645758	0.083083	0.055645	7.446804	-0.730909	-1.143234	-1.569322	-0.243463	-0.208158
0.443295	0.046964	-0.034405	-0.517770	-0.027228	0.020043	0.846037	0.033004	0.017576	-1.972676	0.110994	0.080980	-4.358113	-0.536783	-0.438441	1.607338	0.065851	0.062477	6.749522	-1.091376	-1.374149	0.013176	-0.312787	-0.259716
0.391079	0.038620	-0.037697	-0.493243	-0.026789	0.020719	0.905411	0.019195	0.001893	-1.956735	0.107241	0.077949	-5.221622	-0.834417	-0.329164	2.452712	0.043958	0.067569	5.937368	-1.380893	-1.568304	1.594100	-0.375322	-0.303097
0.332116	0.027870	-0.039858	-0.461961	-0.026606	0.021434	0.955897	0.003372	-0.015258	-1.925267	0.102952	0.074586	-5.896237	-1.074991	-0.216140	3.128230	0.018269	0.071523	5.048580	-1.582271	-1.715061	3.146778	-0.428940	-0.336373
0.268609	0.015443	-0.041201	-0.426034	-0.026709	0.022187	0.997018	-0.013501	-0.033334	-1.878797	0.098234	0.071004	-6.350741	-1.242701	-0.134240	3.592668	-0.010333	0.075231	4.112126	-1.687268	-1.807590	4.647046	-0.471807	-0.358174
0.202866	0.002122	-0.042345	-0.387879	-0.027119	0.022981	1.028506	-0.030480	-0.051763	-1.818076	0.093208	0.067325	-6.574343	-1.332128	-0.114401	3.815454	-0.040923	0.079407	3.148741	-1.697895	-1.842955	6.072128	-0.502571	-0.367874
0.137128	-0.011339	-0.044091	-0.350097	-0.027843	0.023826	1.050239	-0.046717	-0.069983	-1.744077	0.088003	0.063669	-6.573783	-1.346074	-0.174613	3.778254	-0.072439	0.084581	2.173315	-1.623776	-1.821950	7.399869	-0.520447	-0.365611
0.073418	-0.024251	-0.047184	-0.315324	-0.028878	0.024739	1.062216	-0.061496	-0.087465	-1.657997	0.082751	0.060147	-6.370964	-1.291228	-0.309277	3.477262	-0.103536	0.091208	1.197767	-1.477858	-1.748255	8.607993	-0.525247	-0.352222
0.013446	-0.036001	-0.052044	-0.286107	-0.030204	0.025734	1.064561	-0.074234	-0.103733	-1.561265	0.077577	0.056855	-5.997201	-1.175001	-0.486008	2.921666	-0.132569	0.099544	0.234434	-1.273834	-1.626793	9.673161	-0.517426	-0.329138
-0.041396	-0.046053	-0.058618	-0.264820	-0.031782	0.026827	1.057556	-0.084495	-0.118361	-1.455563	0.072596	0.053873	-5.484171	-1.005141	-0.657448	2.128723	-0.157804	0.109344	-0.700521	-1.026048	-1.462763	10.570221	-0.498082	-0.298271
-0.089971	-0.053966	-0.066417	-0.253614	-0.033559	0.028024	1.041706	-0.091997	-0.130986	-1.342841	0.067908	0.051254	-4.857549	-0.791328	-0.779849	1.120619	-0.177672	0.119690	-1.584929	-0.750270	-1.262480	11.272222	-0.468827	-0.261840
-0.131348	-0.059432	-0.074679	-0.254358	-0.035467	0.029314	1.017798	-0.096634	-0.141336	-1.225328	0.063592	0.049033	-4.137662	-0.546654	-0.826211	-0.074359	-0.190850	0.129013	-2.390847	-0.463610	-1.035051	11.751321	-0.431542	-0.222144
-0.164800	-0.062306	-0.082583	-0.268541	-0.037432	0.030669	0.986925	-0.098466	-0.149271	-1.105522	0.059711	0.047219	-3.345277	-0.287393	-0.790392	-1.418288	-0.196426	0.135433	-3.087315	-0.183246	-0.793475	11.980538	-0.388168	-0.181356
-0.189870	-0.062617	-0.089419	-0.297152	-0.039375	0.032043	0.950480	-0.097716	-0.154814	-0.986158	0.056305	0.045805	-2.506942	-0.031043	-0.683597	-2.861176	-0.194366	0.137467	-3.644469	0.075052	-0.554300	11.936470	-0.340585	-0.141407
-0.206417	-0.060562	-0.094702	-0.340581	-0.041234	0.033390	0.910107	-0.094740	-0.158170	-0.870129	0.053399	0.044767	-1.654744	0.205440	-0.528343	-4.342880	-0.185908	0.134659	-4.037330	0.297511	-0.335589	11.602886	-0.290569	-0.103853
-0.214616	-0.056510	-0.098251	-0.398581	-0.042969	0.034667	0.867622	-0.090022	-0.159711	-0.760380	0.051001	0.044069	-0.819820	0.405251	-0.354857	-5.799970	-0.173430	0.127662	-4.248473	0.471833	-0.154086	10.974826	-0.239767	-0.069733
-0.214858	-0.051008	-0.100231	-0.470322	-0.044567	0.035845	0.824922	-0.084157	-0.159940	-0.659754	0.049105	0.043674	-0.024281	0.550148	-0.198001	-7.174087	-0.159822	0.117858	-4.269988	0.586471	-0.022894	10.062625	-0.189667	-0.039480
-0.207628	-0.044801	-0.101141	-0.554498	-0.046045	0.036913	0.783870	-0.077848	-0.159440	-0.570807	0.047689	0.043545	0.723010	0.620766	-0.091009	-8.417598	-0.147760	0.106827	-4.105233	0.630889	0.049945	8.894673	-0.141581	-0.012984
-0.193376	-0.038798	-0.101715	-0.649450	-0.047436	0.037872	0.746171	-0.071876	-0.158816	-0.495633	0.046723	0.043647	1.425262	0.600323	-0.057440	-9.495274	-0.139102	0.095850	-3.769903	0.597239	0.062437	7.517471	-0.096617	0.010198
-0.172443	-0.033995	-0.102770	-0.753282	-0.048781	0.038728	0.713255	-0.067045	-0.158622	-0.435706	0.046165	0.043952	2.093254	0.480251	-0.105496	-10.383195	-0.134590	0.085607	-3.291602	0.483085	0.019401	5.992630	-0.055717	0.030556
-0.145036	-0.031348	-0.105043	-0.863949	-0.050121	0.039490	0.686174	-0.064105	-0.159296	-0.391785	0.045968	0.044436	2.740660	0.264741	-0.227276	-11.066629	-0.133952	0.076174	-2.708085	0.294036	-0.067366	4.392128	-0.019755	0.048417
-0.111226	-0.031628	-0.109063	-0.979330	-0.051483	0.040162	0.665525	-0.063658	-0.161093	-0.363852	0.046072	0.045075	3.381000	-0.028008	-0.402028	-11.538166	-0.136233	0.067200	-2.064840	0.044653	-0.179705	2.793334	0.010372	0.063887
-0.070970	-0.035307	-0.115070	-1.097291	-0.052884	0.040743	0.651405	-0.066093	-0.164032	-0.351113	0.046409	0.045844	4.025696	-0.367960	-0.600709	-11.796114	-0.140092	0.058090	-1.412078	-0.243492	-0.293974	1.273883	0.033776	0.076839
-0.024149	-0.042486	-0.122976	-1.215717	-0.054325	0.041225	0.643395	-0.071550	-0.167861	-0.352052	0.046907	0.046712	4.682039	-0.717849	-0.790545	-11.842575	-0.144058	0.048212	-0.800972	-0.545625	-0.382895	-0.093945	0.049724	0.086842
0.029359	-0.052872	-0.132369	-1.332531	-0.055792	0.041596	0.640592	-0.079909	-0.172074	-0.364532	0.047485	0.047643	5.350837	-1.038596	-0.939306	-11.681417	-0.146767	0.037076	-0.280272	-0.835976	-0.421272	-1.247974	0.057831	0.093106
0.089603	-0.065810	-0.142556	-1.445701	-0.057264	0.041840	0.641647	-0.090779	-0.176025	-0.385917	0.048068	0.048590	6.024332	-1.293785	-1.018728	-11.316970	-0.147102	0.024401	0.105448	-1.086947	-0.395082	-2.138440	0.058274	0.094716
0.156453	-0.080338	-0.152624	-1.553239	-0.058706	0.041940	0.644817	-0.103474	-0.179082	-0.413209	0.048588	0.049502	6.685011	-1.452855	-1.006760	-10.753827	-0.144214	0.010065	0.317053	-1.269558	-0.305766	-2.729251	0.052007	0.091172
0.229508	-0.095278	-0.161517	-1.653216	-0.060081	0.041881	0.648058	-0.117060	-0.180731	-0.443218	0.048997	0.050332	7.305522	-1.493940	-0.889316	-9.997700	-0.137498	-0.005958	0.324092	-1.358602	-0.164813	-3.000901	0.040934	0.082990
0.308003	-0.109344	-0.168144	-1.743787	-0.061346	0.041644	0.649163	-0.130448	-0.180601	-0.472770	0.049275	0.051050	7.849508	-1.406619	-0.662673	-9.057091	-0.126583	-0.023677	0.110451	-1.338798	0.012942	-2.955199	0.027828	0.071860
0.390745	-0.121287	-0.171506	-1.823239	-0.062460	0.041212	0.645964	-0.142524	-0.178515	-0.498960	0.049434	0.051651	8.274245	-1.194279	-0.336272	-7.945136	-0.111308	-0.043161	-0.319880	-1.207539	0.208604	-2.618985	0.015874	0.060061
0.476117	-0.130039	-0.170839	-1.890045	-0.063377	0.040567	0.636562	-0.152270	-0.174558	-0.519390	0.049514	0.052146	8.537143	-0.875205	0.066741	-6.680624	-0.091698	-0.064496	-0.940193	-0.974635	0.395699	-2.043003	0.008000	0.049494
0.562172	-0.134841	-0.165706	-1.942922	-0.064056	0.039692	0.619530	-0.158877	-0.169127	-0.532335	0.049578	0.052557	8.605503	-0.480267	0.513343	-5.287764	-0.067988	-0.087580	-1.703185	-0.660658	0.543149	-1.294542	0.006418	0.041131
0.646820	-0.135311	-0.156026	-1.980874	-0.064463	0.038573	0.594062	-0.161822	-0.162864	-0.536811	0.049704	0.052909	8.464782	-0.046960	0.967946	-3.795142	-0.040640	-0.111901	-2.546769	-0.294562	0.626306	-0.447587	0.012562	0.035201
0.728028	-0.131439	-0.142032	-2.003217	-0.064567	0.037208	0.560044	-0.160926	-0.156485	-0.532562	0.049976	0.053227	8.120847	0.387145	1.399446	-2.234282	-0.010389	-0.136443	-3.401845	0.089658	0.637881	0.424958	0.027167	0.031718
0.803985	-0.123546	-0.124191	-2.009594	-0.064350	0.035611	0.518035	-0.156349	-0.150581	-0.520003	0.050478	0.053535	7.595679	0.789307	1.784019	-0.637678	0.021694	-0.159744	-4.200894	0.457675	0.590374	1.255834	0.050209	0.030815
0.873176	-0.112199	-0.103155	-1.999960	-0.063808	0.033810	0.469173	-0.148553	-0.145469	-0.500147	0.051286	0.053862	6.919083	1.134729	2.103651	0.963394	0.054211	-0.180109	-4.886170	0.779562	0.511213	1.985587	0.080847	0.032716
0.934381	-0.098120	-0.079714	-1.974557	-0.062952	0.031850	0.415016	-0.138222	-0.141109	-0.474511	0.052461	0.054237	6.120525	1.407901	2.344091	2.540292	0.085606	-0.195929	-5.415765	1.033090	0.435963	2.563639	0.117501	0.037501
0.986631	-0.082101	-0.054771	-1.933885	-0.061807	0.029790	0.357354	-0.126169	-0.137101	-0.445013	0.054041	0.054687	5.224957	1.601951	2.494327	4.067141	0.114422	-0.205992	-5.766204	1.205374	0.400875	2.949792	0.158029	0.044993
1.029161	-0.064935	-0.029304	-1.878683	-0.060412	0.027694	0.298037	-0.113242	-0.132757	-0.413850	0.056041	0.055235	4.253070	1.716513	2.546662	5.520200	0.139496	-0.209671	-5.931683	1.292685	0.434399	3.116345	0.199929	0.054831
1.061399	-0.047381	-0.004336	-1.809912	-0.058812	0.025624	0.238830	-0.100253	-0.127261	-0.383356	0.058447	0.055902	3.223760	1.755406	2.496775	6.877121	0.160040	-0.206963	-5.920639	1.298879	0.549532	3.049357	0.240588	0.066641
1.082969	-0.030129	0.019112	-1.728749	-0.057056	0.023640	0.181327	-0.087918	-0.119863	-0.355879	0.061222	0.056703	2.157032	1.725207	2.344867	8.116346	0.175645	-0.198364	-5.750365	1.233524	0.739842	2.747698	0.277548	0.080135
1.093732	-0.013781	0.040090	-1.636582	-0.055193	0.021793	0.126914	-0.076813	-0.110061	-0.333677	0.064310	0.057653	1.076313	1.634857	2.097776	9.216658	0.186292	-0.184697	-5.441276	1.110491	0.980221	2.220259	0.308742	0.095011
1.093823	0.001178	0.057788	-1.535013	-0.053269	0.020124	0.076785	-0.067344	-0.097732	-0.318846	0.067636	0.058760	0.009049	1.495858	1.769803	10.156898	0.192337	-0.166944	-5.012923	0.946921	1.232827	1.483028	0.332649	0.110735
1.083677	0.014400	0.071600	-1.425857	-0.051325	0.018663	0.031954	-0.059723	-0.083155	-0.313270	0.071119	0.060024	-1.014619	1.322190	1.381244	10.915626	0.194387	-0.146129	-4.483020	0.762046	1.457764	0.557676	0.348329	0.126377
1.064035	0.025690	0.081165	-1.311149	-0.049394	0.017430	-0.006740	-0.053968	-0.066917	-0.318548	0.074673	0.061430	-1.964173	1.128998	0.956410	11.470739	0.193159	-0.123256	-3.869439	0.575520	1.623747	-0.527847	0.355349	0.140609
1.035928	0.034993	0.086389	-1.193153	-0.047500	0.016437	-0.038673	-0.049915	-0.049782	-0.335925	0.078211	0.062950	-2.810711	0.930317	0.522429	11.799589	0.189375	-0.099311	-3.193342	0.405333	1.713570	-1.737667	0.353856	0.152021
1.000650	0.042365	0.087467	-1.074352	-0.045663	0.015684	-0.063477	-0.047260	-0.032546	-0.366197	0.081660	0.064547	-3.527807	0.737237	0.107838	11.880121	0.183663	-0.075254	-2.480386	0.265491	1.723570	-3.027187	0.344867	0.159699
0.959735	0.047938	0.084868	-0.957420	-0.043899	0.015165	-0.081057	-0.045619	-0.015946	-0.409645	0.084964	0.066184	-4.091460	0.557298	-0.259976	11.693200	0.176466	-0.051995	-1.758023	0.164093	1.659953	-4.344875	0.330406	0.163702
0.914934	0.051890	0.079288	-0.845159	-0.042219	0.014861	-0.091554	-0.044587	-0.000587	-0.466014	0.088096	0.067835	-4.480125	0.395170	-0.557970	11.226127	0.167985	-0.030350	-1.049651	0.103186	1.535885	-5.636823	0.313215	0.165072
0.868173	0.054439	0.071583	-0.740390	-0.040637	0.014751	-0.095241	-0.043775	0.013117	-0.534539	0.091057	0.069489	-4.676115	0.254874	-0.770480	10.476918	0.158218	-0.010999	-0.368665	0.081232	1.370434	-6.852575	0.296100	0.165414
0.821483	0.055869	0.062666	-0.645805	-0.039166	0.014806	-0.092398	-0.042806	0.024985	-0.614040	0.093870	0.071152	-4.669027	0.143061	-0.891732	9.458449	0.147071	0.005502	0.284251	0.096891	1.186796	-7.950116	0.281228	0.166267
0.776880	0.056580	0.053392	-0.563791	-0.037821	0.014993	-0.083206	-0.041291	0.035064	-0.703023	0.096566	0.072837	-4.460237	0.071079	-0.927334	8.201418	0.134513	0.018697	0.919210	0.151442	1.007945	-8.898257	0.269666	0.168542
0.736217	0.057112	0.044457	-0.496239	-0.036613	0.015276	-0.067687	-0.038812	0.043578	-0.799786	0.099178	0.074559	-4.066359	0.053145	-0.893543	6.755212	0.120740	0.028312	1.551924	0.247924	0.851383	-9.676294	0.261211	0.172182
0.701018	0.058114	0.036325	-0.444378	-0.035550	0.015621	-0.045708	-0.034940	0.050837	-0.902506	0.101723	0.076320	-3.519827	0.100209	-0.813188	5.186077	0.106302	0.034481	2.197829	0.387223	0.725852	-10.272017	0.254500	0.176073
0.672358	0.060241	0.029231	-0.408655	-0.034629	0.016000	-0.017032	-0.029306	0.057148	-1.009297	0.104197	0.078103	-2.866063	0.212712	-0.709453	3.572357	0.092129	0.037950	2.867614	0.563398	0.631156	-10.679109	0.247412	0.178337
0.650773	0.064012	0.023218	-0.388682	-0.033835	0.016400	0.018616	-0.021695	0.062753	-1.118244	0.106574	0.079872	-2.158422	0.377149	-0.601261	1.997265	0.079372	0.039912	3.564862	0.761138	0.560484	-10.894703	0.237656	0.176863
0.636245	0.069699	0.018194	-0.383276	-0.033144	0.016814	0.061471	-0.012126	0.067788	-1.227421	0.108807	0.081570	-1.452796	0.568698	-0.502432	0.540599	0.069110	0.041411	4.285430	0.956872	0.503542	-10.917714	0.223271	0.169817
0.628207	0.077271	0.013973	-0.390553	-0.032523	0.017241	0.111646	-0.000895	0.072276	-1.334903	0.110835	0.083129	-0.803886	0.757175	-0.422050	-0.727730	0.062099	0.042711	5.017576	1.123065	0.448789	-10.748113	0.202856	0.155936
0.625558	0.086391	0.010345	-0.408049	-0.031937	0.017673	0.169065	0.011443	0.076122	-1.438770	0.112592	0.084476	-0.264829	0.911989	-0.362764	-1.749588	0.058661	0.043248	5.741812	1.233815	0.384549	-10.386756	0.175631	0.134644
0.626672	0.096446	0.007150	-0.432824	-0.031350	0.018095	0.233369	0.024140	0.079121	-1.537125	0.114006	0.085537	0.111352	1.005543	-0.319529	-2.477500	0.058659	0.042219	6.430493	1.269659	0.299896	-9.835516	0.141454	0.106067
0.629411	0.106621	0.004309	-0.461584	-0.030736	0.018489	0.303854	0.036343	0.080977	-1.628105	0.115014	0.086247	0.273872	1.017431	-0.284102	-2.875930	0.061461	0.039383	7.048438	1.220382	0.185590	-9.097953	0.100831	0.071003
0.631239	0.116009	0.001783	-0.490859	-0.030077	0.018845	0.379407	0.047201	0.081325	-1.709912	0.115563	0.086555	0.182805	0.938825	-0.252659	-2.927540	0.065886	0.035606	7.555340	1.085711	0.034847	-8.180759	0.054821	0.030830
0.629440	0.123745	-0.000487	-0.517271	-0.029374	0.019172	0.458502	0.055946	0.079769	-1.780870	0.115611	0.086428	-0.179828	0.773575	-0.226925	-2.641194	0.070302	0.032635	7.909439	0.874526	-0.155591	-7.095789	0.004879	-0.012678
0.621416	0.129097	-0.002566	-0.537838	-0.028644	0.019491	0.539228	0.061978	0.075927	-1.839489	0.115138	0.085851	-0.802432	0.535250	-0.207909	-2.056716	0.073007	0.031942	8.072647	0.603213	-0.384273	-5.861853	-0.047380	-0.057679
0.605001	0.131525	-0.004485	-0.550265	-0.027917	0.019827	0.619414	0.064907	0.069477	-1.884540	0.114133	0.084826	-1.641548	0.242818	-0.191893	-1.242700	0.072687	0.033554	8.018583	0.292882	-0.644908	-4.505073	-0.100460	-0.102558
0.578751	0.130699	-0.006217	-0.553129	-0.027231	0.020187	0.696835	0.064565	0.060202	-1.915112	0.112602	0.083366	-2.624979	-0.082603	-0.173225	-0.286415	0.068598	0.036069	7.742103	-0.034220	-0.927501	-3.057269	-0.153134	-0.145967
0.542131	0.126507	-0.007712	-0.545924	-0.026626	0.020566	0.769466	0.060992	0.048009	-1.930640	0.110559	0.081500	-3.661957	-0.419220	-0.149517	0.720531	0.060470	0.037833	7.263152	-0.357279	-1.219366	-1.552806	-0.204297	-0.186606
0.495537	0.119056	-0.008963	-0.528984	-0.026142	0.020946	0.835663	0.054413	0.032955	-1.930890	0.108032	0.079270	-4.659376	-0.745133	-0.125133	1.694004	0.048378	0.038076	6.619674	-0.657912	-1.505426	-0.024937	-0.252696	-0.222987
0.440166	0.108659	-0.010089	-0.503359	-0.025816	0.021317	0.894209	0.045201	0.015264	-1.915922	0.105063	0.076736	-5.537182	-1.039660	-0.112510	2.562462	0.032611	0.037070	5.854568	-0.921123	-1.769031	1.496746	-0.296834	-0.253463
0.377802	0.095799	-0.011401	-0.470691	-0.025681	0.021673	0.944267	0.033833	-0.004677	-1.886053	0.101712	0.073971	-6.236348	-1.285971	-0.131272	3.266801	0.013560	0.035619	5.005794	-1.136807	-1.994165	2.986897	-0.335141	-0.276478
0.310606	0.081063	-0.013444	-0.433102	-0.025764	0.022019	0.985293	0.020828	-0.026353	-1.841817	0.098049	0.071062	-6.719622	-1.473608	-0.204273	3.758968	-0.008363	0.034555	4.102663	-1.300494	-2.167563	4.423641	-0.366280	-0.290833
0.240908	0.065074	-0.016938	-0.393076	-0.026091	0.022365	1.016954	0.006707	-0.049142	-1.783943	0.094155	0.068103	-6.969829	-1.598980	-0.349366	4.002568	-0.032692	0.034580	3.166056	-1.412188	-2.278878	5.787368	-0.389431	-0.295915
0.171021	0.048443	-0.022614	-0.353318	-0.026679	0.022729	1.039059	-0.008029	-0.072338	-1.713349	0.090111	0.065184	-6.988633	-1.663098	-0.567598	3.975796	-0.058783	0.036415	2.210493	-1.473589	-2.319595	7.059457	-0.404418	-0.291887
0.103082	0.031764	-0.030958	-0.316584	-0.027536	0.023138	1.051533	-0.022884	-0.095166	-1.631138	0.085994	0.062387	-6.793951	-1.667812	-0.834438	3.673376	-0.085706	0.040893	1.247372	-1.485420	-2.282841	8.221016	-0.411668	-0.279741
0.038948	0.015632	-0.041981	-0.285543	-0.028659	0.023625	1.054422	-0.037351	-0.116814	-1.538621	0.081873	0.059775	-6.413420	-1.613224	-1.102287	3.104109	-0.112266	0.048697	0.288977	-1.446697	-2.164794	9.251735	-0.412096	-0.261196
-0.019812	0.000652	-0.055128	-0.262684	-0.030030	0.024224	1.047945	-0.050914	-0.136480	-1.437329	0.077804	0.057391	-5.875919	-1.498001	-1.314729	2.285871	-0.137117	0.059912	-0.647697	-1.356368	-1.966632	10.129235	-0.406927	-0.238418
-0.071877	-0.012568	-0.069374	-0.250256	-0.031618	0.024961	1.032556	-0.063073	-0.153438	-1.329035	0.073830	0.055255	-5.206577	-1.322029	-1.424606	1.242805	-0.158847	0.073752	-1.538995	-1.215841	-1.695752	10.829359	-0.397423	-0.213588
-0.116159	-0.023464	-0.083446	-0.250192	-0.033379	0.025847	1.008998	-0.073379	-0.167100	-1.215762	0.069983	0.053370	-4.428188	-1.089578	-1.407208	0.006426	-0.176043	0.088573	-2.355782	-1.030611	-1.366187	11.327303	-0.384633	-0.188515
-0.151829	-0.031576	-0.096094	-0.264006	-0.035254	0.026869	0.978325	-0.081484	-0.177085	-1.099770	0.066290	0.051725	-3.566942	-0.811180	-1.264720	-1.381349	-0.187507	0.102194	-3.067254	-0.810519	-0.998474	11.599177	-0.369291	-0.164464
-0.178401	-0.036609	-0.106318	-0.292670	-0.037181	0.027994	0.941870	-0.087177	-0.183269	-0.983532	0.062772	0.050303	-2.657182	-0.503344	-1.022469	-2.866467	-0.192700	0.112528	-3.645479	-0.569256	-0.618484	11.623870	-0.351812	-0.142177
-0.195804	-0.038480	-0.113527	-0.336520	-0.039103	0.029177	0.901184	-0.090413	-0.185815	-0.869678	0.059449	0.049084	-1.740351	-0.187056	-0.720904	-4.384999	-0.192177	0.118296	-4.068594	-0.323671	-0.254606	11.385384	-0.332330	-0.121950
-0.204377	-0.037347	-0.117605	-0.395220	-0.040979	0.030372	0.857965	-0.091343	-0.185152	-0.760921	0.056341	0.048047	-0.857319	0.113273	-0.407727	-5.869937	-0.187654	0.119433	-4.321986	-0.092929	0.066374	10.875713	-0.310804	-0.103719
-0.204761	-0.033641	-0.118913	-0.467820	-0.042795	0.031541	0.813979	-0.090317	-0.181914	-0.659940	0.053469	0.047175	-0.038417	0.370622	-0.130813	-7.260019	-0.181556	0.116973	-4.398597	0.102530	0.323729	10.098026	-0.287183	-0.087168
-0.197734	-0.028066	-0.118218	-0.552886	-0.044557	0.032666	0.770982	-0.087893	-0.176852	-0.569246	0.050854	0.046456	0.702786	0.557425	0.069464	-8.506580	-0.176266	0.112512	-4.299642	0.242418	0.506295	9.069396	-0.261550	-0.071863
-0.184041	-0.021571	-0.116542	-0.648646	-0.046292	0.033742	0.730626	-0.084805	-0.170714	-0.491026	0.048511	0.045882	1.369292	0.649560	0.167651	-9.576078	-0.173477	0.107567	-4.035634	0.308799	0.613767	7.822033	-0.234222	-0.057415
-0.164280	-0.015258	-0.114966	-0.753136	-0.048030	0.034773	0.694358	-0.081912	-0.164161	-0.427000	0.046453	0.045446	1.976053	0.631261	0.157597	-10.448925	-0.173826	0.103113	-3.626747	0.289272	0.655295	6.402583	-0.205795	-0.043626
-0.138838	-0.010268	-0.114449	-0.864301	-0.049799	0.035767	0.663339	-0.080105	-0.157706	-0.378300	0.044682	0.045141	2.544230	0.498990	0.051608	-11.116577	-0.176900	0.099425	-3.101943	0.180735	0.645455	4.870017	-0.177133	-0.030460
-0.107877	-0.007639	-0.115699	-0.980083	-0.051615	0.036729	0.638366	-0.080182	-0.151716	-0.345374	0.043189	0.044963	3.096105	0.262942	-0.124969	-11.578166	-0.181524	0.096195	-2.497292	-0.007726	0.599040	3.292643	-0.149310	-0.017875
-0.071368	-0.008177	-0.119105	-1.098456	-0.053476	0.037657	0.619824	-0.082734	-0.146434	-0.327934	0.041954	0.044905	3.650838	-0.053795	-0.340552	-11.837282	-0.186182	0.092801	-1.854212	-0.255141	0.528238	1.743942	-0.123500	-0.005790
-0.029156	-0.012356	-0.124731	-1.217450	-0.055370	0.038543	0.607648	-0.088061	-0.141991	-0.324964	0.040945	0.044961	4.221276	-0.417909	-0.562601	-11.899462	-0.189392	0.088539	-1.217636	-0.532692	0.444274	0.296985	-0.100902	0.005626
0.018966	-0.020257	-0.132338	-1.335157	-0.057270	0.039371	0.601309	-0.096151	-0.138388	-0.334776	0.040118	0.045117	4.812116	-0.790085	-0.760693	-11.770656	-0.189936	0.082767	-0.633884	-0.809023	0.360236	-0.981194	-0.082660	0.015623
0.073156	-0.031560	-0.141422	-1.449722	-0.059139	0.040120	0.599818	-0.106688	-0.135491	-0.355106	0.039422	0.045346	5.419058	-1.130364	-0.908454	-11.456461	-0.186980	0.074962	-0.149122	-1.053756	0.289717	-2.032990	-0.069658	0.022914
0.133439	-0.045595	-0.151273	-1.559340	-0.060940	0.040767	0.601728	-0.119079	-0.133076	-0.383217	0.038800	0.045609	6.028311	-1.403498	-0.985055	-10.961881	-0.180060	0.064715	0.191006	-1.239064	0.241489	-2.811070	-0.062170	0.026231
0.199605	-0.061425	-0.161029	-1.662256	-0.062630	0.041285	0.605157	-0.132501	-0.130898	-0.416015	0.038204	0.045859	6.616560	-1.582951	-0.975593	-10.291522	-0.168991	0.051729	0.342910	-1.342171	0.217843	-3.279787	-0.059552	0.025029
0.271124	-0.077953	-0.169736	-1.756760	-0.064167	0.041643	0.607865	-0.145998	-0.128699	-0.450217	0.037603	0.046057	7.151874	-1.652787	-0.870732	-9.450444	-0.153740	0.035840	0.270873	-1.349739	0.219909	-3.420205	-0.060195	0.019818
0.347082	-0.094029	-0.176414	-1.841219	-0.065511	0.041813	0.607431	-0.158600	-0.126190	-0.482589	0.036985	0.046176	7.595868	-1.607576	-0.667776	-8.445883	-0.134337	0.016997	-0.043467	-1.260193	0.250867	-3.237258	-0.061761	0.011917
0.426159	-0.108543	-0.180152	-1.914111	-0.066619	0.041765	0.601501	-0.169412	-0.123091	-0.510229	0.036368	0.046205	7.907714	-1.451470	-0.373813	-7.289257	-0.110858	-0.004788	-0.592923	-1.081210	0.309872	-2.763965	-0.061674	0.002850
0.506669	-0.120518	-0.180232	-1.974085	-0.067454	0.041471	0.588074	-0.177670	-0.119248	-0.530813	0.035792	0.046143	8.050977	-1.197517	-0.007968	-5.997380	-0.083502	-0.029429	-1.342712	-0.825809	0.384341	-2.058376	-0.057665	-0.006201
0.586696	-0.129186	-0.176219	-2.020011	-0.067981	0.040904	0.565726	-0.182785	-0.114725	-0.542750	0.035312	0.045998	8.002670	-0.866752	0.401277	-4.592590	-0.052664	-0.056657	-2.234812	-0.511430	0.452344	-1.193668	-0.047997	-0.014473
0.664301	-0.134046	-0.167981	-2.051031	-0.068170	0.040045	0.533770	-0.184395	-0.109776	-0.545218	0.034998	0.045785	7.760463	-0.485993	0.823741	-3.101968	-0.018927	-0.085893	-3.195614	-0.161045	0.494873	-0.246854	-0.031373	-0.021278
0.737731	-0.134893	-0.155643	-2.066587	-0.068001	0.038884	0.492322	-0.182419	-0.104717	-0.538131	0.034929	0.045528	7.343039	-0.084712	1.233883	-1.555569	0.016929	-0.116173	-4.144825	0.197603	0.505844	0.708695	-0.006902	-0.025739
0.805555	-0.131814	-0.139537	-2.066424	-0.067463	0.037422	0.442270	-0.177064	-0.099800	-0.522070	0.035186	0.045259	6.782366	0.307860	1.610572	0.016208	0.053830	-0.146118	-5.005156	0.535490	0.491779	1.606089	0.025726	-0.026864
0.866679	-0.125161	-0.120203	-2.050574	-0.066558	0.035682	0.385155	-0.168800	-0.095140	-0.498215	0.035847	0.045021	6.112456	0.665387	1.933397	1.584999	0.090422	-0.174051	-5.711500	0.826429	0.465995	2.385548	0.066099	-0.023822
0.920292	-0.115489	-0.098388	-2.019319	-0.065306	0.033699	0.322981	-0.158294	-0.090698	-0.468261	0.036978	0.044860	5.361283	0.967171	2.181530	3.125508	0.125280	-0.198264	-6.217407	1.050536	0.444160	2.995331	0.113116	-0.016118
0.965780	-0.103493	-0.075023	-1.973167	-0.063734	0.031527	0.258004	-0.146331	-0.086280	-0.434322	0.038629	0.044824	4.548821	1.199595	2.336498	4.615207	0.157131	-0.217261	-6.497741	1.196358	0.441786	3.393974	0.165084	-0.003609
1.002672	-0.089940	-0.051165	-1.912833	-0.061885	0.029228	0.192522	-0.133722	-0.081574	-0.398788	0.040827	0.044960	3.689188	1.355329	2.385725	6.033414	0.184930	-0.229890	-6.548230	1.260907	0.470661	3.553349	0.219793	0.013643
1.030609	-0.075619	-0.027925	-1.839230	-0.059806	0.026873	0.128695	-0.121239	-0.076240	-0.364183	0.043573	0.045315	2.793733	1.432086	2.323988	7.360358	0.207869	-0.235439	-6.382639	1.248225	0.533373	3.460507	0.274609	0.035519
1.049345	-0.061292	-0.006391	-1.753465	-0.057552	0.024536	0.068422	-0.109562	-0.070037	-0.333022	0.046840	0.045933	1.873590	1.432665	2.153447	8.576421	0.225426	-0.233725	-6.027324	1.167755	0.620269	3.116159	0.326680	0.061771
1.058760	-0.047637	0.012449	-1.656850	-0.055178	0.022285	0.013278	-0.099230	-0.062913	-0.307715	0.050572	0.046850	0.941423	1.365520	1.883953	9.661492	0.237417	-0.225075	-5.514437	1.033181	0.712412	2.530641	0.373247	0.091694
1.058883	-0.035195	0.027786	-1.550908	-0.052738	0.020183	-0.035493	-0.090614	-0.055025	-0.290506	0.054691	0.048089	0.012353	1.244188	1.533695	10.594271	0.243973	-0.210198	-4.877013	0.861619	0.788806	1.720951	0.411912	0.123873
1.049926	-0.024342	0.039080	-1.437392	-0.050284	0.018283	-0.076971	-0.083887	-0.046682	-0.283395	0.059100	0.049652	-0.895702	1.085256	1.129417	11.351569	0.245443	-0.190044	-4.147817	0.672729	0.834257	0.711021	0.440850	0.156314
1.032305	-0.015284	0.046130	-1.318311	-0.047861	0.016626	-0.110578	-0.079015	-0.038244	-0.288057	0.063690	0.051520	-1.762067	0.905803	0.705023	11.908082	0.242305	-0.165729	-3.360711	0.487139	0.843847	-0.466195	0.459030	0.186849
1.006672	-0.008075	0.049109	-1.195939	-0.045510	0.015241	-0.136092	-0.075777	-0.030022	-0.305733	0.068354	0.053656	-2.563311	0.720943	0.297864	12.237185	0.235102	-0.138442	-2.551432	0.323780	0.822206	-1.767610	0.466369	0.213522
0.973943	-0.002654	0.048546	-1.072811	-0.043266	0.014148	-0.153644	-0.073808	-0.022222	-0.337148	0.072992	0.056004	-3.272882	0.542097	-0.056264	12.312802	0.224372	-0.109358	-1.755145	0.196900	0.780042	-3.141425	0.463759	0.234858
0.935335	0.001114	0.045267	-0.951690	-0.041160	0.013352	-0.163652	-0.072665	-0.014914	-0.382457	0.077521	0.058505	-3.860795	0.376819	-0.327869	12.112177	0.210580	-0.079592	-1.000881	0.114369	0.730761	-4.530972	0.452951	0.250094
0.892390	0.003419	0.040293	-0.835495	-0.039219	0.012850	-0.166706	-0.071881	-0.008032	-0.441258	0.081884	0.061098	-4.294550	0.230521	-0.497382	11.619448	0.194092	-0.050215	-0.305371	0.078389	0.688181	-5.880084	0.436291	0.259326
0.846964	0.004517	0.034718	-0.727196	-0.037467	0.012626	-0.163401	-0.070996	-0.001383	-0.512645	0.086047	0.063733	-4.542601	0.109773	-0.557506	10.829879	0.175229	-0.022335	0.330554	0.088461	0.664883	-7.138683	0.416271	0.263419
0.801157	0.004775	0.029573	-0.629653	-0.035923	0.012655	-0.154190	-0.069547	0.005315	-0.595313	0.089997	0.066369	-4.580725	0.025743	-0.514540	9.754380	0.154382	0.002852	0.921059	0.144936	0.669782	-8.266776	0.395015	0.263631
0.757163	0.004724	0.025693	-0.545420	-0.034601	0.012896	-0.139288	-0.067042	0.012363	-0.687670	0.093736	0.068980	-4.399320	-0.005080	-0.388000	8.423259	0.132168	0.024163	1.490201	0.250485	0.704806	-9.235673	0.373875	0.261131
0.717081	0.005071	0.023619	-0.476545	-0.033506	0.013304	-0.118640	-0.062963	0.019992	-0.787937	0.097268	0.071546	-4.008272	0.034760	-0.207430	6.887486	0.109570	0.040739	2.064788	0.407906	0.762942	-10.026787	0.353239	0.256586
0.682708	0.006623	0.023557	-0.424381	-0.032627	0.013828	-0.091962	-0.056809	0.028293	-0.894229	0.100594	0.074046	-3.437323	0.155208	-0.006152	5.216418	0.087927	0.052435	2.667836	0.615394	0.830121	-10.629148	0.332641	0.249964
0.655382	0.010131	0.025421	-0.389457	-0.031939	0.014428	-0.058819	-0.048189	0.037191	-1.004595	0.103705	0.076452	-2.732557	0.350720	0.186416	3.492431	0.068759	0.059975	3.314264	0.862021	0.889741	-11.036598	0.311101	0.240655
0.635869	0.016114	0.028917	-0.371421	-0.031404	0.015074	-0.018732	-0.036930	0.046453	-1.117050	0.106580	0.078730	-1.951248	0.598342	0.349560	1.803582	0.053462	0.064626	4.008739	1.125850	0.926194	-11.245473	0.287513	0.227797
0.624299	0.024748	0.033619	-0.369062	-0.030974	0.015749	0.028716	-0.023169	0.055714	-1.229582	0.109189	0.080836	-1.157043	0.863412	0.470200	0.235838	0.043041	0.067475	4.744751	1.376126	0.926174	-11.253260	0.260859	0.210583
0.620131	0.035831	0.039016	-0.380391	-0.030594	0.016437	0.083759	-0.007380	0.064504	-1.340165	0.111492	0.082720	-0.416806	1.108235	0.539684	-1.132826	0.037964	0.068836	5.504372	1.578862	0.878958	-11.058234	0.230286	0.188419
0.622140	0.048814	0.044551	-0.402743	-0.030213	0.017120	0.146345	0.009651	0.072270	-1.446762	0.113443	0.084330	0.200867	1.298330	0.553526	-2.235183	0.038145	0.068275	6.258599	1.703148	0.776632	-10.659696	0.195128	0.160978
0.628423	0.062879	0.049666	-0.432908	-0.029783	0.017773	0.216033	0.026912	0.078414	-1.547347	0.114993	0.085613	0.628284	1.406551	0.511529	-3.016518	0.042975	0.065280	6.968719	1.726139	0.614342	-10.058512	0.154972	0.128253
0.636480	0.077050	0.053815	-0.467299	-0.029270	0.018374	0.291923	0.043276	0.082319	-1.639927	0.116091	0.086519	0.805777	1.417075	0.414832	-3.439117	0.051298	0.060135	7.589056	1.636340	0.390513	-9.258015	0.109763	0.090661
0.643406	0.090324	0.056463	-0.502199	-0.028655	0.018916	0.372631	0.057628	0.083395	-1.722582	0.116690	0.087010	0.692581	1.327350	0.264878	-3.489966	0.061477	0.054203	8.070789	1.435182	0.107610	-8.265554	0.059910	0.049081
0.646178	0.101786	0.057149	-0.534078	-0.027939	0.019408	0.456299	0.068995	0.081134	-1.793528	0.116752	0.087057	0.277225	1.146218	0.068582	-3.187904	0.071679	0.049180	8.366814	1.136721	-0.226083	-7.094600	0.006277	0.004726
0.642019	0.110685	0.055592	-0.559929	-0.027136	0.019867	0.540692	0.076646	0.075187	-1.851193	0.116252	0.086646	-0.415966	0.889892	-0.155757	-2.585166	0.080293	0.045869	8.439292	0.765164	-0.594730	-5.766500	-0.050008	-0.041135
0.628755	0.116464	0.051799	-0.577531	-0.026274	0.020303	0.623396	0.080150	0.065432	-1.894300	0.115175	0.085772	-1.326358	0.577928	-0.379268	-1.760139	0.086172	0.043655	8.270419	0.350366	-0.975503	-4.310689	-0.107778	-0.087386
0.605105	0.118774	0.046088	-0.585564	-0.025388	0.020715	0.702102	0.079382	0.052009	-1.921928	0.113516	0.084442	-2.365034	0.230981	-0.571116	-0.803332	0.088577	0.041205	7.870550	-0.076816	-1.342285	-2.762812	-0.165884	-0.133022
0.570791	0.117483	0.038991	-0.583598	-0.024518	0.021092	0.774853	0.074507	0.035306	-1.933539	0.111285	0.082673	-3.431424	-0.129089	-0.709721	0.196605	0.087034	0.037629	7.275164	-0.487464	-1.670310	-1.161064	-0.223058	-0.176915
0.526468	0.112694	0.031094	-0.571986	-0.023706	0.021422	0.840169	0.065945	0.015913	-1.928961	0.108508	0.080496	-4.432257	-0.478915	-0.789690	1.161161	0.081217	0.033055	6.531575	-0.856221	-1.939301	0.457783	-0.277766	-0.217646
0.473524	0.104739	0.022873	-0.551746	-0.022997	0.021706	0.897022	0.054316	-0.005438	-1.908352	0.105226	0.077961	-5.294379	-0.795426	-0.822088	2.024034	0.070855	0.028426	5.685275	-1.162935	-2.135090	2.060882	-0.328195	-0.253565
0.413839	0.094146	0.014570	-0.524450	-0.022440	0.021956	0.944749	0.040369	-0.027941	-1.872154	0.101501	0.075130	-5.968511	-1.059376	-0.830311	2.729631	0.055704	0.024917	4.772697	-1.394719	-2.250291	3.619804	-0.372424	-0.283005
0.349569	0.081562	0.006134	-0.492135	-0.022084	0.022190	0.982949	0.024895	-0.050777	-1.821056	0.097414	0.072085	-6.427035	-1.258413	-0.843592	3.231449	0.035586	0.023457	3.820030	-1.547311	-2.283569	5.109818	-0.408703	-0.304576
0.282962	0.067683	-0.002747	-0.457202	-0.021979	0.022437	1.011403	0.008656	-0.073156	-1.755968	0.093057	0.068911	-6.660640	-1.387844	-0.888035	3.493312	0.010507	0.024683	2.845384	-1.623996	-2.237916	6.508839	-0.435725	-0.317411
0.216199	0.053198	-0.012505	-0.422268	-0.022171	0.022729	1.030025	-0.007662	-0.094349	-1.678004	0.088530	0.065698	-6.676325	-1.448556	-0.975803	3.493357	-0.019158	0.029259	1.862162	-1.631793	-2.119266	7.796407	-0.452742	-0.321287
0.151251	0.038766	-0.023484	-0.390005	-0.022696	0.023110	1.038849	-0.023433	-0.113707	-1.588478	0.083934	0.062531	-6.494774	-1.443185	-1.097894	3.226379	-0.052545	0.038042	0.882431	-1.577048	-1.935804	8.952586	-0.459591	-0.316627
0.089808	0.025033	-0.035748	-0.362993	-0.023580	0.023627	1.038049	-0.038069	-0.130681	-1.488909	0.079367	0.059487	-6.144374	-1.373315	-1.226483	2.701185	-0.088369	0.051746	-0.080048	-1.463620	-1.697445	9.956833	-0.456710	-0.304446
0.033268	0.012631	-0.049001	-0.343637	-0.024831	0.024331	1.027975	-0.051018	-0.144835	-1.381037	0.074916	0.056625	-5.653967	-1.240111	-1.325289	1.935548	-0.125097	0.070347	-1.007321	-1.294856	-1.415404	10.787294	-0.445042	-0.286175
-0.017221	0.002153	-0.062624	-0.334102	-0.026441	0.025258	1.009215	-0.061789	-0.155857	-1.266828	0.070658	0.053991	-5.048869	-1.047833	-1.362270	0.953482	-0.161029	0.092713	-1.876051	-1.077185	-1.102211	11.420863	-0.425815	-0.263386
-0.060739	-0.005919	-0.075824	-0.336242	-0.028384	0.026424	0.982628	-0.070011	-0.163580	-1.148489	0.066655	0.051615	-4.351858	-0.807198	-1.319987	-0.213926	-0.194314	0.116611	-2.658692	-0.822144	-0.772274	11.833921	-0.400343	-0.237608
-0.096615	-0.011273	-0.087810	-0.351499	-0.030615	0.027816	0.949360	-0.075466	-0.168004	-1.028451	0.062955	0.049512	-3.587561	-0.535434	-1.198656	-1.525719	-0.223124	0.139154	-3.326774	-0.545545	-0.442441	12.003785	-0.369944	-0.210286
-0.124477	-0.013802	-0.097923	-0.380791	-0.033076	0.029392	0.910814	-0.078116	-0.169323	-0.909340	0.059596	0.047685	-2.786186	-0.252871	-1.011285	-2.929180	-0.246070	0.157640	-3.854620	-0.264990	-0.131859	11.911053	-0.335869	-0.182739
-0.144296	-0.013598	-0.105705	-0.424412	-0.035702	0.031096	0.868596	-0.078094	-0.167929	-0.793912	0.056604	0.046125	-1.981947	0.020411	-0.778179	-4.362159	-0.262586	0.170376	-4.221822	0.002241	0.139395	11.542783	-0.299227	-0.155996
-0.156353	-0.010950	-0.110961	-0.482018	-0.038432	0.032865	0.824452	-0.075698	-0.164400	-0.684951	0.053995	0.044819	-1.205714	0.264759	-0.525571	-5.760521	-0.272968	0.176967	-4.414374	0.239620	0.352918	10.896142	-0.260957	-0.130626
-0.161122	-0.006360	-0.113807	-0.552691	-0.041212	0.034645	0.780195	-0.071392	-0.159449	-0.585132	0.051776	0.043752	-0.476892	0.459045	-0.284585	-7.067323	-0.278048	0.177966	-4.425737	0.430574	0.495126	9.981890	-0.221869	-0.106681
-0.159123	-0.000556	-0.114673	-0.635079	-0.044000	0.036388	0.737609	-0.065809	-0.153850	-0.496866	0.049949	0.042914	0.199947	0.580348	-0.086672	-8.238856	-0.278760	0.174266	-4.258572	0.558307	0.559882	8.826573	-0.182714	-0.083822
-0.150797	0.005518	-0.114242	-0.727536	-0.046758	0.038054	0.698348	-0.059733	-0.148350	-0.422145	0.048506	0.042298	0.832635	0.607384	0.043124	-9.245653	-0.275833	0.166644	-3.926103	0.607560	0.549982	7.472182	-0.144241	-0.061619
-0.136436	0.010782	-0.113326	-0.828237	-0.049455	0.039610	0.663829	-0.054053	-0.143580	-0.362411	0.047434	0.041899	1.436054	0.526396	0.091614	-10.070074	-0.269706	0.155609	-3.451856	0.568071	0.476978	5.973401	-0.107236	-0.039818
-0.116166	0.014144	-0.112734	-0.935265	-0.052061	0.041025	0.635149	-0.049667	-0.139995	-0.318470	0.046709	0.041716	2.026994	0.336240	0.059192	-10.702854	-0.260594	0.141508	-2.868061	0.438555	0.358542	4.394081	-0.072547	-0.018371
-0.089960	0.014647	-0.113154	-1.046666	-0.054547	0.042272	0.613011	-0.047374	-0.137851	-0.290431	0.046297	0.041743	2.620575	0.050320	-0.042049	-11.140129	-0.248640	0.124711	-2.213738	0.229276	0.214361	2.803862	-0.041112	0.002702
-0.057680	0.011599	-0.115073	-1.160480	-0.056888	0.043330	0.597685	-0.047766	-0.137208	-0.277692	0.046158	0.041975	3.228059	-0.304784	-0.191831	-11.381387	-0.234046	0.105710	-1.532614	-0.039166	0.064299	1.273888	-0.013966	0.023254
-0.019124	0.004670	-0.118723	-1.274762	-0.059059	0.044181	0.588981	-0.051173	-0.137906	-0.278980	0.046236	0.042402	3.855576	-0.692957	-0.365044	-11.428146	-0.217085	0.085101	-0.870424	-0.340676	-0.069794	-0.128816	0.007801	0.042635
0.025910	-0.006063	-0.124066	-1.387592	-0.061039	0.044815	0.586258	-0.057654	-0.139544	-0.292441	0.046467	0.042996	4.503360	-1.073296	-0.534319	-11.283041	-0.198032	0.063483	-0.272281	-0.648143	-0.163828	-1.346099	0.023138	0.059419
0.077558	-0.020116	-0.130788	-1.497084	-0.062810	0.045229	0.588439	-0.066995	-0.141529	-0.315741	0.046780	0.043712	5.164797	-1.405309	-0.672194	-10.949216	-0.177089	0.041320	0.218118	-0.934100	-0.198459	-2.329929	0.031276	0.071634
0.135808	-0.036655	-0.138319	-1.601385	-0.064353	0.045417	0.594015	-0.078687	-0.143224	-0.346151	0.047101	0.044487	5.825021	-1.653832	-0.753053	-10.430081	-0.154347	0.018832	0.557616	-1.169178	-0.169504	-3.040983	0.032097	0.077521
0.200407	-0.054582	-0.145868	-1.698681	-0.065651	0.045377	0.601061	-0.091925	-0.144120	-0.380639	0.047366	0.045251	6.459926	-1.792763	-0.754875	-9.729544	-0.129801	-0.004022	0.704597	-1.323855	-0.089595	-3.448872	0.026484	0.076402
0.270773	-0.072652	-0.152484	-1.787210	-0.066685	0.045102	0.607311	-0.105678	-0.143895	-0.416010	0.047530	0.045943	7.036582	-1.806960	-0.661663	-8.852923	-0.103402	-0.027461	0.624972	-1.375287	0.022500	-3.537096	0.016446	0.069154
0.345924	-0.089575	-0.157157	-1.865295	-0.067437	0.044584	0.610327	-0.118813	-0.142380	-0.449118	0.047579	0.046522	7.515104	-1.692334	-0.467241	-7.808541	-0.075126	-0.051788	0.301571	-1.313447	0.151538	-3.310742	0.004897	0.057950
0.424448	-0.104130	-0.158943	-1.931389	-0.067887	0.043811	0.607748	-0.130229	-0.139542	-0.477135	0.047530	0.046976	7.852368	-1.455503	-0.178680	-6.609356	-0.045015	-0.077332	-0.257896	-1.141604	0.283796	-2.801742	-0.004953	0.045324
0.504537	-0.115269	-0.157107	-1.984127	-0.068019	0.042768	0.597564	-0.138962	-0.135539	-0.497808	0.047426	0.047308	8.008896	-1.113856	0.183642	-5.273800	-0.013222	-0.104335	-1.018385	-0.873307	0.400299	-2.067255	-0.010319	0.033193
0.584118	-0.122216	-0.151202	-2.022383	-0.067819	0.041441	0.578350	-0.144264	-0.130763	-0.509616	0.047334	0.047533	7.958173	-0.694743	0.590468	-3.825651	0.019973	-0.132702	-1.921393	-0.530200	0.477541	-1.180812	-0.009241	0.022541
0.661058	-0.124545	-0.141096	-2.045317	-0.067278	0.039822	0.549419	-0.145679	-0.125789	-0.511824	0.047329	0.047672	7.694015	-0.232887	1.010651	-2.293335	0.054149	-0.161814	-2.893155	-0.141543	0.497459	-0.220806	-0.000533	0.013852
0.733373	-0.122210	-0.126935	-2.052403	-0.066391	0.037917	0.510870	-0.143105	-0.121225	-0.504440	0.047492	0.047749	7.231472	0.233549	1.416113	-0.708596	0.088695	-0.190546	-3.854832	0.257388	0.456394	0.738421	0.016365	0.007712
0.799378	-0.115532	-0.109115	-2.043445	-0.065164	0.035743	0.463543	-0.136807	-0.117568	-0.488133	0.047906	0.047799	6.600489	0.667809	1.782020	0.895715	0.122724	-0.217423	-4.732772	0.629807	0.365651	1.630637	0.041371	0.004986
0.857741	-0.105138	-0.088260	-2.018566	-0.063613	0.033334	0.408878	-0.127378	-0.115091	-0.464154	0.048643	0.047863	5.836309	1.039392	2.085477	2.487963	0.155092	-0.240829	-5.466405	0.942896	0.247760	2.397915	0.073730	0.006494
0.907462	-0.091864	-0.065195	-1.978175	-0.061767	0.030742	0.348754	-0.115654	-0.113767	-0.434251	0.049764	0.047990	4.972130	1.327334	2.306475	4.039076	0.184577	-0.259242	-6.012462	1.172469	0.132329	2.990294	0.112058	0.012632
0.947826	-0.076652	-0.040896	-1.922946	-0.059666	0.028028	0.285287	-0.102593	-0.113264	-0.400574	0.051308	0.048223	4.036307	1.521181	2.429933	5.522861	0.210067	-0.271440	-6.346688	1.306023	0.050359	3.367735	0.154428	0.023293
0.978353	-0.060453	-0.016432	-1.853789	-0.057360	0.025261	0.220644	-0.089163	-0.112997	-0.365535	0.053293	0.048603	3.052748	1.619976	2.446382	6.915750	0.230665	-0.276646	-6.464330	1.343028	0.026688	3.503898	0.198467	0.038052
0.998779	-0.044152	0.007085	-1.771828	-0.054902	0.022515	0.156862	-0.076238	-0.112270	-0.331650	0.055708	0.049167	2.042575	1.630044	2.351662	8.196135	0.245744	-0.274628	-6.378213	1.292499	0.072699	3.388463	0.241547	0.056398
1.009038	-0.028526	0.028562	-1.678394	-0.052352	0.019858	0.095729	-0.064543	-0.110438	-0.301398	0.058519	0.049945	1.025899	1.562644	2.147703	9.343399	0.254975	-0.265688	-6.113224	1.169499	0.183210	3.025245	0.281059	0.077730
1.009270	-0.014201	0.047004	-1.575024	-0.049769	0.017353	0.038735	-0.054619	-0.107046	-0.277122	0.061666	0.050956	0.023180	1.432445	1.844249	10.336934	0.258318	-0.250530	-5.699420	0.992433	0.339191	2.427588	0.314694	0.101105
0.999830	-0.001633	0.061597	-1.463470	-0.047210	0.015052	-0.012936	-0.046803	-0.101901	-0.260972	0.065072	0.052207	-0.943993	1.256808	1.459308	11.155397	0.255952	-0.230078	-5.167132	0.781613	0.514508	1.615027	0.340639	0.125128
0.981302	0.008914	0.071775	-1.345706	-0.044728	0.012998	-0.058387	-0.041221	-0.095054	-0.254844	0.068649	0.053688	-1.852803	1.054770	1.017782	11.776425	0.248209	-0.205342	-4.545075	0.558199	0.684671	0.612770	0.357715	0.148113
0.954506	0.017363	0.077270	-1.223935	-0.042372	0.011225	-0.096994	-0.037796	-0.086719	-0.260315	0.072305	0.055372	-2.679522	0.844850	0.549470	12.177061	0.235559	-0.177314	-3.860676	0.342521	0.833466	-0.547118	0.365542	0.168434
0.920510	0.023786	0.078142	-1.100586	-0.040186	0.009756	-0.128402	-0.036278	-0.077182	-0.278561	0.075953	0.057223	-3.399638	0.642301	0.087174	12.334909	0.218630	-0.146907	-3.140830	0.151789	0.953715	-1.824603	0.364794	0.185027
0.880634	0.028361	0.074785	-0.978288	-0.038204	0.008606	-0.152507	-0.036292	-0.066733	-0.310287	0.079526	0.059200	-3.987621	0.457547	-0.335616	12.229846	0.198227	-0.115023	-2.410481	-0.001439	1.044934	-3.172563	0.357315	0.197747
0.836462	0.031330	0.067906	-0.859824	-0.036451	0.007779	-0.169395	-0.037382	-0.055615	-0.355687	0.082984	0.061273	-4.417176	0.296813	-0.687900	11.846342	0.175259	-0.082698	-1.688839	-0.109010	1.111782	-4.540021	0.345819	0.207314
0.789828	0.032973	0.058460	-0.748057	-0.034945	0.007267	-0.179258	-0.039040	-0.043995	-0.414448	0.086317	0.063423	-4.663356	0.164388	-0.944628	11.176702	0.150639	-0.051197	-0.986255	-0.165810	1.162049	-5.876150	0.333295	0.214993
0.742759	0.033627	0.047563	-0.645803	-0.033692	0.007048	-0.182292	-0.040722	-0.031962	-0.485789	0.089541	0.065645	-4.706991	0.065368	-1.089736	10.225458	0.125213	-0.021913	-0.303447	-0.168215	1.203265	-7.134042	0.322375	0.222235
0.697355	0.033702	0.036379	-0.555664	-0.032695	0.007087	-0.178619	-0.041850	-0.019557	-0.568529	0.092689	0.067948	-4.540325	0.007493	-1.118351	9.013892	0.099776	0.003864	0.367342	-0.112714	1.240530	-8.274015	0.314797	0.230245
0.655641	0.033706	0.026004	-0.479838	-0.031943	0.007339	-0.168224	-0.041809	-0.006794	-0.661185	0.095799	0.070343	-4.171412	0.000370	-1.037508	7.582607	0.075157	0.025216	1.039516	0.004008	1.276234	-9.265606	0.311048	0.239488
0.619390	0.034220	0.017354	-0.419931	-0.031420	0.007757	-0.150945	-0.039989	0.006300	-0.762061	0.098902	0.072837	-3.625129	0.051462	-0.864973	5.990635	0.052310	0.041809	1.727839	0.182048	1.309451	-10.087548	0.310291	0.249375
0.589980	0.035827	0.011091	-0.376818	-0.031097	0.008297	-0.126505	-0.035854	0.019648	-0.869322	0.102008	0.075420	-2.941018	0.160647	-0.626346	4.311389	0.032321	0.054009	2.444005	0.413479	1.334766	-10.726121	0.310603	0.258312
0.568283	0.038997	0.007572	-0.350550	-0.030934	0.008924	-0.094571	-0.029060	0.033075	-0.981051	0.105102	0.078060	-2.169651	0.317041	-0.351895	2.626713	0.016292	0.062749	3.193457	0.679370	1.342694	-11.172905	0.309417	0.264078
0.554598	0.044003	0.006824	-0.340352	-0.030882	0.009615	-0.054833	-0.019550	0.046297	-1.095278	0.108143	0.080704	-1.368521	0.500629	-0.074762	1.019826	0.005139	0.069071	3.973767	0.951044	1.322172	-11.422710	0.304061	0.264352
0.548617	0.050879	0.008529	-0.344666	-0.030889	0.010351	-0.007091	-0.007597	0.058929	-1.210000	0.111065	0.083276	-0.598049	0.687530	0.170457	-0.431370	-0.000628	0.073585	4.774195	1.195262	1.263287	-11.472162	0.292210	0.257182
0.549427	0.059429	0.012045	-0.361249	-0.030899	0.011114	0.048668	0.006212	0.070516	-1.323191	0.113787	0.085688	0.080907	0.855021	0.351622	-1.658270	-0.001039	0.076298	5.575930	1.380899	1.158704	-11.319155	0.272150	0.241267
0.555504	0.069267	0.016502	-0.387275	-0.030866	0.011883	0.112193	0.021053	0.080556	-1.432821	0.116216	0.087849	0.607790	0.983786	0.445638	-2.602593	0.003301	0.076890	6.352479	1.484184	1.003920	-10.962977	0.242897	0.216055
0.564748	0.079853	0.020929	-0.419452	-0.030753	0.012635	0.182898	0.035966	0.088530	-1.536868	0.118258	0.089667	0.924371	1.058630	0.442772	-3.217786	0.011271	0.075236	7.070499	1.491234	0.797417	-10.404735	0.204257	0.181763
0.574564	0.090546	0.024385	-0.454192	-0.030540	0.013355	0.259815	0.049948	0.093944	-1.633349	0.119826	0.091060	0.981630	1.069328	0.345579	-3.473909	0.021299	0.071938	7.691707	1.398228	0.541416	-9.648115	0.156829	0.139349
0.582070	0.100654	0.026062	-0.487843	-0.030226	0.014040	0.341572	0.062051	0.096374	-1.720356	0.120845	0.091964	0.750546	1.010742	0.167656	-3.365114	0.031460	0.068556	8.175696	1.210267	0.243012	-8.700713	0.101876	0.090352
0.584391	0.109470	0.025426	-0.517004	-0.029828	0.014711	0.426409	0.071448	0.095526	-1.796115	0.121256	0.092330	0.232081	0.881611	-0.063569	-2.916176	0.039745	0.067039	8.483733	0.939720	-0.084808	-7.575815	0.041068	0.036602
0.579015	0.116302	0.022368	-0.538844	-0.029384	0.015396	0.512263	0.077487	0.091294	-1.859054	0.121018	0.092129	-0.537615	0.683176	-0.305828	-2.183928	0.044475	0.068530	8.585373	0.603879	-0.423187	-6.293916	-0.023805	-0.020098
0.564124	0.120493	0.017265	-0.551347	-0.028938	0.016122	0.596943	0.079707	0.083794	-1.907883	0.120108	0.091347	-1.489090	0.419099	-0.510317	-1.250293	0.044604	0.072652	8.467968	0.222019	-0.750028	-4.882944	-0.091031	-0.078135
0.538822	0.121472	0.010889	-0.553430	-0.028541	0.016902	0.678371	0.077846	0.073344	-1.941647	0.118518	0.089988	-2.530173	0.097976	-0.637509	-0.208326	0.039665	0.077974	8.142848	-0.186122	-1.044962	-3.376332	-0.158964	-0.135966
0.503185	0.118841	0.004188	-0.544908	-0.028246	0.017733	0.754782	0.071851	0.060411	-1.959739	0.116260	0.088069	-3.563652	-0.263127	-0.670146	0.852143	0.029478	0.083104	7.641094	-0.599450	-1.293373	-1.809207	-0.225838	-0.191827
0.458135	0.112455	-0.001971	-0.526373	-0.028106	0.018608	0.824796	0.061905	0.045535	-1.961884	0.113364	0.085634	-4.505039	-0.638590	-0.615859	1.853517	0.014031	0.087452	7.001388	-0.994655	-1.487523	-0.214535	-0.289580	-0.243562
0.405203	0.102467	-0.006985	-0.499042	-0.028171	0.019521	0.887385	0.048427	0.029275	-1.948096	0.109885	0.082746	-5.293211	-0.998817	-0.501395	2.733156	-0.006466	0.091300	6.258899	-1.347797	-1.626020	1.378823	-0.347844	-0.288773
0.346279	0.089302	-0.010630	-0.464623	-0.028486	0.020474	0.941784	0.032047	0.012149	-1.918637	0.105902	0.079494	-5.892400	-1.316522	-0.364548	3.441861	-0.031546	0.095371	5.439891	-1.637962	-1.712654	2.945904	-0.398350	-0.325252
0.283393	0.073584	-0.013101	-0.425212	-0.029091	0.021478	0.987396	0.013536	-0.005397	-1.873993	0.101508	0.075979	-6.288573	-1.571834	-0.247144	3.941144	-0.060542	0.100362	4.561206	-1.851082	-1.754601	4.464387	-0.439354	-0.351423
0.218551	0.056039	-0.014982	-0.383188	-0.030018	0.022546	1.023723	-0.006280	-0.022998	-1.814859	0.096809	0.072314	-6.484207	-1.754477	-0.188052	4.202321	-0.092614	0.106802	3.632732	-1.981608	-1.760088	5.913376	-0.469876	-0.366554
0.153611	0.037419	-0.017124	-0.341105	-0.031285	0.023698	1.050337	-0.026586	-0.040357	-1.742135	0.091913	0.068606	-6.494027	-1.862008	-0.214199	4.208315	-0.126698	0.115200	2.661392	-2.030587	-1.735877	7.272430	-0.489614	-0.370739
0.090198	0.018464	-0.020429	-0.301551	-0.032899	0.024959	1.066893	-0.046603	-0.057209	-1.656930	0.086926	0.064958	-6.341244	-1.895490	-0.330540	3.955402	-0.161443	0.126147	1.655567	-2.001716	-1.685217	8.520480	-0.498760	-0.364790
0.029678	-0.000097	-0.025579	-0.267038	-0.034851	0.026360	1.073182	-0.065592	-0.073278	-1.560583	0.081946	0.061457	-6.052055	-1.856076	-0.515005	3.451337	-0.195223	0.140046	0.628929	-1.898941	-1.606894	9.634733	-0.497941	-0.350134
-0.026808	-0.017545	-0.032835	-0.239933	-0.037114	0.027927	1.069211	-0.082862	-0.088239	-1.454681	0.077064	0.058171	-5.648585	-1.744804	-0.725592	2.710524	-0.226277	0.156692	-0.397134	-1.727004	-1.496051	10.590191	-0.488225	-0.328653
-0.078250	-0.033193	-0.042001	-0.222426	-0.039642	0.029677	1.055283	-0.097794	-0.101710	-1.341079	0.072354	0.055147	-5.144154	-1.564754	-0.916567	1.750694	-0.252840	0.175026	-1.392822	-1.493212	-1.347120	11.360156	-0.471012	-0.302403
-0.123693	-0.046424	-0.052524	-0.216489	-0.042374	0.031608	1.032071	-0.109879	-0.113286	-1.221906	0.067876	0.052414	-4.544324	-1.323150	-1.052338	0.593667	-0.273169	0.193110	-2.321186	-1.208422	-1.157585	11.917329	-0.447794	-0.273286
-0.162225	-0.056741	-0.063656	-0.223797	-0.045231	0.033692	1.000655	-0.118748	-0.122593	-1.099556	0.063677	0.049985	-3.853254	-1.031748	-1.113189	-0.730837	-0.285707	0.208393	-3.141569	-0.886896	-0.930692	12.235027	-0.419941	-0.242895
-0.193043	-0.063797	-0.074599	-0.245606	-0.048127	0.035876	0.962509	-0.124205	-0.129354	-0.976668	0.059791	0.047860	-3.081741	-0.705577	-1.094229	-2.180876	-0.289559	0.218385	-3.814573	-0.545717	-0.676169	12.288767	-0.388606	-0.212526
-0.215560	-0.067413	-0.084618	-0.282616	-0.050977	0.038091	0.919439	-0.126248	-0.133446	-0.856079	0.056244	0.046028	-2.251707	-0.361547	-1.001897	-3.700966	-0.285058	0.221521	-4.307054	-0.204336	-0.409200	12.058914	-0.354679	-0.183181
-0.229495	-0.067600	-0.093144	-0.334882	-0.053717	0.040268	0.873479	-0.125090	-0.134931	-0.740733	0.053056	0.044473	-1.393559	-0.018753	-0.852631	-5.226627	-0.273924	0.217668	-4.596007	0.115789	-0.148503	11.534601	-0.318797	-0.155460
-0.234879	-0.064604	-0.099872	-0.401816	-0.056304	0.042348	0.826767	-0.121173	-0.134072	-0.633550	0.050242	0.043179	-0.538335	0.299624	-0.672767	-6.693349	-0.258752	0.207969	-4.671157	0.391744	0.085970	10.718261	-0.281413	-0.129448
-0.231981	-0.058951	-0.104826	-0.482267	-0.058726	0.044290	0.781403	-0.115170	-0.131313	-0.537258	0.047813	0.042131	0.289734	0.565338	-0.495444	-8.045102	-0.242180	0.194260	-4.536439	0.600281	0.275902	9.629237	-0.242886	-0.104774
-0.221215	-0.051474	-0.108363	-0.574656	-0.060988	0.046074	0.739302	-0.107972	-0.127231	-0.454210	0.045777	0.041322	1.076595	0.747713	-0.353749	-9.238916	-0.226234	0.178403	-4.210062	0.719821	0.408163	8.304820	-0.203566	-0.080890
-0.203036	-0.043272	-0.111090	-0.677111	-0.063108	0.047692	0.702077	-0.100634	-0.122452	-0.386228	0.044138	0.040748	1.817959	0.820194	-0.272688	-10.245475	-0.212028	0.161748	-3.722528	0.733795	0.477924	6.798165	-0.163885	-0.057421
-0.177864	-0.035590	-0.113725	-0.787585	-0.065106	0.049141	0.670947	-0.094279	-0.117565	-0.334483	0.042893	0.040405	2.517145	0.768108	-0.263471	-11.047489	-0.199751	0.144886	-3.112998	0.635475	0.488644	5.174451	-0.124481	-0.034274
-0.146040	-0.029655	-0.116951	-0.903957	-0.066995	0.050418	0.646690	-0.089958	-0.113079	-0.299413	0.042031	0.040291	3.182412	0.593584	-0.322637	-11.637177	-0.188871	0.127722	-2.425713	0.432069	0.448629	3.506995	-0.086258	-0.011447
-0.107801	-0.026499	-0.121303	-1.024092	-0.068779	0.051515	0.629614	-0.088515	-0.109391	-0.280683	0.041527	0.040401	3.823947	0.315588	-0.435156	-12.013446	-0.178470	0.109769	-1.707621	0.144379	0.368770	1.873065	-0.050360	0.011084
-0.063292	-0.026838	-0.127090	-1.145885	-0.070455	0.052420	0.619549	-0.090499	-0.106745	-0.277201	0.041346	0.040732	4.450869	-0.033917	-0.578728	-12.179308	-0.167574	0.090492	-1.006472	-0.198414	0.264671	0.348173	-0.018102	0.033079
-0.012604	-0.030992	-0.134364	-1.267284	-0.072009	0.053116	0.615862	-0.096143	-0.105162	-0.287203	0.041437	0.041268	5.068803	-0.415410	-0.727345	-12.139909	-0.155353	0.069521	-0.368681	-0.564411	0.158310	-1.000216	0.009080	0.053595
0.044174	-0.038863	-0.142901	-1.386295	-0.073421	0.053583	0.617479	-0.105348	-0.104444	-0.308368	0.041735	0.041977	5.677811	-0.787056	-0.853687	-11.901161	-0.141196	0.046739	0.161685	-0.920497	0.071749	-2.116447	0.029808	0.070926
0.106879	-0.049956	-0.152211	-1.500985	-0.074668	0.053805	0.622898	-0.117657	-0.104286	-0.337932	0.042167	0.042809	6.270459	-1.109326	-0.931058	-11.469003	-0.124691	0.022245	0.541906	-1.230963	0.015774	-2.956467	0.043144	0.083165
0.175184	-0.063448	-0.161567	-1.609479	-0.075723	0.053768	0.630201	-0.132257	-0.104415	-0.372800	0.042657	0.043700	6.830585	-1.349243	-0.935597	-10.849371	-0.105552	-0.003747	0.730334	-1.459937	-0.012865	-3.486709	0.049041	0.089086
0.248516	-0.078285	-0.170059	-1.709967	-0.076559	0.053458	0.637108	-0.148057	-0.104620	-0.409667	0.043143	0.044587	7.333162	-1.483682	-0.849164	-10.048759	-0.083602	-0.030947	0.690699	-1.580050	-0.020499	-3.686754	0.048622	0.088758
0.325969	-0.093291	-0.176692	-1.800721	-0.077147	0.052868	0.641119	-0.163853	-0.104688	-0.445229	0.043584	0.045423	7.745259	-1.500609	-0.663325	-9.075428	-0.058793	-0.059003	0.401050	-1.579610	-0.006836	-3.556196	0.044098	0.083521
0.406264	-0.107281	-0.180517	-1.880134	-0.077459	0.051992	0.639751	-0.178469	-0.104385	-0.476440	0.043967	0.046175	8.029491	-1.399017	-0.382515	-7.941296	-0.031203	-0.087629	-0.136787	-1.461525	0.030336	-3.121067	0.038275	0.075277
0.487781	-0.119172	-0.180749	-1.946771	-0.077469	0.050825	0.630830	-0.190850	-0.103538	-0.500784	0.044305	0.046831	8.151754	-1.189028	-0.023226	-6.663656	-0.001000	-0.116690	-0.892070	-1.238093	0.084722	-2.434390	0.033836	0.065557
0.568693	-0.128081	-0.176846	-1.999426	-0.077154	0.049365	0.612759	-0.200131	-0.102136	-0.516471	0.044634	0.047382	8.091192	-0.890947	0.390349	-5.265522	0.031550	-0.146045	-1.807134	-0.928177	0.140143	-1.568747	0.032848	0.055082
0.647164	-0.133399	-0.168527	-2.037172	-0.076493	0.047612	0.584703	-0.205701	-0.100339	-0.522515	0.045001	0.047823	7.847060	-0.531831	0.831854	-3.774603	0.066047	-0.175265	-2.805637	-0.556999	0.179735	-0.604386	0.036740	0.044140
0.721548	-0.134812	-0.155759	-2.059387	-0.075474	0.045577	0.546662	-0.207252	-0.098384	-0.518704	0.045465	0.048156	7.438425	-0.141216	1.276835	-2.221526	0.101899	-0.203506	-3.804108	-0.155084	0.195530	0.381080	0.046406	0.033239
0.790515	-0.132291	-0.138731	-2.065762	-0.074092	0.043282	0.499425	-0.204801	-0.096474	-0.505526	0.046087	0.048389	6.896668	0.252104	1.702813	-0.637471	0.138246	-0.229530	-4.723678	0.245110	0.190933	1.317847	0.062144	0.023340
0.853066	-0.126062	-0.117857	-2.056280	-0.072352	0.040763	0.444437	-0.198667	-0.094684	-0.484081	0.046923	0.048545	6.255102	0.622879	2.087442	0.948130	0.173933	-0.251852	-5.498811	0.613412	0.179049	2.144491	0.083627	0.015565
0.908478	-0.116540	-0.093771	-2.031192	-0.070276	0.038073	0.383619	-0.189408	-0.092886	-0.456007	0.048023	0.048653	5.541268	0.952164	2.408505	2.508806	0.207628	-0.268987	-6.081730	0.925951	0.179804	2.807337	0.109999	0.010804
0.956220	-0.104259	-0.067318	-1.990982	-0.067896	0.035277	0.319178	-0.177730	-0.090741	-0.423391	0.049422	0.048748	4.774130	1.228134	2.645306	4.021076	0.238015	-0.279690	-6.444116	1.167724	0.214469	3.261679	0.139952	0.009569
0.995870	-0.089818	-0.039521	-1.936342	-0.065257	0.032446	0.253404	-0.164408	-0.087761	-0.388642	0.051140	0.048870	3.965050	1.444112	2.779744	5.463926	0.263916	-0.283078	-6.577431	1.332208	0.297984	3.474897	0.171793	0.012117
1.027079	-0.073857	-0.011549	-1.868161	-0.062413	0.029659	0.188491	-0.150218	-0.083453	-0.354350	0.053176	0.049056	3.120876	1.596022	2.797200	6.818108	0.284398	-0.278701	-6.491334	1.418993	0.430844	3.429137	0.203595	0.018663
1.049559	-0.057041	0.015335	-1.787509	-0.059423	0.026993	0.126402	-0.135902	-0.077498	-0.323142	0.055511	0.049351	2.247971	1.681614	2.688395	8.065217	0.298936	-0.266619	-6.208810	1.431669	0.595488	3.120845	0.233429	0.029436
1.063119	-0.040029	0.039862	-1.695642	-0.056348	0.024518	0.068816	-0.122131	-0.069870	-0.297571	0.058107	0.049795	1.356030	1.701266	2.452701	9.186689	0.307542	-0.247424	-5.758598	1.377030	0.762779	2.557109	0.259643	0.044434
1.067722	-0.023439	0.060873	-1.594012	-0.053241	0.022297	0.017127	-0.109474	-0.060827	-0.280046	0.060917	0.050426	0.460284	1.658946	2.101145	10.163035	0.310728	-0.222113	-5.168907	1.265703	0.904333	1.752511	0.281000	0.063146
1.063533	-0.007815	0.077438	-1.484277	-0.050148	0.020378	-0.027533	-0.098343	-0.050809	-0.272753	0.063884	0.051272	-0.418819	1.562454	1.656502	10.973490	0.309301	-0.191907	-4.466017	1.113121	1.001742	0.729234	0.296684	0.084518
1.050953	0.006412	0.088945	-1.368316	-0.047106	0.018797	-0.064304	-0.088952	-0.040310	-0.277562	0.066947	0.052342	-1.258019	1.422639	1.150684	11.596104	0.304146	-0.158128	-3.677109	0.939146	1.049959	-0.480832	0.306312	0.107091
1.030615	0.018929	0.095163	-1.248236	-0.044145	0.017575	-0.092644	-0.081296	-0.029755	-0.295904	0.070048	0.053636	-2.033851	1.251697	0.621723	12.008040	0.296081	-0.122155	-2.834049	0.765534	1.055507	-1.834207	0.310102	0.129308
1.003379	0.029542	0.096269	-1.126376	-0.041288	0.016721	-0.112389	-0.075178	-0.019448	-0.328662	0.073139	0.055136	-2.723559	1.061338	0.110672	12.185970	0.285766	-0.085453	-1.974417	0.611822	1.030636	-3.275876	0.309097	0.150000
0.970337	0.038159	0.092843	-1.005304	-0.038552	0.016225	-0.123759	-0.070262	-0.009572	-0.376092	0.076190	0.056823	-3.304203	0.861662	-0.342590	12.107162	0.273606	-0.049578	-1.137057	0.491553	0.987606	-4.742926	0.305145	0.168738
0.932821	0.044772	0.085798	-0.887783	-0.035955	0.016064	-0.127293	-0.066152	-0.000202	-0.437805	0.079195	0.058681	-3.751615	0.661361	-0.704565	11.752143	0.259670	-0.016137	-0.353399	0.411096	0.937057	-6.171294	0.300454	0.185790
0.892410	0.049470	0.076266	-0.776694	-0.033518	0.016196	-0.123689	-0.062434	0.008691	-0.512832	0.082164	0.060699	-4.041122	0.469757	-0.953190	11.108907	0.243690	0.013292	0.360392	0.371714	0.889267	-7.502764	0.296942	0.201798
0.850897	0.052470	0.065453	-0.674915	-0.031266	0.016568	-0.113627	-0.058701	0.017234	-0.599731	0.085121	0.062872	-4.151263	0.300025	-1.081260	10.177912	0.225166	0.037195	1.006178	0.373300	0.854345	-8.689868	0.295707	0.217351
0.810198	0.054182	0.054481	-0.585144	-0.029231	0.017111	-0.097620	-0.054530	0.025631	-0.696710	0.088089	0.065198	-4.069953	0.171161	-1.097233	8.977016	0.203568	0.054256	1.600752	0.417094	0.839618	-9.697879	0.296740	0.232571
0.772192	0.055238	0.044250	-0.509694	-0.027444	0.017748	-0.075931	-0.049476	0.034092	-0.801752	0.091078	0.067666	-3.800561	0.105578	-1.023041	7.545053	0.178626	0.063693	2.168931	0.505462	0.846189	-10.504199	0.298945	0.246841
0.738546	0.056451	0.035366	-0.450271	-0.025938	0.018405	-0.048568	-0.043087	0.042773	-0.912714	0.094083	0.070254	-3.364647	0.121387	-0.888481	5.942246	0.150650	0.065692	2.736285	0.638888	0.868060	-11.096198	0.300424	0.258769
0.710545	0.058678	0.028137	-0.407809	-0.024731	0.019021	-0.015331	-0.034969	0.051716	-1.027397	0.097072	0.072919	-2.800082	0.222702	-0.722901	4.246259	0.120721	0.061568	3.323704	0.811796	0.894256	-11.468358	0.298948	0.266437
0.688982	0.062621	0.022656	-0.382362	-0.023825	0.019555	0.024107	-0.024874	0.060833	-1.143591	0.099997	0.075597	-2.156229	0.394222	-0.548083	2.544660	0.090615	0.053431	3.943775	1.009487	0.911754	-11.619343	0.292446	0.267875
0.674092	0.068660	0.018887	-0.373098	-0.023200	0.019990	0.070092	-0.012793	0.069910	-1.259090	0.102790	0.078212	-1.489028	0.603891	-0.376903	0.926386	0.062474	0.043526	4.598530	1.208157	0.907705	-11.549977	0.279326	0.261487
0.665514	0.076774	0.016716	-0.378350	-0.022816	0.020326	0.122877	0.000992	0.078616	-1.371717	0.105376	0.080675	-0.857819	0.811484	-0.217088	-0.525116	0.038390	0.033619	5.278446	1.378437	0.870597	-11.262703	0.258591	0.246268
0.662273	0.086552	0.015965	-0.395712	-0.022616	0.020573	0.182500	0.015903	0.086521	-1.479339	0.107674	0.082893	-0.324077	0.977809	-0.075049	-1.736209	0.019990	0.024685	5.962310	1.491112	0.790468	-10.762160	0.229831	0.221832
0.662774	0.097263	0.016396	-0.422171	-0.022535	0.020743	0.248681	0.031130	0.093111	-1.579901	0.109606	0.084777	0.050041	1.071024	0.043014	-2.645965	0.008121	0.017023	6.618144	1.522727	0.659023	-10.056166	0.193180	0.188371
0.664841	0.107966	0.017701	-0.454271	-0.022508	0.020851	0.320741	0.045725	0.097817	-1.671470	0.111099	0.086243	0.206767	1.070365	0.130573	-3.209946	0.002715	0.010796	7.205951	1.459478	0.470608	-9.156920	0.149287	0.146623
0.665870	0.117655	0.019489	-0.488335	-0.022479	0.020918	0.397561	0.058715	0.100056	-1.752297	0.112092	0.087222	0.102902	0.968899	0.178738	-3.406450	0.002851	0.006617	7.682023	1.299033	0.223851	-8.082711	0.099290	0.097845
0.663088	0.125399	0.021249	-0.520772	-0.022409	0.020972	0.477598	0.069219	0.099285	-1.820895	0.112539	0.087659	-0.278192	0.774390	0.176074	-3.243693	0.007033	0.005483	8.003646	1.050405	-0.077079	-6.859838	0.044739	0.043719
0.653908	0.130463	0.022382	-0.548410	-0.022273	0.021051	0.558945	0.076538	0.095063	-1.876134	0.112414	0.087520	-0.918006	0.506390	0.113288	-2.763778	0.013563	0.007897	8.134778	0.731894	-0.422159	-5.523837	-0.012542	-0.013844
0.636302	0.132357	0.022294	-0.568802	-0.022064	0.021181	0.639491	0.080210	0.087109	-1.917325	0.111707	0.086791	-1.760666	0.189425	-0.008812	-2.039150	0.020925	0.012997	8.054563	0.367200	-0.795422	-4.119135	-0.070632	-0.072884
0.609112	0.130813	0.020571	-0.580405	-0.021783	0.021369	0.717151	0.080022	0.075362	-1.944293	0.110431	0.085478	-2.719008	-0.154447	-0.172269	-1.160397	0.028072	0.018751	7.766014	-0.018799	-1.174665	-2.696831	-0.127581	-0.131391
0.572215	0.125738	0.017131	-0.582609	-0.021438	0.021599	0.790123	0.076001	0.060038	-1.957403	0.108618	0.083606	-3.689660	-0.507443	-0.344066	-0.220346	0.034473	0.023063	7.297201	-0.402092	-1.532421	-1.310924	-0.181311	-0.187136
0.526490	0.117227	0.012232	-0.575627	-0.021040	0.021846	0.857048	0.068411	0.041641	-1.957543	0.106323	0.081230	-4.572516	-0.851138	-0.489930	0.698161	0.039896	0.024698	6.692533	-0.759070	-1.839718	-0.014009	-0.229540	-0.237579
0.473619	0.105601	0.006350	-0.560342	-0.020598	0.022081	0.917056	0.057748	0.020925	-1.946080	0.103624	0.078430	-5.287125	-1.162572	-0.588143	1.528539	0.044189	0.023477	6.000773	-1.066277	-2.071609	1.146304	-0.269881	-0.280022
0.415805	0.091434	0.000013	-0.538116	-0.020125	0.022281	0.969721	0.044722	-0.001195	-1.924783	0.100623	0.075311	-5.781357	-1.416784	-0.633732	2.222583	0.047242	0.020020	5.266453	-1.302566	-2.211975	2.129691	-0.300124	-0.311943
0.355490	0.075503	-0.006344	-0.510625	-0.019635	0.022435	1.014981	0.030189	-0.023751	-1.895738	0.097437	0.071997	-6.031521	-1.593063	-0.635719	2.749138	0.048989	0.015327	4.526076	-1.453326	-2.255664	2.904445	-0.318542	-0.331357
0.295121	0.058699	-0.012451	-0.479718	-0.019142	0.022538	1.053059	0.015046	-0.045827	-1.861254	0.094196	0.068626	-6.036844	-1.680345	-0.610650	3.090643	0.049368	0.010322	3.807732	-1.514284	-2.207552	3.448472	-0.324138	-0.337122
0.236987	0.041909	-0.018184	-0.447309	-0.018659	0.022594	1.084385	0.000127	-0.066625	-1.823748	0.091028	0.065334	-5.813413	-1.679075	-0.573273	3.240883	0.048302	0.005584	3.132598	-1.491946	-2.079798	3.750594	-0.316818	-0.329155
0.183077	0.025918	-0.023478	-0.415251	-0.018201	0.022608	1.109553	-0.013877	-0.085515	-1.785622	0.088054	0.062250	-5.391069	-1.599105	-0.529466	3.205799	0.045733	0.001438	2.516860	-1.400380	-1.888993	3.812545	-0.297430	-0.308473
0.134948	0.011356	-0.028253	-0.385199	-0.017784	0.022590	1.129281	-0.026449	-0.102057	-1.749105	0.085377	0.059479	-4.812826	-1.456122	-0.477445	3.005280	0.041681	-0.001841	1.972798	-1.257187	-1.654221	3.651724	-0.267694	-0.277050
0.093636	-0.001330	-0.032401	-0.358483	-0.017421	0.022549	1.144361	-0.037255	-0.116009	-1.716084	0.083077	0.057104	-4.131175	-1.268615	-0.414814	2.671522	0.036313	-0.004019	1.507954	-1.080606	-1.395229	3.302097	-0.230004	-0.237530
